asset_class,equity_market,portfolio_name,scenario,scenario_source,this_portfolio,val_type,ald_sector,technology,value,green,green_sum,year
Corporate Bonds,Global Market,Default Portfolio,1.5C,GECO2023,TRUE,Portfolio,Oil&Gas,Oil,0.5266,FALSE,1,2023
Corporate Bonds,Global Market,Default Portfolio,1.5C,GECO2023,TRUE,Portfolio,Oil&Gas,Oil,0.5411,FALSE,1,2028
Corporate Bonds,Global Market,Default Portfolio,NDC-LTS,GECO2023,TRUE,Portfolio,Oil&Gas,Oil,0.5266,FALSE,1,2023
Corporate Bonds,Global Market,Default Portfolio,NDC-LTS,GECO2023,TRUE,Portfolio,Oil&Gas,Oil,0.5411,FALSE,1,2028
Corporate Bonds,Global Market,Default Portfolio,Reference,GECO2023,TRUE,Portfolio,Oil&Gas,Oil,0.5266,FALSE,1,2023
Corporate Bonds,Global Market,Default Portfolio,Reference,GECO2023,TRUE,Portfolio,Oil&Gas,Oil,0.5411,FALSE,1,2028
Corporate Bonds,Global Market,Default Portfolio,1.5°C,ISF2023,TRUE,Portfolio,Oil&Gas,Oil,0.5266,FALSE,1,2023
Corporate Bonds,Global Market,Default Portfolio,1.5°C,ISF2023,TRUE,Portfolio,Oil&Gas,Oil,0.5411,FALSE,1,2028
Corporate Bonds,Global Market,Default Portfolio,APS,WEO2023,TRUE,Portfolio,Oil&Gas,Oil,0.5266,FALSE,1,2023
Corporate Bonds,Global Market,Default Portfolio,APS,WEO2023,TRUE,Portfolio,Oil&Gas,Oil,0.5411,FALSE,1,2028
Corporate Bonds,Global Market,Default Portfolio,NZE_2050,WEO2023,TRUE,Portfolio,Oil&Gas,Oil,0.5266,FALSE,1,2023
Corporate Bonds,Global Market,Default Portfolio,NZE_2050,WEO2023,TRUE,Portfolio,Oil&Gas,Oil,0.5411,FALSE,1,2028
Corporate Bonds,Global Market,Default Portfolio,STEPS,WEO2023,TRUE,Portfolio,Oil&Gas,Oil,0.5266,FALSE,1,2023
Corporate Bonds,Global Market,Default Portfolio,STEPS,WEO2023,TRUE,Portfolio,Oil&Gas,Oil,0.5411,FALSE,1,2028
Corporate Bonds,Global Market,Default Portfolio,1.5C,GECO2023,TRUE,Portfolio,Oil&Gas,Gas,0.4734,FALSE,1,2023
Corporate Bonds,Global Market,Default Portfolio,1.5C,GECO2023,TRUE,Portfolio,Oil&Gas,Gas,0.4589,FALSE,1,2028
Corporate Bonds,Global Market,Default Portfolio,NDC-LTS,GECO2023,TRUE,Portfolio,Oil&Gas,Gas,0.4734,FALSE,1,2023
Corporate Bonds,Global Market,Default Portfolio,NDC-LTS,GECO2023,TRUE,Portfolio,Oil&Gas,Gas,0.4589,FALSE,1,2028
Corporate Bonds,Global Market,Default Portfolio,Reference,GECO2023,TRUE,Portfolio,Oil&Gas,Gas,0.4734,FALSE,1,2023
Corporate Bonds,Global Market,Default Portfolio,Reference,GECO2023,TRUE,Portfolio,Oil&Gas,Gas,0.4589,FALSE,1,2028
Corporate Bonds,Global Market,Default Portfolio,1.5°C,ISF2023,TRUE,Portfolio,Oil&Gas,Gas,0.4734,FALSE,1,2023
Corporate Bonds,Global Market,Default Portfolio,1.5°C,ISF2023,TRUE,Portfolio,Oil&Gas,Gas,0.4589,FALSE,1,2028
Corporate Bonds,Global Market,Default Portfolio,APS,WEO2023,TRUE,Portfolio,Oil&Gas,Gas,0.4734,FALSE,1,2023
Corporate Bonds,Global Market,Default Portfolio,APS,WEO2023,TRUE,Portfolio,Oil&Gas,Gas,0.4589,FALSE,1,2028
Corporate Bonds,Global Market,Default Portfolio,NZE_2050,WEO2023,TRUE,Portfolio,Oil&Gas,Gas,0.4734,FALSE,1,2023
Corporate Bonds,Global Market,Default Portfolio,NZE_2050,WEO2023,TRUE,Portfolio,Oil&Gas,Gas,0.4589,FALSE,1,2028
Corporate Bonds,Global Market,Default Portfolio,STEPS,WEO2023,TRUE,Portfolio,Oil&Gas,Gas,0.4734,FALSE,1,2023
Corporate Bonds,Global Market,Default Portfolio,STEPS,WEO2023,TRUE,Portfolio,Oil&Gas,Gas,0.4589,FALSE,1,2028
Corporate Bonds,Global Market,Default Portfolio,1.5C,GECO2023,TRUE,Scenario,Oil&Gas,Oil,0.4497,FALSE,1,2028
Corporate Bonds,Global Market,Default Portfolio,NDC-LTS,GECO2023,TRUE,Scenario,Oil&Gas,Oil,0.464,FALSE,1,2028
Corporate Bonds,Global Market,Default Portfolio,Reference,GECO2023,TRUE,Scenario,Oil&Gas,Oil,0.4634,FALSE,1,2028
Corporate Bonds,Global Market,Default Portfolio,1.5°C,ISF2023,TRUE,Scenario,Oil&Gas,Oil,0.5062,FALSE,1,2028
Corporate Bonds,Global Market,Default Portfolio,APS,WEO2023,TRUE,Scenario,Oil&Gas,Oil,0.5256,FALSE,1,2028
Corporate Bonds,Global Market,Default Portfolio,NZE_2050,WEO2023,TRUE,Scenario,Oil&Gas,Oil,0.5196,FALSE,1,2028
Corporate Bonds,Global Market,Default Portfolio,STEPS,WEO2023,TRUE,Scenario,Oil&Gas,Oil,0.524,FALSE,1,2028
Corporate Bonds,Global Market,Default Portfolio,1.5C,GECO2023,TRUE,Scenario,Oil&Gas,Gas,0.5503,FALSE,1,2028
Corporate Bonds,Global Market,Default Portfolio,NDC-LTS,GECO2023,TRUE,Scenario,Oil&Gas,Gas,0.536,FALSE,1,2028
Corporate Bonds,Global Market,Default Portfolio,Reference,GECO2023,TRUE,Scenario,Oil&Gas,Gas,0.5366,FALSE,1,2028
Corporate Bonds,Global Market,Default Portfolio,1.5°C,ISF2023,TRUE,Scenario,Oil&Gas,Gas,0.4938,FALSE,1,2028
Corporate Bonds,Global Market,Default Portfolio,APS,WEO2023,TRUE,Scenario,Oil&Gas,Gas,0.4744,FALSE,1,2028
Corporate Bonds,Global Market,Default Portfolio,NZE_2050,WEO2023,TRUE,Scenario,Oil&Gas,Gas,0.4804,FALSE,1,2028
Corporate Bonds,Global Market,Default Portfolio,STEPS,WEO2023,TRUE,Scenario,Oil&Gas,Gas,0.476,FALSE,1,2028
Corporate Bonds,Global Market,iShares Global Corp Bond UCITS ETF,1.5C,GECO2023,FALSE,Benchmark,Oil&Gas,Oil,0.5711,FALSE,1,2023
Corporate Bonds,Global Market,iShares Global Corp Bond UCITS ETF,1.5C,GECO2023,FALSE,Benchmark,Oil&Gas,Oil,0.6015,FALSE,1,2028
Corporate Bonds,Global Market,iShares Global Corp Bond UCITS ETF,NDC-LTS,GECO2023,FALSE,Benchmark,Oil&Gas,Oil,0.5711,FALSE,1,2023
Corporate Bonds,Global Market,iShares Global Corp Bond UCITS ETF,NDC-LTS,GECO2023,FALSE,Benchmark,Oil&Gas,Oil,0.6015,FALSE,1,2028
Corporate Bonds,Global Market,iShares Global Corp Bond UCITS ETF,Reference,GECO2023,FALSE,Benchmark,Oil&Gas,Oil,0.5711,FALSE,1,2023
Corporate Bonds,Global Market,iShares Global Corp Bond UCITS ETF,Reference,GECO2023,FALSE,Benchmark,Oil&Gas,Oil,0.6015,FALSE,1,2028
Corporate Bonds,Global Market,iShares Global Corp Bond UCITS ETF,1.5°C,ISF2023,FALSE,Benchmark,Oil&Gas,Oil,0.5711,FALSE,1,2023
Corporate Bonds,Global Market,iShares Global Corp Bond UCITS ETF,1.5°C,ISF2023,FALSE,Benchmark,Oil&Gas,Oil,0.6015,FALSE,1,2028
Corporate Bonds,Global Market,iShares Global Corp Bond UCITS ETF,APS,WEO2023,FALSE,Benchmark,Oil&Gas,Oil,0.5711,FALSE,1,2023
Corporate Bonds,Global Market,iShares Global Corp Bond UCITS ETF,APS,WEO2023,FALSE,Benchmark,Oil&Gas,Oil,0.6015,FALSE,1,2028
Corporate Bonds,Global Market,iShares Global Corp Bond UCITS ETF,NZE_2050,WEO2023,FALSE,Benchmark,Oil&Gas,Oil,0.5711,FALSE,1,2023
Corporate Bonds,Global Market,iShares Global Corp Bond UCITS ETF,NZE_2050,WEO2023,FALSE,Benchmark,Oil&Gas,Oil,0.6015,FALSE,1,2028
Corporate Bonds,Global Market,iShares Global Corp Bond UCITS ETF,STEPS,WEO2023,FALSE,Benchmark,Oil&Gas,Oil,0.5711,FALSE,1,2023
Corporate Bonds,Global Market,iShares Global Corp Bond UCITS ETF,STEPS,WEO2023,FALSE,Benchmark,Oil&Gas,Oil,0.6015,FALSE,1,2028
Corporate Bonds,Global Market,iShares Global Corp Bond UCITS ETF,1.5C,GECO2023,FALSE,Benchmark,Oil&Gas,Gas,0.4289,FALSE,1,2023
Corporate Bonds,Global Market,iShares Global Corp Bond UCITS ETF,1.5C,GECO2023,FALSE,Benchmark,Oil&Gas,Gas,0.3985,FALSE,1,2028
Corporate Bonds,Global Market,iShares Global Corp Bond UCITS ETF,NDC-LTS,GECO2023,FALSE,Benchmark,Oil&Gas,Gas,0.4289,FALSE,1,2023
Corporate Bonds,Global Market,iShares Global Corp Bond UCITS ETF,NDC-LTS,GECO2023,FALSE,Benchmark,Oil&Gas,Gas,0.3985,FALSE,1,2028
Corporate Bonds,Global Market,iShares Global Corp Bond UCITS ETF,Reference,GECO2023,FALSE,Benchmark,Oil&Gas,Gas,0.4289,FALSE,1,2023
Corporate Bonds,Global Market,iShares Global Corp Bond UCITS ETF,Reference,GECO2023,FALSE,Benchmark,Oil&Gas,Gas,0.3985,FALSE,1,2028
Corporate Bonds,Global Market,iShares Global Corp Bond UCITS ETF,1.5°C,ISF2023,FALSE,Benchmark,Oil&Gas,Gas,0.4289,FALSE,1,2023
Corporate Bonds,Global Market,iShares Global Corp Bond UCITS ETF,1.5°C,ISF2023,FALSE,Benchmark,Oil&Gas,Gas,0.3985,FALSE,1,2028
Corporate Bonds,Global Market,iShares Global Corp Bond UCITS ETF,APS,WEO2023,FALSE,Benchmark,Oil&Gas,Gas,0.4289,FALSE,1,2023
Corporate Bonds,Global Market,iShares Global Corp Bond UCITS ETF,APS,WEO2023,FALSE,Benchmark,Oil&Gas,Gas,0.3985,FALSE,1,2028
Corporate Bonds,Global Market,iShares Global Corp Bond UCITS ETF,NZE_2050,WEO2023,FALSE,Benchmark,Oil&Gas,Gas,0.4289,FALSE,1,2023
Corporate Bonds,Global Market,iShares Global Corp Bond UCITS ETF,NZE_2050,WEO2023,FALSE,Benchmark,Oil&Gas,Gas,0.3985,FALSE,1,2028
Corporate Bonds,Global Market,iShares Global Corp Bond UCITS ETF,STEPS,WEO2023,FALSE,Benchmark,Oil&Gas,Gas,0.4289,FALSE,1,2023
Corporate Bonds,Global Market,iShares Global Corp Bond UCITS ETF,STEPS,WEO2023,FALSE,Benchmark,Oil&Gas,Gas,0.3985,FALSE,1,2028
