[{"asset_class":"Corporate Bonds","allocation":"portfolio_weight","equity_market":"Global Market","name":"Oil&Gas_plan","sector":"Oil&Gas","year":2023,"scenario":"1.5C","scenario_source":"GECO2023","plan":"plan","value":0.0788,"disabled":false,"unit":"tons of CO₂ per GJ","allocation_translation":"Portfolio Weight","asset_class_translation":"Corporate Bonds","equity_market_translation":"Global Market","sector_translation":"Oil & Gas","unit_translation":"tons of CO₂ per GJ"},{"asset_class":"Corporate Bonds","allocation":"portfolio_weight","equity_market":"Global Market","name":"Oil&Gas_scen","sector":"Oil&Gas","year":2023,"scenario":"1.5C","scenario_source":"GECO2023","plan":"scen","value":0.0788,"disabled":false,"unit":"tons of CO₂ per GJ","allocation_translation":"Portfolio Weight","asset_class_translation":"Corporate Bonds","equity_market_translation":"Global Market","sector_translation":"Oil & Gas","unit_translation":"tons of CO₂ per GJ"},{"asset_class":"Corporate Bonds","allocation":"portfolio_weight","equity_market":"Global Market","name":"Oil&Gas_plan","sector":"Oil&Gas","year":2024,"scenario":"1.5C","scenario_source":"GECO2023","plan":"plan","value":0.0788,"disabled":false,"unit":"tons of CO₂ per GJ","allocation_translation":"Portfolio Weight","asset_class_translation":"Corporate Bonds","equity_market_translation":"Global Market","sector_translation":"Oil & Gas","unit_translation":"tons of CO₂ per GJ"},{"asset_class":"Corporate Bonds","allocation":"portfolio_weight","equity_market":"Global Market","name":"Oil&Gas_scen","sector":"Oil&Gas","year":2024,"scenario":"1.5C","scenario_source":"GECO2023","plan":"scen","value":0.0736,"disabled":false,"unit":"tons of CO₂ per GJ","allocation_translation":"Portfolio Weight","asset_class_translation":"Corporate Bonds","equity_market_translation":"Global Market","sector_translation":"Oil & Gas","unit_translation":"tons of CO₂ per GJ"},{"asset_class":"Corporate Bonds","allocation":"portfolio_weight","equity_market":"Global Market","name":"Oil&Gas_plan","sector":"Oil&Gas","year":2025,"scenario":"1.5C","scenario_source":"GECO2023","plan":"plan","value":0.0785,"disabled":false,"unit":"tons of CO₂ per GJ","allocation_translation":"Portfolio Weight","asset_class_translation":"Corporate Bonds","equity_market_translation":"Global Market","sector_translation":"Oil & Gas","unit_translation":"tons of CO₂ per GJ"},{"asset_class":"Corporate Bonds","allocation":"portfolio_weight","equity_market":"Global Market","name":"Oil&Gas_scen","sector":"Oil&Gas","year":2025,"scenario":"1.5C","scenario_source":"GECO2023","plan":"scen","value":0.0685,"disabled":false,"unit":"tons of CO₂ per GJ","allocation_translation":"Portfolio Weight","asset_class_translation":"Corporate Bonds","equity_market_translation":"Global Market","sector_translation":"Oil & Gas","unit_translation":"tons of CO₂ per GJ"},{"asset_class":"Corporate Bonds","allocation":"portfolio_weight","equity_market":"Global Market","name":"Oil&Gas_plan","sector":"Oil&Gas","year":2026,"scenario":"1.5C","scenario_source":"GECO2023","plan":"plan","value":0.0788,"disabled":false,"unit":"tons of CO₂ per GJ","allocation_translation":"Portfolio Weight","asset_class_translation":"Corporate Bonds","equity_market_translation":"Global Market","sector_translation":"Oil & Gas","unit_translation":"tons of CO₂ per GJ"},{"asset_class":"Corporate Bonds","allocation":"portfolio_weight","equity_market":"Global Market","name":"Oil&Gas_scen","sector":"Oil&Gas","year":2026,"scenario":"1.5C","scenario_source":"GECO2023","plan":"scen","value":0.0635,"disabled":false,"unit":"tons of CO₂ per GJ","allocation_translation":"Portfolio Weight","asset_class_translation":"Corporate Bonds","equity_market_translation":"Global Market","sector_translation":"Oil & Gas","unit_translation":"tons of CO₂ per GJ"},{"asset_class":"Corporate Bonds","allocation":"portfolio_weight","equity_market":"Global Market","name":"Oil&Gas_plan","sector":"Oil&Gas","year":2027,"scenario":"1.5C","scenario_source":"GECO2023","plan":"plan","value":0.0788,"disabled":false,"unit":"tons of CO₂ per GJ","allocation_translation":"Portfolio Weight","asset_class_translation":"Corporate Bonds","equity_market_translation":"Global Market","sector_translation":"Oil & Gas","unit_translation":"tons of CO₂ per GJ"},{"asset_class":"Corporate Bonds","allocation":"portfolio_weight","equity_market":"Global Market","name":"Oil&Gas_scen","sector":"Oil&Gas","year":2027,"scenario":"1.5C","scenario_source":"GECO2023","plan":"scen","value":0.0586,"disabled":false,"unit":"tons of CO₂ per GJ","allocation_translation":"Portfolio Weight","asset_class_translation":"Corporate Bonds","equity_market_translation":"Global Market","sector_translation":"Oil & Gas","unit_translation":"tons of CO₂ per GJ"},{"asset_class":"Corporate Bonds","allocation":"portfolio_weight","equity_market":"Global Market","name":"Oil&Gas_plan","sector":"Oil&Gas","year":2028,"scenario":"1.5C","scenario_source":"GECO2023","plan":"plan","value":0.0787,"disabled":false,"unit":"tons of CO₂ per GJ","allocation_translation":"Portfolio Weight","asset_class_translation":"Corporate Bonds","equity_market_translation":"Global Market","sector_translation":"Oil & Gas","unit_translation":"tons of CO₂ per GJ"},{"asset_class":"Corporate Bonds","allocation":"portfolio_weight","equity_market":"Global Market","name":"Oil&Gas_scen","sector":"Oil&Gas","year":2028,"scenario":"1.5C","scenario_source":"GECO2023","plan":"scen","value":0.0539,"disabled":false,"unit":"tons of CO₂ per GJ","allocation_translation":"Portfolio Weight","asset_class_translation":"Corporate Bonds","equity_market_translation":"Global Market","sector_translation":"Oil & Gas","unit_translation":"tons of CO₂ per GJ"},{"asset_class":"Corporate Bonds","allocation":"portfolio_weight","equity_market":"Global Market","name":"Oil&Gas_plan","sector":"Oil&Gas","year":2023,"scenario":"NDC-LTS","scenario_source":"GECO2023","plan":"plan","value":0.0788,"disabled":false,"unit":"tons of CO₂ per GJ","allocation_translation":"Portfolio Weight","asset_class_translation":"Corporate Bonds","equity_market_translation":"Global Market","sector_translation":"Oil & Gas","unit_translation":"tons of CO₂ per GJ"},{"asset_class":"Corporate Bonds","allocation":"portfolio_weight","equity_market":"Global Market","name":"Oil&Gas_scen","sector":"Oil&Gas","year":2023,"scenario":"NDC-LTS","scenario_source":"GECO2023","plan":"scen","value":0.0788,"disabled":false,"unit":"tons of CO₂ per GJ","allocation_translation":"Portfolio Weight","asset_class_translation":"Corporate Bonds","equity_market_translation":"Global Market","sector_translation":"Oil & Gas","unit_translation":"tons of CO₂ per GJ"},{"asset_class":"Corporate Bonds","allocation":"portfolio_weight","equity_market":"Global Market","name":"Oil&Gas_plan","sector":"Oil&Gas","year":2024,"scenario":"NDC-LTS","scenario_source":"GECO2023","plan":"plan","value":0.0788,"disabled":false,"unit":"tons of CO₂ per GJ","allocation_translation":"Portfolio Weight","asset_class_translation":"Corporate Bonds","equity_market_translation":"Global Market","sector_translation":"Oil & Gas","unit_translation":"tons of CO₂ per GJ"},{"asset_class":"Corporate Bonds","allocation":"portfolio_weight","equity_market":"Global Market","name":"Oil&Gas_scen","sector":"Oil&Gas","year":2024,"scenario":"NDC-LTS","scenario_source":"GECO2023","plan":"scen","value":0.0759,"disabled":false,"unit":"tons of CO₂ per GJ","allocation_translation":"Portfolio Weight","asset_class_translation":"Corporate Bonds","equity_market_translation":"Global Market","sector_translation":"Oil & Gas","unit_translation":"tons of CO₂ per GJ"},{"asset_class":"Corporate Bonds","allocation":"portfolio_weight","equity_market":"Global Market","name":"Oil&Gas_plan","sector":"Oil&Gas","year":2025,"scenario":"NDC-LTS","scenario_source":"GECO2023","plan":"plan","value":0.0785,"disabled":false,"unit":"tons of CO₂ per GJ","allocation_translation":"Portfolio Weight","asset_class_translation":"Corporate Bonds","equity_market_translation":"Global Market","sector_translation":"Oil & Gas","unit_translation":"tons of CO₂ per GJ"},{"asset_class":"Corporate Bonds","allocation":"portfolio_weight","equity_market":"Global Market","name":"Oil&Gas_scen","sector":"Oil&Gas","year":2025,"scenario":"NDC-LTS","scenario_source":"GECO2023","plan":"scen","value":0.073,"disabled":false,"unit":"tons of CO₂ per GJ","allocation_translation":"Portfolio Weight","asset_class_translation":"Corporate Bonds","equity_market_translation":"Global Market","sector_translation":"Oil & Gas","unit_translation":"tons of CO₂ per GJ"},{"asset_class":"Corporate Bonds","allocation":"portfolio_weight","equity_market":"Global Market","name":"Oil&Gas_plan","sector":"Oil&Gas","year":2026,"scenario":"NDC-LTS","scenario_source":"GECO2023","plan":"plan","value":0.0788,"disabled":false,"unit":"tons of CO₂ per GJ","allocation_translation":"Portfolio Weight","asset_class_translation":"Corporate Bonds","equity_market_translation":"Global Market","sector_translation":"Oil & Gas","unit_translation":"tons of CO₂ per GJ"},{"asset_class":"Corporate Bonds","allocation":"portfolio_weight","equity_market":"Global Market","name":"Oil&Gas_scen","sector":"Oil&Gas","year":2026,"scenario":"NDC-LTS","scenario_source":"GECO2023","plan":"scen","value":0.0702,"disabled":false,"unit":"tons of CO₂ per GJ","allocation_translation":"Portfolio Weight","asset_class_translation":"Corporate Bonds","equity_market_translation":"Global Market","sector_translation":"Oil & Gas","unit_translation":"tons of CO₂ per GJ"},{"asset_class":"Corporate Bonds","allocation":"portfolio_weight","equity_market":"Global Market","name":"Oil&Gas_plan","sector":"Oil&Gas","year":2027,"scenario":"NDC-LTS","scenario_source":"GECO2023","plan":"plan","value":0.0788,"disabled":false,"unit":"tons of CO₂ per GJ","allocation_translation":"Portfolio Weight","asset_class_translation":"Corporate Bonds","equity_market_translation":"Global Market","sector_translation":"Oil & Gas","unit_translation":"tons of CO₂ per GJ"},{"asset_class":"Corporate Bonds","allocation":"portfolio_weight","equity_market":"Global Market","name":"Oil&Gas_scen","sector":"Oil&Gas","year":2027,"scenario":"NDC-LTS","scenario_source":"GECO2023","plan":"scen","value":0.0675,"disabled":false,"unit":"tons of CO₂ per GJ","allocation_translation":"Portfolio Weight","asset_class_translation":"Corporate Bonds","equity_market_translation":"Global Market","sector_translation":"Oil & Gas","unit_translation":"tons of CO₂ per GJ"},{"asset_class":"Corporate Bonds","allocation":"portfolio_weight","equity_market":"Global Market","name":"Oil&Gas_plan","sector":"Oil&Gas","year":2028,"scenario":"NDC-LTS","scenario_source":"GECO2023","plan":"plan","value":0.0787,"disabled":false,"unit":"tons of CO₂ per GJ","allocation_translation":"Portfolio Weight","asset_class_translation":"Corporate Bonds","equity_market_translation":"Global Market","sector_translation":"Oil & Gas","unit_translation":"tons of CO₂ per GJ"},{"asset_class":"Corporate Bonds","allocation":"portfolio_weight","equity_market":"Global Market","name":"Oil&Gas_scen","sector":"Oil&Gas","year":2028,"scenario":"NDC-LTS","scenario_source":"GECO2023","plan":"scen","value":0.065,"disabled":false,"unit":"tons of CO₂ per GJ","allocation_translation":"Portfolio Weight","asset_class_translation":"Corporate Bonds","equity_market_translation":"Global Market","sector_translation":"Oil & Gas","unit_translation":"tons of CO₂ per GJ"},{"asset_class":"Corporate Bonds","allocation":"portfolio_weight","equity_market":"Global Market","name":"Oil&Gas_plan","sector":"Oil&Gas","year":2023,"scenario":"Reference","scenario_source":"GECO2023","plan":"plan","value":0.0788,"disabled":false,"unit":"tons of CO₂ per GJ","allocation_translation":"Portfolio Weight","asset_class_translation":"Corporate Bonds","equity_market_translation":"Global Market","sector_translation":"Oil & Gas","unit_translation":"tons of CO₂ per GJ"},{"asset_class":"Corporate Bonds","allocation":"portfolio_weight","equity_market":"Global Market","name":"Oil&Gas_scen","sector":"Oil&Gas","year":2023,"scenario":"Reference","scenario_source":"GECO2023","plan":"scen","value":0.0788,"disabled":false,"unit":"tons of CO₂ per GJ","allocation_translation":"Portfolio Weight","asset_class_translation":"Corporate Bonds","equity_market_translation":"Global Market","sector_translation":"Oil & Gas","unit_translation":"tons of CO₂ per GJ"},{"asset_class":"Corporate Bonds","allocation":"portfolio_weight","equity_market":"Global Market","name":"Oil&Gas_plan","sector":"Oil&Gas","year":2024,"scenario":"Reference","scenario_source":"GECO2023","plan":"plan","value":0.0788,"disabled":false,"unit":"tons of CO₂ per GJ","allocation_translation":"Portfolio Weight","asset_class_translation":"Corporate Bonds","equity_market_translation":"Global Market","sector_translation":"Oil & Gas","unit_translation":"tons of CO₂ per GJ"},{"asset_class":"Corporate Bonds","allocation":"portfolio_weight","equity_market":"Global Market","name":"Oil&Gas_scen","sector":"Oil&Gas","year":2024,"scenario":"Reference","scenario_source":"GECO2023","plan":"scen","value":0.0762,"disabled":false,"unit":"tons of CO₂ per GJ","allocation_translation":"Portfolio Weight","asset_class_translation":"Corporate Bonds","equity_market_translation":"Global Market","sector_translation":"Oil & Gas","unit_translation":"tons of CO₂ per GJ"},{"asset_class":"Corporate Bonds","allocation":"portfolio_weight","equity_market":"Global Market","name":"Oil&Gas_plan","sector":"Oil&Gas","year":2025,"scenario":"Reference","scenario_source":"GECO2023","plan":"plan","value":0.0785,"disabled":false,"unit":"tons of CO₂ per GJ","allocation_translation":"Portfolio Weight","asset_class_translation":"Corporate Bonds","equity_market_translation":"Global Market","sector_translation":"Oil & Gas","unit_translation":"tons of CO₂ per GJ"},{"asset_class":"Corporate Bonds","allocation":"portfolio_weight","equity_market":"Global Market","name":"Oil&Gas_scen","sector":"Oil&Gas","year":2025,"scenario":"Reference","scenario_source":"GECO2023","plan":"scen","value":0.0738,"disabled":false,"unit":"tons of CO₂ per GJ","allocation_translation":"Portfolio Weight","asset_class_translation":"Corporate Bonds","equity_market_translation":"Global Market","sector_translation":"Oil & Gas","unit_translation":"tons of CO₂ per GJ"},{"asset_class":"Corporate Bonds","allocation":"portfolio_weight","equity_market":"Global Market","name":"Oil&Gas_plan","sector":"Oil&Gas","year":2026,"scenario":"Reference","scenario_source":"GECO2023","plan":"plan","value":0.0788,"disabled":false,"unit":"tons of CO₂ per GJ","allocation_translation":"Portfolio Weight","asset_class_translation":"Corporate Bonds","equity_market_translation":"Global Market","sector_translation":"Oil & Gas","unit_translation":"tons of CO₂ per GJ"},{"asset_class":"Corporate Bonds","allocation":"portfolio_weight","equity_market":"Global Market","name":"Oil&Gas_scen","sector":"Oil&Gas","year":2026,"scenario":"Reference","scenario_source":"GECO2023","plan":"scen","value":0.0714,"disabled":false,"unit":"tons of CO₂ per GJ","allocation_translation":"Portfolio Weight","asset_class_translation":"Corporate Bonds","equity_market_translation":"Global Market","sector_translation":"Oil & Gas","unit_translation":"tons of CO₂ per GJ"},{"asset_class":"Corporate Bonds","allocation":"portfolio_weight","equity_market":"Global Market","name":"Oil&Gas_plan","sector":"Oil&Gas","year":2027,"scenario":"Reference","scenario_source":"GECO2023","plan":"plan","value":0.0788,"disabled":false,"unit":"tons of CO₂ per GJ","allocation_translation":"Portfolio Weight","asset_class_translation":"Corporate Bonds","equity_market_translation":"Global Market","sector_translation":"Oil & Gas","unit_translation":"tons of CO₂ per GJ"},{"asset_class":"Corporate Bonds","allocation":"portfolio_weight","equity_market":"Global Market","name":"Oil&Gas_scen","sector":"Oil&Gas","year":2027,"scenario":"Reference","scenario_source":"GECO2023","plan":"scen","value":0.0691,"disabled":false,"unit":"tons of CO₂ per GJ","allocation_translation":"Portfolio Weight","asset_class_translation":"Corporate Bonds","equity_market_translation":"Global Market","sector_translation":"Oil & Gas","unit_translation":"tons of CO₂ per GJ"},{"asset_class":"Corporate Bonds","allocation":"portfolio_weight","equity_market":"Global Market","name":"Oil&Gas_plan","sector":"Oil&Gas","year":2028,"scenario":"Reference","scenario_source":"GECO2023","plan":"plan","value":0.0787,"disabled":false,"unit":"tons of CO₂ per GJ","allocation_translation":"Portfolio Weight","asset_class_translation":"Corporate Bonds","equity_market_translation":"Global Market","sector_translation":"Oil & Gas","unit_translation":"tons of CO₂ per GJ"},{"asset_class":"Corporate Bonds","allocation":"portfolio_weight","equity_market":"Global Market","name":"Oil&Gas_scen","sector":"Oil&Gas","year":2028,"scenario":"Reference","scenario_source":"GECO2023","plan":"scen","value":0.067,"disabled":false,"unit":"tons of CO₂ per GJ","allocation_translation":"Portfolio Weight","asset_class_translation":"Corporate Bonds","equity_market_translation":"Global Market","sector_translation":"Oil & Gas","unit_translation":"tons of CO₂ per GJ"},{"asset_class":"Corporate Bonds","allocation":"portfolio_weight","equity_market":"Global Market","name":"Oil&Gas_plan","sector":"Oil&Gas","year":2023,"scenario":"1.5°C","scenario_source":"ISF2023","plan":"plan","value":0.0788,"disabled":false,"unit":"tons of CO₂ per GJ","allocation_translation":"Portfolio Weight","asset_class_translation":"Corporate Bonds","equity_market_translation":"Global Market","sector_translation":"Oil & Gas","unit_translation":"tons of CO₂ per GJ"},{"asset_class":"Corporate Bonds","allocation":"portfolio_weight","equity_market":"Global Market","name":"Oil&Gas_scen","sector":"Oil&Gas","year":2023,"scenario":"1.5°C","scenario_source":"ISF2023","plan":"scen","value":0.0788,"disabled":false,"unit":"tons of CO₂ per GJ","allocation_translation":"Portfolio Weight","asset_class_translation":"Corporate Bonds","equity_market_translation":"Global Market","sector_translation":"Oil & Gas","unit_translation":"tons of CO₂ per GJ"},{"asset_class":"Corporate Bonds","allocation":"portfolio_weight","equity_market":"Global Market","name":"Oil&Gas_plan","sector":"Oil&Gas","year":2024,"scenario":"1.5°C","scenario_source":"ISF2023","plan":"plan","value":0.0788,"disabled":false,"unit":"tons of CO₂ per GJ","allocation_translation":"Portfolio Weight","asset_class_translation":"Corporate Bonds","equity_market_translation":"Global Market","sector_translation":"Oil & Gas","unit_translation":"tons of CO₂ per GJ"},{"asset_class":"Corporate Bonds","allocation":"portfolio_weight","equity_market":"Global Market","name":"Oil&Gas_scen","sector":"Oil&Gas","year":2024,"scenario":"1.5°C","scenario_source":"ISF2023","plan":"scen","value":0.0771,"disabled":false,"unit":"tons of CO₂ per GJ","allocation_translation":"Portfolio Weight","asset_class_translation":"Corporate Bonds","equity_market_translation":"Global Market","sector_translation":"Oil & Gas","unit_translation":"tons of CO₂ per GJ"},{"asset_class":"Corporate Bonds","allocation":"portfolio_weight","equity_market":"Global Market","name":"Oil&Gas_plan","sector":"Oil&Gas","year":2025,"scenario":"1.5°C","scenario_source":"ISF2023","plan":"plan","value":0.0785,"disabled":false,"unit":"tons of CO₂ per GJ","allocation_translation":"Portfolio Weight","asset_class_translation":"Corporate Bonds","equity_market_translation":"Global Market","sector_translation":"Oil & Gas","unit_translation":"tons of CO₂ per GJ"},{"asset_class":"Corporate Bonds","allocation":"portfolio_weight","equity_market":"Global Market","name":"Oil&Gas_scen","sector":"Oil&Gas","year":2025,"scenario":"1.5°C","scenario_source":"ISF2023","plan":"scen","value":0.0755,"disabled":false,"unit":"tons of CO₂ per GJ","allocation_translation":"Portfolio Weight","asset_class_translation":"Corporate Bonds","equity_market_translation":"Global Market","sector_translation":"Oil & Gas","unit_translation":"tons of CO₂ per GJ"},{"asset_class":"Corporate Bonds","allocation":"portfolio_weight","equity_market":"Global Market","name":"Oil&Gas_plan","sector":"Oil&Gas","year":2026,"scenario":"1.5°C","scenario_source":"ISF2023","plan":"plan","value":0.0788,"disabled":false,"unit":"tons of CO₂ per GJ","allocation_translation":"Portfolio Weight","asset_class_translation":"Corporate Bonds","equity_market_translation":"Global Market","sector_translation":"Oil & Gas","unit_translation":"tons of CO₂ per GJ"},{"asset_class":"Corporate Bonds","allocation":"portfolio_weight","equity_market":"Global Market","name":"Oil&Gas_scen","sector":"Oil&Gas","year":2026,"scenario":"1.5°C","scenario_source":"ISF2023","plan":"scen","value":0.0723,"disabled":false,"unit":"tons of CO₂ per GJ","allocation_translation":"Portfolio Weight","asset_class_translation":"Corporate Bonds","equity_market_translation":"Global Market","sector_translation":"Oil & Gas","unit_translation":"tons of CO₂ per GJ"},{"asset_class":"Corporate Bonds","allocation":"portfolio_weight","equity_market":"Global Market","name":"Oil&Gas_plan","sector":"Oil&Gas","year":2027,"scenario":"1.5°C","scenario_source":"ISF2023","plan":"plan","value":0.0788,"disabled":false,"unit":"tons of CO₂ per GJ","allocation_translation":"Portfolio Weight","asset_class_translation":"Corporate Bonds","equity_market_translation":"Global Market","sector_translation":"Oil & Gas","unit_translation":"tons of CO₂ per GJ"},{"asset_class":"Corporate Bonds","allocation":"portfolio_weight","equity_market":"Global Market","name":"Oil&Gas_scen","sector":"Oil&Gas","year":2027,"scenario":"1.5°C","scenario_source":"ISF2023","plan":"scen","value":0.0691,"disabled":false,"unit":"tons of CO₂ per GJ","allocation_translation":"Portfolio Weight","asset_class_translation":"Corporate Bonds","equity_market_translation":"Global Market","sector_translation":"Oil & Gas","unit_translation":"tons of CO₂ per GJ"},{"asset_class":"Corporate Bonds","allocation":"portfolio_weight","equity_market":"Global Market","name":"Oil&Gas_plan","sector":"Oil&Gas","year":2028,"scenario":"1.5°C","scenario_source":"ISF2023","plan":"plan","value":0.0787,"disabled":false,"unit":"tons of CO₂ per GJ","allocation_translation":"Portfolio Weight","asset_class_translation":"Corporate Bonds","equity_market_translation":"Global Market","sector_translation":"Oil & Gas","unit_translation":"tons of CO₂ per GJ"},{"asset_class":"Corporate Bonds","allocation":"portfolio_weight","equity_market":"Global Market","name":"Oil&Gas_scen","sector":"Oil&Gas","year":2028,"scenario":"1.5°C","scenario_source":"ISF2023","plan":"scen","value":0.0659,"disabled":false,"unit":"tons of CO₂ per GJ","allocation_translation":"Portfolio Weight","asset_class_translation":"Corporate Bonds","equity_market_translation":"Global Market","sector_translation":"Oil & Gas","unit_translation":"tons of CO₂ per GJ"},{"asset_class":"Corporate Bonds","allocation":"portfolio_weight","equity_market":"Global Market","name":"Oil&Gas_plan","sector":"Oil&Gas","year":2023,"scenario":"APS","scenario_source":"WEO2023","plan":"plan","value":0.0788,"disabled":false,"unit":"tons of CO₂ per GJ","allocation_translation":"Portfolio Weight","asset_class_translation":"Corporate Bonds","equity_market_translation":"Global Market","sector_translation":"Oil & Gas","unit_translation":"tons of CO₂ per GJ"},{"asset_class":"Corporate Bonds","allocation":"portfolio_weight","equity_market":"Global Market","name":"Oil&Gas_scen","sector":"Oil&Gas","year":2023,"scenario":"APS","scenario_source":"WEO2023","plan":"scen","value":0.0788,"disabled":false,"unit":"tons of CO₂ per GJ","allocation_translation":"Portfolio Weight","asset_class_translation":"Corporate Bonds","equity_market_translation":"Global Market","sector_translation":"Oil & Gas","unit_translation":"tons of CO₂ per GJ"},{"asset_class":"Corporate Bonds","allocation":"portfolio_weight","equity_market":"Global Market","name":"Oil&Gas_plan","sector":"Oil&Gas","year":2024,"scenario":"APS","scenario_source":"WEO2023","plan":"plan","value":0.0788,"disabled":false,"unit":"tons of CO₂ per GJ","allocation_translation":"Portfolio Weight","asset_class_translation":"Corporate Bonds","equity_market_translation":"Global Market","sector_translation":"Oil & Gas","unit_translation":"tons of CO₂ per GJ"},{"asset_class":"Corporate Bonds","allocation":"portfolio_weight","equity_market":"Global Market","name":"Oil&Gas_scen","sector":"Oil&Gas","year":2024,"scenario":"APS","scenario_source":"WEO2023","plan":"scen","value":0.0781,"disabled":false,"unit":"tons of CO₂ per GJ","allocation_translation":"Portfolio Weight","asset_class_translation":"Corporate Bonds","equity_market_translation":"Global Market","sector_translation":"Oil & Gas","unit_translation":"tons of CO₂ per GJ"},{"asset_class":"Corporate Bonds","allocation":"portfolio_weight","equity_market":"Global Market","name":"Oil&Gas_plan","sector":"Oil&Gas","year":2025,"scenario":"APS","scenario_source":"WEO2023","plan":"plan","value":0.0785,"disabled":false,"unit":"tons of CO₂ per GJ","allocation_translation":"Portfolio Weight","asset_class_translation":"Corporate Bonds","equity_market_translation":"Global Market","sector_translation":"Oil & Gas","unit_translation":"tons of CO₂ per GJ"},{"asset_class":"Corporate Bonds","allocation":"portfolio_weight","equity_market":"Global Market","name":"Oil&Gas_scen","sector":"Oil&Gas","year":2025,"scenario":"APS","scenario_source":"WEO2023","plan":"scen","value":0.0774,"disabled":false,"unit":"tons of CO₂ per GJ","allocation_translation":"Portfolio Weight","asset_class_translation":"Corporate Bonds","equity_market_translation":"Global Market","sector_translation":"Oil & Gas","unit_translation":"tons of CO₂ per GJ"},{"asset_class":"Corporate Bonds","allocation":"portfolio_weight","equity_market":"Global Market","name":"Oil&Gas_plan","sector":"Oil&Gas","year":2026,"scenario":"APS","scenario_source":"WEO2023","plan":"plan","value":0.0788,"disabled":false,"unit":"tons of CO₂ per GJ","allocation_translation":"Portfolio Weight","asset_class_translation":"Corporate Bonds","equity_market_translation":"Global Market","sector_translation":"Oil & Gas","unit_translation":"tons of CO₂ per GJ"},{"asset_class":"Corporate Bonds","allocation":"portfolio_weight","equity_market":"Global Market","name":"Oil&Gas_scen","sector":"Oil&Gas","year":2026,"scenario":"APS","scenario_source":"WEO2023","plan":"scen","value":0.0767,"disabled":false,"unit":"tons of CO₂ per GJ","allocation_translation":"Portfolio Weight","asset_class_translation":"Corporate Bonds","equity_market_translation":"Global Market","sector_translation":"Oil & Gas","unit_translation":"tons of CO₂ per GJ"},{"asset_class":"Corporate Bonds","allocation":"portfolio_weight","equity_market":"Global Market","name":"Oil&Gas_plan","sector":"Oil&Gas","year":2027,"scenario":"APS","scenario_source":"WEO2023","plan":"plan","value":0.0788,"disabled":false,"unit":"tons of CO₂ per GJ","allocation_translation":"Portfolio Weight","asset_class_translation":"Corporate Bonds","equity_market_translation":"Global Market","sector_translation":"Oil & Gas","unit_translation":"tons of CO₂ per GJ"},{"asset_class":"Corporate Bonds","allocation":"portfolio_weight","equity_market":"Global Market","name":"Oil&Gas_scen","sector":"Oil&Gas","year":2027,"scenario":"APS","scenario_source":"WEO2023","plan":"scen","value":0.0759,"disabled":false,"unit":"tons of CO₂ per GJ","allocation_translation":"Portfolio Weight","asset_class_translation":"Corporate Bonds","equity_market_translation":"Global Market","sector_translation":"Oil & Gas","unit_translation":"tons of CO₂ per GJ"},{"asset_class":"Corporate Bonds","allocation":"portfolio_weight","equity_market":"Global Market","name":"Oil&Gas_plan","sector":"Oil&Gas","year":2028,"scenario":"APS","scenario_source":"WEO2023","plan":"plan","value":0.0787,"disabled":false,"unit":"tons of CO₂ per GJ","allocation_translation":"Portfolio Weight","asset_class_translation":"Corporate Bonds","equity_market_translation":"Global Market","sector_translation":"Oil & Gas","unit_translation":"tons of CO₂ per GJ"},{"asset_class":"Corporate Bonds","allocation":"portfolio_weight","equity_market":"Global Market","name":"Oil&Gas_scen","sector":"Oil&Gas","year":2028,"scenario":"APS","scenario_source":"WEO2023","plan":"scen","value":0.0752,"disabled":false,"unit":"tons of CO₂ per GJ","allocation_translation":"Portfolio Weight","asset_class_translation":"Corporate Bonds","equity_market_translation":"Global Market","sector_translation":"Oil & Gas","unit_translation":"tons of CO₂ per GJ"},{"asset_class":"Corporate Bonds","allocation":"portfolio_weight","equity_market":"Global Market","name":"Oil&Gas_plan","sector":"Oil&Gas","year":2023,"scenario":"NZE_2050","scenario_source":"WEO2023","plan":"plan","value":0.0788,"disabled":false,"unit":"tons of CO₂ per GJ","allocation_translation":"Portfolio Weight","asset_class_translation":"Corporate Bonds","equity_market_translation":"Global Market","sector_translation":"Oil & Gas","unit_translation":"tons of CO₂ per GJ"},{"asset_class":"Corporate Bonds","allocation":"portfolio_weight","equity_market":"Global Market","name":"Oil&Gas_scen","sector":"Oil&Gas","year":2023,"scenario":"NZE_2050","scenario_source":"WEO2023","plan":"scen","value":0.0788,"disabled":false,"unit":"tons of CO₂ per GJ","allocation_translation":"Portfolio Weight","asset_class_translation":"Corporate Bonds","equity_market_translation":"Global Market","sector_translation":"Oil & Gas","unit_translation":"tons of CO₂ per GJ"},{"asset_class":"Corporate Bonds","allocation":"portfolio_weight","equity_market":"Global Market","name":"Oil&Gas_plan","sector":"Oil&Gas","year":2024,"scenario":"NZE_2050","scenario_source":"WEO2023","plan":"plan","value":0.0788,"disabled":false,"unit":"tons of CO₂ per GJ","allocation_translation":"Portfolio Weight","asset_class_translation":"Corporate Bonds","equity_market_translation":"Global Market","sector_translation":"Oil & Gas","unit_translation":"tons of CO₂ per GJ"},{"asset_class":"Corporate Bonds","allocation":"portfolio_weight","equity_market":"Global Market","name":"Oil&Gas_scen","sector":"Oil&Gas","year":2024,"scenario":"NZE_2050","scenario_source":"WEO2023","plan":"scen","value":0.0767,"disabled":false,"unit":"tons of CO₂ per GJ","allocation_translation":"Portfolio Weight","asset_class_translation":"Corporate Bonds","equity_market_translation":"Global Market","sector_translation":"Oil & Gas","unit_translation":"tons of CO₂ per GJ"},{"asset_class":"Corporate Bonds","allocation":"portfolio_weight","equity_market":"Global Market","name":"Oil&Gas_plan","sector":"Oil&Gas","year":2025,"scenario":"NZE_2050","scenario_source":"WEO2023","plan":"plan","value":0.0785,"disabled":false,"unit":"tons of CO₂ per GJ","allocation_translation":"Portfolio Weight","asset_class_translation":"Corporate Bonds","equity_market_translation":"Global Market","sector_translation":"Oil & Gas","unit_translation":"tons of CO₂ per GJ"},{"asset_class":"Corporate Bonds","allocation":"portfolio_weight","equity_market":"Global Market","name":"Oil&Gas_scen","sector":"Oil&Gas","year":2025,"scenario":"NZE_2050","scenario_source":"WEO2023","plan":"scen","value":0.0746,"disabled":false,"unit":"tons of CO₂ per GJ","allocation_translation":"Portfolio Weight","asset_class_translation":"Corporate Bonds","equity_market_translation":"Global Market","sector_translation":"Oil & Gas","unit_translation":"tons of CO₂ per GJ"},{"asset_class":"Corporate Bonds","allocation":"portfolio_weight","equity_market":"Global Market","name":"Oil&Gas_plan","sector":"Oil&Gas","year":2026,"scenario":"NZE_2050","scenario_source":"WEO2023","plan":"plan","value":0.0788,"disabled":false,"unit":"tons of CO₂ per GJ","allocation_translation":"Portfolio Weight","asset_class_translation":"Corporate Bonds","equity_market_translation":"Global Market","sector_translation":"Oil & Gas","unit_translation":"tons of CO₂ per GJ"},{"asset_class":"Corporate Bonds","allocation":"portfolio_weight","equity_market":"Global Market","name":"Oil&Gas_scen","sector":"Oil&Gas","year":2026,"scenario":"NZE_2050","scenario_source":"WEO2023","plan":"scen","value":0.0725,"disabled":false,"unit":"tons of CO₂ per GJ","allocation_translation":"Portfolio Weight","asset_class_translation":"Corporate Bonds","equity_market_translation":"Global Market","sector_translation":"Oil & Gas","unit_translation":"tons of CO₂ per GJ"},{"asset_class":"Corporate Bonds","allocation":"portfolio_weight","equity_market":"Global Market","name":"Oil&Gas_plan","sector":"Oil&Gas","year":2027,"scenario":"NZE_2050","scenario_source":"WEO2023","plan":"plan","value":0.0788,"disabled":false,"unit":"tons of CO₂ per GJ","allocation_translation":"Portfolio Weight","asset_class_translation":"Corporate Bonds","equity_market_translation":"Global Market","sector_translation":"Oil & Gas","unit_translation":"tons of CO₂ per GJ"},{"asset_class":"Corporate Bonds","allocation":"portfolio_weight","equity_market":"Global Market","name":"Oil&Gas_scen","sector":"Oil&Gas","year":2027,"scenario":"NZE_2050","scenario_source":"WEO2023","plan":"scen","value":0.0704,"disabled":false,"unit":"tons of CO₂ per GJ","allocation_translation":"Portfolio Weight","asset_class_translation":"Corporate Bonds","equity_market_translation":"Global Market","sector_translation":"Oil & Gas","unit_translation":"tons of CO₂ per GJ"},{"asset_class":"Corporate Bonds","allocation":"portfolio_weight","equity_market":"Global Market","name":"Oil&Gas_plan","sector":"Oil&Gas","year":2028,"scenario":"NZE_2050","scenario_source":"WEO2023","plan":"plan","value":0.0787,"disabled":false,"unit":"tons of CO₂ per GJ","allocation_translation":"Portfolio Weight","asset_class_translation":"Corporate Bonds","equity_market_translation":"Global Market","sector_translation":"Oil & Gas","unit_translation":"tons of CO₂ per GJ"},{"asset_class":"Corporate Bonds","allocation":"portfolio_weight","equity_market":"Global Market","name":"Oil&Gas_scen","sector":"Oil&Gas","year":2028,"scenario":"NZE_2050","scenario_source":"WEO2023","plan":"scen","value":0.0684,"disabled":false,"unit":"tons of CO₂ per GJ","allocation_translation":"Portfolio Weight","asset_class_translation":"Corporate Bonds","equity_market_translation":"Global Market","sector_translation":"Oil & Gas","unit_translation":"tons of CO₂ per GJ"},{"asset_class":"Corporate Bonds","allocation":"portfolio_weight","equity_market":"Global Market","name":"Oil&Gas_plan","sector":"Oil&Gas","year":2023,"scenario":"STEPS","scenario_source":"WEO2023","plan":"plan","value":0.0788,"disabled":false,"unit":"tons of CO₂ per GJ","allocation_translation":"Portfolio Weight","asset_class_translation":"Corporate Bonds","equity_market_translation":"Global Market","sector_translation":"Oil & Gas","unit_translation":"tons of CO₂ per GJ"},{"asset_class":"Corporate Bonds","allocation":"portfolio_weight","equity_market":"Global Market","name":"Oil&Gas_scen","sector":"Oil&Gas","year":2023,"scenario":"STEPS","scenario_source":"WEO2023","plan":"scen","value":0.0788,"disabled":false,"unit":"tons of CO₂ per GJ","allocation_translation":"Portfolio Weight","asset_class_translation":"Corporate Bonds","equity_market_translation":"Global Market","sector_translation":"Oil & Gas","unit_translation":"tons of CO₂ per GJ"},{"asset_class":"Corporate Bonds","allocation":"portfolio_weight","equity_market":"Global Market","name":"Oil&Gas_plan","sector":"Oil&Gas","year":2024,"scenario":"STEPS","scenario_source":"WEO2023","plan":"plan","value":0.0788,"disabled":false,"unit":"tons of CO₂ per GJ","allocation_translation":"Portfolio Weight","asset_class_translation":"Corporate Bonds","equity_market_translation":"Global Market","sector_translation":"Oil & Gas","unit_translation":"tons of CO₂ per GJ"},{"asset_class":"Corporate Bonds","allocation":"portfolio_weight","equity_market":"Global Market","name":"Oil&Gas_scen","sector":"Oil&Gas","year":2024,"scenario":"STEPS","scenario_source":"WEO2023","plan":"scen","value":0.079,"disabled":false,"unit":"tons of CO₂ per GJ","allocation_translation":"Portfolio Weight","asset_class_translation":"Corporate Bonds","equity_market_translation":"Global Market","sector_translation":"Oil & Gas","unit_translation":"tons of CO₂ per GJ"},{"asset_class":"Corporate Bonds","allocation":"portfolio_weight","equity_market":"Global Market","name":"Oil&Gas_plan","sector":"Oil&Gas","year":2025,"scenario":"STEPS","scenario_source":"WEO2023","plan":"plan","value":0.0785,"disabled":false,"unit":"tons of CO₂ per GJ","allocation_translation":"Portfolio Weight","asset_class_translation":"Corporate Bonds","equity_market_translation":"Global Market","sector_translation":"Oil & Gas","unit_translation":"tons of CO₂ per GJ"},{"asset_class":"Corporate Bonds","allocation":"portfolio_weight","equity_market":"Global Market","name":"Oil&Gas_scen","sector":"Oil&Gas","year":2025,"scenario":"STEPS","scenario_source":"WEO2023","plan":"scen","value":0.0793,"disabled":false,"unit":"tons of CO₂ per GJ","allocation_translation":"Portfolio Weight","asset_class_translation":"Corporate Bonds","equity_market_translation":"Global Market","sector_translation":"Oil & Gas","unit_translation":"tons of CO₂ per GJ"},{"asset_class":"Corporate Bonds","allocation":"portfolio_weight","equity_market":"Global Market","name":"Oil&Gas_plan","sector":"Oil&Gas","year":2026,"scenario":"STEPS","scenario_source":"WEO2023","plan":"plan","value":0.0788,"disabled":false,"unit":"tons of CO₂ per GJ","allocation_translation":"Portfolio Weight","asset_class_translation":"Corporate Bonds","equity_market_translation":"Global Market","sector_translation":"Oil & Gas","unit_translation":"tons of CO₂ per GJ"},{"asset_class":"Corporate Bonds","allocation":"portfolio_weight","equity_market":"Global Market","name":"Oil&Gas_scen","sector":"Oil&Gas","year":2026,"scenario":"STEPS","scenario_source":"WEO2023","plan":"scen","value":0.0795,"disabled":false,"unit":"tons of CO₂ per GJ","allocation_translation":"Portfolio Weight","asset_class_translation":"Corporate Bonds","equity_market_translation":"Global Market","sector_translation":"Oil & Gas","unit_translation":"tons of CO₂ per GJ"},{"asset_class":"Corporate Bonds","allocation":"portfolio_weight","equity_market":"Global Market","name":"Oil&Gas_plan","sector":"Oil&Gas","year":2027,"scenario":"STEPS","scenario_source":"WEO2023","plan":"plan","value":0.0788,"disabled":false,"unit":"tons of CO₂ per GJ","allocation_translation":"Portfolio Weight","asset_class_translation":"Corporate Bonds","equity_market_translation":"Global Market","sector_translation":"Oil & Gas","unit_translation":"tons of CO₂ per GJ"},{"asset_class":"Corporate Bonds","allocation":"portfolio_weight","equity_market":"Global Market","name":"Oil&Gas_scen","sector":"Oil&Gas","year":2027,"scenario":"STEPS","scenario_source":"WEO2023","plan":"scen","value":0.0798,"disabled":false,"unit":"tons of CO₂ per GJ","allocation_translation":"Portfolio Weight","asset_class_translation":"Corporate Bonds","equity_market_translation":"Global Market","sector_translation":"Oil & Gas","unit_translation":"tons of CO₂ per GJ"},{"asset_class":"Corporate Bonds","allocation":"portfolio_weight","equity_market":"Global Market","name":"Oil&Gas_plan","sector":"Oil&Gas","year":2028,"scenario":"STEPS","scenario_source":"WEO2023","plan":"plan","value":0.0787,"disabled":false,"unit":"tons of CO₂ per GJ","allocation_translation":"Portfolio Weight","asset_class_translation":"Corporate Bonds","equity_market_translation":"Global Market","sector_translation":"Oil & Gas","unit_translation":"tons of CO₂ per GJ"},{"asset_class":"Corporate Bonds","allocation":"portfolio_weight","equity_market":"Global Market","name":"Oil&Gas_scen","sector":"Oil&Gas","year":2028,"scenario":"STEPS","scenario_source":"WEO2023","plan":"scen","value":0.0801,"disabled":false,"unit":"tons of CO₂ per GJ","allocation_translation":"Portfolio Weight","asset_class_translation":"Corporate Bonds","equity_market_translation":"Global Market","sector_translation":"Oil & Gas","unit_translation":"tons of CO₂ per GJ"}]
