[{"asset_class":"Corporate Bonds","equity_market":"Global Market","portfolio_name":"Default Portfolio","scenario":"1.5C","scenario_source":"GECO2023","this_portfolio":true,"val_type":"Portfolio","ald_sector":"Oil&Gas","technology":"Oil","value":0.5266,"green":false,"green_sum":1,"year":2023},{"asset_class":"Corporate Bonds","equity_market":"Global Market","portfolio_name":"Default Portfolio","scenario":"1.5C","scenario_source":"GECO2023","this_portfolio":true,"val_type":"Portfolio","ald_sector":"Oil&Gas","technology":"Oil","value":0.5411,"green":false,"green_sum":1,"year":2028},{"asset_class":"Corporate Bonds","equity_market":"Global Market","portfolio_name":"Default Portfolio","scenario":"NDC-LTS","scenario_source":"GECO2023","this_portfolio":true,"val_type":"Portfolio","ald_sector":"Oil&Gas","technology":"Oil","value":0.5266,"green":false,"green_sum":1,"year":2023},{"asset_class":"Corporate Bonds","equity_market":"Global Market","portfolio_name":"Default Portfolio","scenario":"NDC-LTS","scenario_source":"GECO2023","this_portfolio":true,"val_type":"Portfolio","ald_sector":"Oil&Gas","technology":"Oil","value":0.5411,"green":false,"green_sum":1,"year":2028},{"asset_class":"Corporate Bonds","equity_market":"Global Market","portfolio_name":"Default Portfolio","scenario":"Reference","scenario_source":"GECO2023","this_portfolio":true,"val_type":"Portfolio","ald_sector":"Oil&Gas","technology":"Oil","value":0.5266,"green":false,"green_sum":1,"year":2023},{"asset_class":"Corporate Bonds","equity_market":"Global Market","portfolio_name":"Default Portfolio","scenario":"Reference","scenario_source":"GECO2023","this_portfolio":true,"val_type":"Portfolio","ald_sector":"Oil&Gas","technology":"Oil","value":0.5411,"green":false,"green_sum":1,"year":2028},{"asset_class":"Corporate Bonds","equity_market":"Global Market","portfolio_name":"Default Portfolio","scenario":"1.5°C","scenario_source":"ISF2023","this_portfolio":true,"val_type":"Portfolio","ald_sector":"Oil&Gas","technology":"Oil","value":0.5266,"green":false,"green_sum":1,"year":2023},{"asset_class":"Corporate Bonds","equity_market":"Global Market","portfolio_name":"Default Portfolio","scenario":"1.5°C","scenario_source":"ISF2023","this_portfolio":true,"val_type":"Portfolio","ald_sector":"Oil&Gas","technology":"Oil","value":0.5411,"green":false,"green_sum":1,"year":2028},{"asset_class":"Corporate Bonds","equity_market":"Global Market","portfolio_name":"Default Portfolio","scenario":"APS","scenario_source":"WEO2023","this_portfolio":true,"val_type":"Portfolio","ald_sector":"Oil&Gas","technology":"Oil","value":0.5266,"green":false,"green_sum":1,"year":2023},{"asset_class":"Corporate Bonds","equity_market":"Global Market","portfolio_name":"Default Portfolio","scenario":"APS","scenario_source":"WEO2023","this_portfolio":true,"val_type":"Portfolio","ald_sector":"Oil&Gas","technology":"Oil","value":0.5411,"green":false,"green_sum":1,"year":2028},{"asset_class":"Corporate Bonds","equity_market":"Global Market","portfolio_name":"Default Portfolio","scenario":"NZE_2050","scenario_source":"WEO2023","this_portfolio":true,"val_type":"Portfolio","ald_sector":"Oil&Gas","technology":"Oil","value":0.5266,"green":false,"green_sum":1,"year":2023},{"asset_class":"Corporate Bonds","equity_market":"Global Market","portfolio_name":"Default Portfolio","scenario":"NZE_2050","scenario_source":"WEO2023","this_portfolio":true,"val_type":"Portfolio","ald_sector":"Oil&Gas","technology":"Oil","value":0.5411,"green":false,"green_sum":1,"year":2028},{"asset_class":"Corporate Bonds","equity_market":"Global Market","portfolio_name":"Default Portfolio","scenario":"STEPS","scenario_source":"WEO2023","this_portfolio":true,"val_type":"Portfolio","ald_sector":"Oil&Gas","technology":"Oil","value":0.5266,"green":false,"green_sum":1,"year":2023},{"asset_class":"Corporate Bonds","equity_market":"Global Market","portfolio_name":"Default Portfolio","scenario":"STEPS","scenario_source":"WEO2023","this_portfolio":true,"val_type":"Portfolio","ald_sector":"Oil&Gas","technology":"Oil","value":0.5411,"green":false,"green_sum":1,"year":2028},{"asset_class":"Corporate Bonds","equity_market":"Global Market","portfolio_name":"Default Portfolio","scenario":"1.5C","scenario_source":"GECO2023","this_portfolio":true,"val_type":"Portfolio","ald_sector":"Oil&Gas","technology":"Gas","value":0.4734,"green":false,"green_sum":1,"year":2023},{"asset_class":"Corporate Bonds","equity_market":"Global Market","portfolio_name":"Default Portfolio","scenario":"1.5C","scenario_source":"GECO2023","this_portfolio":true,"val_type":"Portfolio","ald_sector":"Oil&Gas","technology":"Gas","value":0.4589,"green":false,"green_sum":1,"year":2028},{"asset_class":"Corporate Bonds","equity_market":"Global Market","portfolio_name":"Default Portfolio","scenario":"NDC-LTS","scenario_source":"GECO2023","this_portfolio":true,"val_type":"Portfolio","ald_sector":"Oil&Gas","technology":"Gas","value":0.4734,"green":false,"green_sum":1,"year":2023},{"asset_class":"Corporate Bonds","equity_market":"Global Market","portfolio_name":"Default Portfolio","scenario":"NDC-LTS","scenario_source":"GECO2023","this_portfolio":true,"val_type":"Portfolio","ald_sector":"Oil&Gas","technology":"Gas","value":0.4589,"green":false,"green_sum":1,"year":2028},{"asset_class":"Corporate Bonds","equity_market":"Global Market","portfolio_name":"Default Portfolio","scenario":"Reference","scenario_source":"GECO2023","this_portfolio":true,"val_type":"Portfolio","ald_sector":"Oil&Gas","technology":"Gas","value":0.4734,"green":false,"green_sum":1,"year":2023},{"asset_class":"Corporate Bonds","equity_market":"Global Market","portfolio_name":"Default Portfolio","scenario":"Reference","scenario_source":"GECO2023","this_portfolio":true,"val_type":"Portfolio","ald_sector":"Oil&Gas","technology":"Gas","value":0.4589,"green":false,"green_sum":1,"year":2028},{"asset_class":"Corporate Bonds","equity_market":"Global Market","portfolio_name":"Default Portfolio","scenario":"1.5°C","scenario_source":"ISF2023","this_portfolio":true,"val_type":"Portfolio","ald_sector":"Oil&Gas","technology":"Gas","value":0.4734,"green":false,"green_sum":1,"year":2023},{"asset_class":"Corporate Bonds","equity_market":"Global Market","portfolio_name":"Default Portfolio","scenario":"1.5°C","scenario_source":"ISF2023","this_portfolio":true,"val_type":"Portfolio","ald_sector":"Oil&Gas","technology":"Gas","value":0.4589,"green":false,"green_sum":1,"year":2028},{"asset_class":"Corporate Bonds","equity_market":"Global Market","portfolio_name":"Default Portfolio","scenario":"APS","scenario_source":"WEO2023","this_portfolio":true,"val_type":"Portfolio","ald_sector":"Oil&Gas","technology":"Gas","value":0.4734,"green":false,"green_sum":1,"year":2023},{"asset_class":"Corporate Bonds","equity_market":"Global Market","portfolio_name":"Default Portfolio","scenario":"APS","scenario_source":"WEO2023","this_portfolio":true,"val_type":"Portfolio","ald_sector":"Oil&Gas","technology":"Gas","value":0.4589,"green":false,"green_sum":1,"year":2028},{"asset_class":"Corporate Bonds","equity_market":"Global Market","portfolio_name":"Default Portfolio","scenario":"NZE_2050","scenario_source":"WEO2023","this_portfolio":true,"val_type":"Portfolio","ald_sector":"Oil&Gas","technology":"Gas","value":0.4734,"green":false,"green_sum":1,"year":2023},{"asset_class":"Corporate Bonds","equity_market":"Global Market","portfolio_name":"Default Portfolio","scenario":"NZE_2050","scenario_source":"WEO2023","this_portfolio":true,"val_type":"Portfolio","ald_sector":"Oil&Gas","technology":"Gas","value":0.4589,"green":false,"green_sum":1,"year":2028},{"asset_class":"Corporate Bonds","equity_market":"Global Market","portfolio_name":"Default Portfolio","scenario":"STEPS","scenario_source":"WEO2023","this_portfolio":true,"val_type":"Portfolio","ald_sector":"Oil&Gas","technology":"Gas","value":0.4734,"green":false,"green_sum":1,"year":2023},{"asset_class":"Corporate Bonds","equity_market":"Global Market","portfolio_name":"Default Portfolio","scenario":"STEPS","scenario_source":"WEO2023","this_portfolio":true,"val_type":"Portfolio","ald_sector":"Oil&Gas","technology":"Gas","value":0.4589,"green":false,"green_sum":1,"year":2028},{"asset_class":"Corporate Bonds","equity_market":"Global Market","portfolio_name":"Default Portfolio","scenario":"1.5C","scenario_source":"GECO2023","this_portfolio":true,"val_type":"Scenario","ald_sector":"Oil&Gas","technology":"Oil","value":0.4497,"green":false,"green_sum":1,"year":2028},{"asset_class":"Corporate Bonds","equity_market":"Global Market","portfolio_name":"Default Portfolio","scenario":"NDC-LTS","scenario_source":"GECO2023","this_portfolio":true,"val_type":"Scenario","ald_sector":"Oil&Gas","technology":"Oil","value":0.464,"green":false,"green_sum":1,"year":2028},{"asset_class":"Corporate Bonds","equity_market":"Global Market","portfolio_name":"Default Portfolio","scenario":"Reference","scenario_source":"GECO2023","this_portfolio":true,"val_type":"Scenario","ald_sector":"Oil&Gas","technology":"Oil","value":0.4634,"green":false,"green_sum":1,"year":2028},{"asset_class":"Corporate Bonds","equity_market":"Global Market","portfolio_name":"Default Portfolio","scenario":"1.5°C","scenario_source":"ISF2023","this_portfolio":true,"val_type":"Scenario","ald_sector":"Oil&Gas","technology":"Oil","value":0.5062,"green":false,"green_sum":1,"year":2028},{"asset_class":"Corporate Bonds","equity_market":"Global Market","portfolio_name":"Default Portfolio","scenario":"APS","scenario_source":"WEO2023","this_portfolio":true,"val_type":"Scenario","ald_sector":"Oil&Gas","technology":"Oil","value":0.5256,"green":false,"green_sum":1,"year":2028},{"asset_class":"Corporate Bonds","equity_market":"Global Market","portfolio_name":"Default Portfolio","scenario":"NZE_2050","scenario_source":"WEO2023","this_portfolio":true,"val_type":"Scenario","ald_sector":"Oil&Gas","technology":"Oil","value":0.5196,"green":false,"green_sum":1,"year":2028},{"asset_class":"Corporate Bonds","equity_market":"Global Market","portfolio_name":"Default Portfolio","scenario":"STEPS","scenario_source":"WEO2023","this_portfolio":true,"val_type":"Scenario","ald_sector":"Oil&Gas","technology":"Oil","value":0.524,"green":false,"green_sum":1,"year":2028},{"asset_class":"Corporate Bonds","equity_market":"Global Market","portfolio_name":"Default Portfolio","scenario":"1.5C","scenario_source":"GECO2023","this_portfolio":true,"val_type":"Scenario","ald_sector":"Oil&Gas","technology":"Gas","value":0.5503,"green":false,"green_sum":1,"year":2028},{"asset_class":"Corporate Bonds","equity_market":"Global Market","portfolio_name":"Default Portfolio","scenario":"NDC-LTS","scenario_source":"GECO2023","this_portfolio":true,"val_type":"Scenario","ald_sector":"Oil&Gas","technology":"Gas","value":0.536,"green":false,"green_sum":1,"year":2028},{"asset_class":"Corporate Bonds","equity_market":"Global Market","portfolio_name":"Default Portfolio","scenario":"Reference","scenario_source":"GECO2023","this_portfolio":true,"val_type":"Scenario","ald_sector":"Oil&Gas","technology":"Gas","value":0.5366,"green":false,"green_sum":1,"year":2028},{"asset_class":"Corporate Bonds","equity_market":"Global Market","portfolio_name":"Default Portfolio","scenario":"1.5°C","scenario_source":"ISF2023","this_portfolio":true,"val_type":"Scenario","ald_sector":"Oil&Gas","technology":"Gas","value":0.4938,"green":false,"green_sum":1,"year":2028},{"asset_class":"Corporate Bonds","equity_market":"Global Market","portfolio_name":"Default Portfolio","scenario":"APS","scenario_source":"WEO2023","this_portfolio":true,"val_type":"Scenario","ald_sector":"Oil&Gas","technology":"Gas","value":0.4744,"green":false,"green_sum":1,"year":2028},{"asset_class":"Corporate Bonds","equity_market":"Global Market","portfolio_name":"Default Portfolio","scenario":"NZE_2050","scenario_source":"WEO2023","this_portfolio":true,"val_type":"Scenario","ald_sector":"Oil&Gas","technology":"Gas","value":0.4804,"green":false,"green_sum":1,"year":2028},{"asset_class":"Corporate Bonds","equity_market":"Global Market","portfolio_name":"Default Portfolio","scenario":"STEPS","scenario_source":"WEO2023","this_portfolio":true,"val_type":"Scenario","ald_sector":"Oil&Gas","technology":"Gas","value":0.476,"green":false,"green_sum":1,"year":2028},{"asset_class":"Corporate Bonds","equity_market":"Global Market","portfolio_name":"iShares Global Corp Bond UCITS ETF","scenario":"1.5C","scenario_source":"GECO2023","this_portfolio":false,"val_type":"Benchmark","ald_sector":"Oil&Gas","technology":"Oil","value":0.5711,"green":false,"green_sum":1,"year":2023},{"asset_class":"Corporate Bonds","equity_market":"Global Market","portfolio_name":"iShares Global Corp Bond UCITS ETF","scenario":"1.5C","scenario_source":"GECO2023","this_portfolio":false,"val_type":"Benchmark","ald_sector":"Oil&Gas","technology":"Oil","value":0.6015,"green":false,"green_sum":1,"year":2028},{"asset_class":"Corporate Bonds","equity_market":"Global Market","portfolio_name":"iShares Global Corp Bond UCITS ETF","scenario":"NDC-LTS","scenario_source":"GECO2023","this_portfolio":false,"val_type":"Benchmark","ald_sector":"Oil&Gas","technology":"Oil","value":0.5711,"green":false,"green_sum":1,"year":2023},{"asset_class":"Corporate Bonds","equity_market":"Global Market","portfolio_name":"iShares Global Corp Bond UCITS ETF","scenario":"NDC-LTS","scenario_source":"GECO2023","this_portfolio":false,"val_type":"Benchmark","ald_sector":"Oil&Gas","technology":"Oil","value":0.6015,"green":false,"green_sum":1,"year":2028},{"asset_class":"Corporate Bonds","equity_market":"Global Market","portfolio_name":"iShares Global Corp Bond UCITS ETF","scenario":"Reference","scenario_source":"GECO2023","this_portfolio":false,"val_type":"Benchmark","ald_sector":"Oil&Gas","technology":"Oil","value":0.5711,"green":false,"green_sum":1,"year":2023},{"asset_class":"Corporate Bonds","equity_market":"Global Market","portfolio_name":"iShares Global Corp Bond UCITS ETF","scenario":"Reference","scenario_source":"GECO2023","this_portfolio":false,"val_type":"Benchmark","ald_sector":"Oil&Gas","technology":"Oil","value":0.6015,"green":false,"green_sum":1,"year":2028},{"asset_class":"Corporate Bonds","equity_market":"Global Market","portfolio_name":"iShares Global Corp Bond UCITS ETF","scenario":"1.5°C","scenario_source":"ISF2023","this_portfolio":false,"val_type":"Benchmark","ald_sector":"Oil&Gas","technology":"Oil","value":0.5711,"green":false,"green_sum":1,"year":2023},{"asset_class":"Corporate Bonds","equity_market":"Global Market","portfolio_name":"iShares Global Corp Bond UCITS ETF","scenario":"1.5°C","scenario_source":"ISF2023","this_portfolio":false,"val_type":"Benchmark","ald_sector":"Oil&Gas","technology":"Oil","value":0.6015,"green":false,"green_sum":1,"year":2028},{"asset_class":"Corporate Bonds","equity_market":"Global Market","portfolio_name":"iShares Global Corp Bond UCITS ETF","scenario":"APS","scenario_source":"WEO2023","this_portfolio":false,"val_type":"Benchmark","ald_sector":"Oil&Gas","technology":"Oil","value":0.5711,"green":false,"green_sum":1,"year":2023},{"asset_class":"Corporate Bonds","equity_market":"Global Market","portfolio_name":"iShares Global Corp Bond UCITS ETF","scenario":"APS","scenario_source":"WEO2023","this_portfolio":false,"val_type":"Benchmark","ald_sector":"Oil&Gas","technology":"Oil","value":0.6015,"green":false,"green_sum":1,"year":2028},{"asset_class":"Corporate Bonds","equity_market":"Global Market","portfolio_name":"iShares Global Corp Bond UCITS ETF","scenario":"NZE_2050","scenario_source":"WEO2023","this_portfolio":false,"val_type":"Benchmark","ald_sector":"Oil&Gas","technology":"Oil","value":0.5711,"green":false,"green_sum":1,"year":2023},{"asset_class":"Corporate Bonds","equity_market":"Global Market","portfolio_name":"iShares Global Corp Bond UCITS ETF","scenario":"NZE_2050","scenario_source":"WEO2023","this_portfolio":false,"val_type":"Benchmark","ald_sector":"Oil&Gas","technology":"Oil","value":0.6015,"green":false,"green_sum":1,"year":2028},{"asset_class":"Corporate Bonds","equity_market":"Global Market","portfolio_name":"iShares Global Corp Bond UCITS ETF","scenario":"STEPS","scenario_source":"WEO2023","this_portfolio":false,"val_type":"Benchmark","ald_sector":"Oil&Gas","technology":"Oil","value":0.5711,"green":false,"green_sum":1,"year":2023},{"asset_class":"Corporate Bonds","equity_market":"Global Market","portfolio_name":"iShares Global Corp Bond UCITS ETF","scenario":"STEPS","scenario_source":"WEO2023","this_portfolio":false,"val_type":"Benchmark","ald_sector":"Oil&Gas","technology":"Oil","value":0.6015,"green":false,"green_sum":1,"year":2028},{"asset_class":"Corporate Bonds","equity_market":"Global Market","portfolio_name":"iShares Global Corp Bond UCITS ETF","scenario":"1.5C","scenario_source":"GECO2023","this_portfolio":false,"val_type":"Benchmark","ald_sector":"Oil&Gas","technology":"Gas","value":0.4289,"green":false,"green_sum":1,"year":2023},{"asset_class":"Corporate Bonds","equity_market":"Global Market","portfolio_name":"iShares Global Corp Bond UCITS ETF","scenario":"1.5C","scenario_source":"GECO2023","this_portfolio":false,"val_type":"Benchmark","ald_sector":"Oil&Gas","technology":"Gas","value":0.3985,"green":false,"green_sum":1,"year":2028},{"asset_class":"Corporate Bonds","equity_market":"Global Market","portfolio_name":"iShares Global Corp Bond UCITS ETF","scenario":"NDC-LTS","scenario_source":"GECO2023","this_portfolio":false,"val_type":"Benchmark","ald_sector":"Oil&Gas","technology":"Gas","value":0.4289,"green":false,"green_sum":1,"year":2023},{"asset_class":"Corporate Bonds","equity_market":"Global Market","portfolio_name":"iShares Global Corp Bond UCITS ETF","scenario":"NDC-LTS","scenario_source":"GECO2023","this_portfolio":false,"val_type":"Benchmark","ald_sector":"Oil&Gas","technology":"Gas","value":0.3985,"green":false,"green_sum":1,"year":2028},{"asset_class":"Corporate Bonds","equity_market":"Global Market","portfolio_name":"iShares Global Corp Bond UCITS ETF","scenario":"Reference","scenario_source":"GECO2023","this_portfolio":false,"val_type":"Benchmark","ald_sector":"Oil&Gas","technology":"Gas","value":0.4289,"green":false,"green_sum":1,"year":2023},{"asset_class":"Corporate Bonds","equity_market":"Global Market","portfolio_name":"iShares Global Corp Bond UCITS ETF","scenario":"Reference","scenario_source":"GECO2023","this_portfolio":false,"val_type":"Benchmark","ald_sector":"Oil&Gas","technology":"Gas","value":0.3985,"green":false,"green_sum":1,"year":2028},{"asset_class":"Corporate Bonds","equity_market":"Global Market","portfolio_name":"iShares Global Corp Bond UCITS ETF","scenario":"1.5°C","scenario_source":"ISF2023","this_portfolio":false,"val_type":"Benchmark","ald_sector":"Oil&Gas","technology":"Gas","value":0.4289,"green":false,"green_sum":1,"year":2023},{"asset_class":"Corporate Bonds","equity_market":"Global Market","portfolio_name":"iShares Global Corp Bond UCITS ETF","scenario":"1.5°C","scenario_source":"ISF2023","this_portfolio":false,"val_type":"Benchmark","ald_sector":"Oil&Gas","technology":"Gas","value":0.3985,"green":false,"green_sum":1,"year":2028},{"asset_class":"Corporate Bonds","equity_market":"Global Market","portfolio_name":"iShares Global Corp Bond UCITS ETF","scenario":"APS","scenario_source":"WEO2023","this_portfolio":false,"val_type":"Benchmark","ald_sector":"Oil&Gas","technology":"Gas","value":0.4289,"green":false,"green_sum":1,"year":2023},{"asset_class":"Corporate Bonds","equity_market":"Global Market","portfolio_name":"iShares Global Corp Bond UCITS ETF","scenario":"APS","scenario_source":"WEO2023","this_portfolio":false,"val_type":"Benchmark","ald_sector":"Oil&Gas","technology":"Gas","value":0.3985,"green":false,"green_sum":1,"year":2028},{"asset_class":"Corporate Bonds","equity_market":"Global Market","portfolio_name":"iShares Global Corp Bond UCITS ETF","scenario":"NZE_2050","scenario_source":"WEO2023","this_portfolio":false,"val_type":"Benchmark","ald_sector":"Oil&Gas","technology":"Gas","value":0.4289,"green":false,"green_sum":1,"year":2023},{"asset_class":"Corporate Bonds","equity_market":"Global Market","portfolio_name":"iShares Global Corp Bond UCITS ETF","scenario":"NZE_2050","scenario_source":"WEO2023","this_portfolio":false,"val_type":"Benchmark","ald_sector":"Oil&Gas","technology":"Gas","value":0.3985,"green":false,"green_sum":1,"year":2028},{"asset_class":"Corporate Bonds","equity_market":"Global Market","portfolio_name":"iShares Global Corp Bond UCITS ETF","scenario":"STEPS","scenario_source":"WEO2023","this_portfolio":false,"val_type":"Benchmark","ald_sector":"Oil&Gas","technology":"Gas","value":0.4289,"green":false,"green_sum":1,"year":2023},{"asset_class":"Corporate Bonds","equity_market":"Global Market","portfolio_name":"iShares Global Corp Bond UCITS ETF","scenario":"STEPS","scenario_source":"WEO2023","this_portfolio":false,"val_type":"Benchmark","ald_sector":"Oil&Gas","technology":"Gas","value":0.3985,"green":false,"green_sum":1,"year":2028}]
