asset_class,allocation,equity_market,name,sector,year,scenario,scenario_source,plan,value,disabled,unit,allocation_translation,asset_class_translation,equity_market_translation,sector_translation,unit_translation
Corporate Bonds,portfolio_weight,Global Market,Oil&Gas_plan,Oil&Gas,2023,1.5C,GECO2023,plan,0.0788,FALSE,tons of CO₂ per GJ,Portfolio Weight,Corporate Bonds,Global Market,Oil & Gas,tons of CO₂ per GJ
Corporate Bonds,portfolio_weight,Global Market,Oil&Gas_scen,Oil&Gas,2023,1.5C,GECO2023,scen,0.0788,FALSE,tons of CO₂ per GJ,Portfolio Weight,Corporate Bonds,Global Market,Oil & Gas,tons of CO₂ per GJ
Corporate Bonds,portfolio_weight,Global Market,Oil&Gas_plan,Oil&Gas,2024,1.5C,GECO2023,plan,0.0788,FALSE,tons of CO₂ per GJ,Portfolio Weight,Corporate Bonds,Global Market,Oil & Gas,tons of CO₂ per GJ
Corporate Bonds,portfolio_weight,Global Market,Oil&Gas_scen,Oil&Gas,2024,1.5C,GECO2023,scen,0.0736,FALSE,tons of CO₂ per GJ,Portfolio Weight,Corporate Bonds,Global Market,Oil & Gas,tons of CO₂ per GJ
Corporate Bonds,portfolio_weight,Global Market,Oil&Gas_plan,Oil&Gas,2025,1.5C,GECO2023,plan,0.0785,FALSE,tons of CO₂ per GJ,Portfolio Weight,Corporate Bonds,Global Market,Oil & Gas,tons of CO₂ per GJ
Corporate Bonds,portfolio_weight,Global Market,Oil&Gas_scen,Oil&Gas,2025,1.5C,GECO2023,scen,0.0685,FALSE,tons of CO₂ per GJ,Portfolio Weight,Corporate Bonds,Global Market,Oil & Gas,tons of CO₂ per GJ
Corporate Bonds,portfolio_weight,Global Market,Oil&Gas_plan,Oil&Gas,2026,1.5C,GECO2023,plan,0.0788,FALSE,tons of CO₂ per GJ,Portfolio Weight,Corporate Bonds,Global Market,Oil & Gas,tons of CO₂ per GJ
Corporate Bonds,portfolio_weight,Global Market,Oil&Gas_scen,Oil&Gas,2026,1.5C,GECO2023,scen,0.0635,FALSE,tons of CO₂ per GJ,Portfolio Weight,Corporate Bonds,Global Market,Oil & Gas,tons of CO₂ per GJ
Corporate Bonds,portfolio_weight,Global Market,Oil&Gas_plan,Oil&Gas,2027,1.5C,GECO2023,plan,0.0788,FALSE,tons of CO₂ per GJ,Portfolio Weight,Corporate Bonds,Global Market,Oil & Gas,tons of CO₂ per GJ
Corporate Bonds,portfolio_weight,Global Market,Oil&Gas_scen,Oil&Gas,2027,1.5C,GECO2023,scen,0.0586,FALSE,tons of CO₂ per GJ,Portfolio Weight,Corporate Bonds,Global Market,Oil & Gas,tons of CO₂ per GJ
Corporate Bonds,portfolio_weight,Global Market,Oil&Gas_plan,Oil&Gas,2028,1.5C,GECO2023,plan,0.0787,FALSE,tons of CO₂ per GJ,Portfolio Weight,Corporate Bonds,Global Market,Oil & Gas,tons of CO₂ per GJ
Corporate Bonds,portfolio_weight,Global Market,Oil&Gas_scen,Oil&Gas,2028,1.5C,GECO2023,scen,0.053900000000000003,FALSE,tons of CO₂ per GJ,Portfolio Weight,Corporate Bonds,Global Market,Oil & Gas,tons of CO₂ per GJ
Corporate Bonds,portfolio_weight,Global Market,Oil&Gas_plan,Oil&Gas,2023,NDC-LTS,GECO2023,plan,0.0788,FALSE,tons of CO₂ per GJ,Portfolio Weight,Corporate Bonds,Global Market,Oil & Gas,tons of CO₂ per GJ
Corporate Bonds,portfolio_weight,Global Market,Oil&Gas_scen,Oil&Gas,2023,NDC-LTS,GECO2023,scen,0.0788,FALSE,tons of CO₂ per GJ,Portfolio Weight,Corporate Bonds,Global Market,Oil & Gas,tons of CO₂ per GJ
Corporate Bonds,portfolio_weight,Global Market,Oil&Gas_plan,Oil&Gas,2024,NDC-LTS,GECO2023,plan,0.0788,FALSE,tons of CO₂ per GJ,Portfolio Weight,Corporate Bonds,Global Market,Oil & Gas,tons of CO₂ per GJ
Corporate Bonds,portfolio_weight,Global Market,Oil&Gas_scen,Oil&Gas,2024,NDC-LTS,GECO2023,scen,0.0759,FALSE,tons of CO₂ per GJ,Portfolio Weight,Corporate Bonds,Global Market,Oil & Gas,tons of CO₂ per GJ
Corporate Bonds,portfolio_weight,Global Market,Oil&Gas_plan,Oil&Gas,2025,NDC-LTS,GECO2023,plan,0.0785,FALSE,tons of CO₂ per GJ,Portfolio Weight,Corporate Bonds,Global Market,Oil & Gas,tons of CO₂ per GJ
Corporate Bonds,portfolio_weight,Global Market,Oil&Gas_scen,Oil&Gas,2025,NDC-LTS,GECO2023,scen,0.073,FALSE,tons of CO₂ per GJ,Portfolio Weight,Corporate Bonds,Global Market,Oil & Gas,tons of CO₂ per GJ
Corporate Bonds,portfolio_weight,Global Market,Oil&Gas_plan,Oil&Gas,2026,NDC-LTS,GECO2023,plan,0.0788,FALSE,tons of CO₂ per GJ,Portfolio Weight,Corporate Bonds,Global Market,Oil & Gas,tons of CO₂ per GJ
Corporate Bonds,portfolio_weight,Global Market,Oil&Gas_scen,Oil&Gas,2026,NDC-LTS,GECO2023,scen,0.0702,FALSE,tons of CO₂ per GJ,Portfolio Weight,Corporate Bonds,Global Market,Oil & Gas,tons of CO₂ per GJ
Corporate Bonds,portfolio_weight,Global Market,Oil&Gas_plan,Oil&Gas,2027,NDC-LTS,GECO2023,plan,0.0788,FALSE,tons of CO₂ per GJ,Portfolio Weight,Corporate Bonds,Global Market,Oil & Gas,tons of CO₂ per GJ
Corporate Bonds,portfolio_weight,Global Market,Oil&Gas_scen,Oil&Gas,2027,NDC-LTS,GECO2023,scen,0.0675,FALSE,tons of CO₂ per GJ,Portfolio Weight,Corporate Bonds,Global Market,Oil & Gas,tons of CO₂ per GJ
Corporate Bonds,portfolio_weight,Global Market,Oil&Gas_plan,Oil&Gas,2028,NDC-LTS,GECO2023,plan,0.0787,FALSE,tons of CO₂ per GJ,Portfolio Weight,Corporate Bonds,Global Market,Oil & Gas,tons of CO₂ per GJ
Corporate Bonds,portfolio_weight,Global Market,Oil&Gas_scen,Oil&Gas,2028,NDC-LTS,GECO2023,scen,0.065,FALSE,tons of CO₂ per GJ,Portfolio Weight,Corporate Bonds,Global Market,Oil & Gas,tons of CO₂ per GJ
Corporate Bonds,portfolio_weight,Global Market,Oil&Gas_plan,Oil&Gas,2023,Reference,GECO2023,plan,0.0788,FALSE,tons of CO₂ per GJ,Portfolio Weight,Corporate Bonds,Global Market,Oil & Gas,tons of CO₂ per GJ
Corporate Bonds,portfolio_weight,Global Market,Oil&Gas_scen,Oil&Gas,2023,Reference,GECO2023,scen,0.0788,FALSE,tons of CO₂ per GJ,Portfolio Weight,Corporate Bonds,Global Market,Oil & Gas,tons of CO₂ per GJ
Corporate Bonds,portfolio_weight,Global Market,Oil&Gas_plan,Oil&Gas,2024,Reference,GECO2023,plan,0.0788,FALSE,tons of CO₂ per GJ,Portfolio Weight,Corporate Bonds,Global Market,Oil & Gas,tons of CO₂ per GJ
Corporate Bonds,portfolio_weight,Global Market,Oil&Gas_scen,Oil&Gas,2024,Reference,GECO2023,scen,0.0762,FALSE,tons of CO₂ per GJ,Portfolio Weight,Corporate Bonds,Global Market,Oil & Gas,tons of CO₂ per GJ
Corporate Bonds,portfolio_weight,Global Market,Oil&Gas_plan,Oil&Gas,2025,Reference,GECO2023,plan,0.0785,FALSE,tons of CO₂ per GJ,Portfolio Weight,Corporate Bonds,Global Market,Oil & Gas,tons of CO₂ per GJ
Corporate Bonds,portfolio_weight,Global Market,Oil&Gas_scen,Oil&Gas,2025,Reference,GECO2023,scen,0.0738,FALSE,tons of CO₂ per GJ,Portfolio Weight,Corporate Bonds,Global Market,Oil & Gas,tons of CO₂ per GJ
Corporate Bonds,portfolio_weight,Global Market,Oil&Gas_plan,Oil&Gas,2026,Reference,GECO2023,plan,0.0788,FALSE,tons of CO₂ per GJ,Portfolio Weight,Corporate Bonds,Global Market,Oil & Gas,tons of CO₂ per GJ
Corporate Bonds,portfolio_weight,Global Market,Oil&Gas_scen,Oil&Gas,2026,Reference,GECO2023,scen,0.0714,FALSE,tons of CO₂ per GJ,Portfolio Weight,Corporate Bonds,Global Market,Oil & Gas,tons of CO₂ per GJ
Corporate Bonds,portfolio_weight,Global Market,Oil&Gas_plan,Oil&Gas,2027,Reference,GECO2023,plan,0.0788,FALSE,tons of CO₂ per GJ,Portfolio Weight,Corporate Bonds,Global Market,Oil & Gas,tons of CO₂ per GJ
Corporate Bonds,portfolio_weight,Global Market,Oil&Gas_scen,Oil&Gas,2027,Reference,GECO2023,scen,0.0691,FALSE,tons of CO₂ per GJ,Portfolio Weight,Corporate Bonds,Global Market,Oil & Gas,tons of CO₂ per GJ
Corporate Bonds,portfolio_weight,Global Market,Oil&Gas_plan,Oil&Gas,2028,Reference,GECO2023,plan,0.0787,FALSE,tons of CO₂ per GJ,Portfolio Weight,Corporate Bonds,Global Market,Oil & Gas,tons of CO₂ per GJ
Corporate Bonds,portfolio_weight,Global Market,Oil&Gas_scen,Oil&Gas,2028,Reference,GECO2023,scen,0.067,FALSE,tons of CO₂ per GJ,Portfolio Weight,Corporate Bonds,Global Market,Oil & Gas,tons of CO₂ per GJ
Corporate Bonds,portfolio_weight,Global Market,Oil&Gas_plan,Oil&Gas,2023,1.5°C,ISF2023,plan,0.0788,FALSE,tons of CO₂ per GJ,Portfolio Weight,Corporate Bonds,Global Market,Oil & Gas,tons of CO₂ per GJ
Corporate Bonds,portfolio_weight,Global Market,Oil&Gas_scen,Oil&Gas,2023,1.5°C,ISF2023,scen,0.0788,FALSE,tons of CO₂ per GJ,Portfolio Weight,Corporate Bonds,Global Market,Oil & Gas,tons of CO₂ per GJ
Corporate Bonds,portfolio_weight,Global Market,Oil&Gas_plan,Oil&Gas,2024,1.5°C,ISF2023,plan,0.0788,FALSE,tons of CO₂ per GJ,Portfolio Weight,Corporate Bonds,Global Market,Oil & Gas,tons of CO₂ per GJ
Corporate Bonds,portfolio_weight,Global Market,Oil&Gas_scen,Oil&Gas,2024,1.5°C,ISF2023,scen,0.0771,FALSE,tons of CO₂ per GJ,Portfolio Weight,Corporate Bonds,Global Market,Oil & Gas,tons of CO₂ per GJ
Corporate Bonds,portfolio_weight,Global Market,Oil&Gas_plan,Oil&Gas,2025,1.5°C,ISF2023,plan,0.0785,FALSE,tons of CO₂ per GJ,Portfolio Weight,Corporate Bonds,Global Market,Oil & Gas,tons of CO₂ per GJ
Corporate Bonds,portfolio_weight,Global Market,Oil&Gas_scen,Oil&Gas,2025,1.5°C,ISF2023,scen,0.0755,FALSE,tons of CO₂ per GJ,Portfolio Weight,Corporate Bonds,Global Market,Oil & Gas,tons of CO₂ per GJ
Corporate Bonds,portfolio_weight,Global Market,Oil&Gas_plan,Oil&Gas,2026,1.5°C,ISF2023,plan,0.0788,FALSE,tons of CO₂ per GJ,Portfolio Weight,Corporate Bonds,Global Market,Oil & Gas,tons of CO₂ per GJ
Corporate Bonds,portfolio_weight,Global Market,Oil&Gas_scen,Oil&Gas,2026,1.5°C,ISF2023,scen,0.0723,FALSE,tons of CO₂ per GJ,Portfolio Weight,Corporate Bonds,Global Market,Oil & Gas,tons of CO₂ per GJ
Corporate Bonds,portfolio_weight,Global Market,Oil&Gas_plan,Oil&Gas,2027,1.5°C,ISF2023,plan,0.0788,FALSE,tons of CO₂ per GJ,Portfolio Weight,Corporate Bonds,Global Market,Oil & Gas,tons of CO₂ per GJ
Corporate Bonds,portfolio_weight,Global Market,Oil&Gas_scen,Oil&Gas,2027,1.5°C,ISF2023,scen,0.0691,FALSE,tons of CO₂ per GJ,Portfolio Weight,Corporate Bonds,Global Market,Oil & Gas,tons of CO₂ per GJ
Corporate Bonds,portfolio_weight,Global Market,Oil&Gas_plan,Oil&Gas,2028,1.5°C,ISF2023,plan,0.0787,FALSE,tons of CO₂ per GJ,Portfolio Weight,Corporate Bonds,Global Market,Oil & Gas,tons of CO₂ per GJ
Corporate Bonds,portfolio_weight,Global Market,Oil&Gas_scen,Oil&Gas,2028,1.5°C,ISF2023,scen,0.0659,FALSE,tons of CO₂ per GJ,Portfolio Weight,Corporate Bonds,Global Market,Oil & Gas,tons of CO₂ per GJ
Corporate Bonds,portfolio_weight,Global Market,Oil&Gas_plan,Oil&Gas,2023,APS,WEO2023,plan,0.0788,FALSE,tons of CO₂ per GJ,Portfolio Weight,Corporate Bonds,Global Market,Oil & Gas,tons of CO₂ per GJ
Corporate Bonds,portfolio_weight,Global Market,Oil&Gas_scen,Oil&Gas,2023,APS,WEO2023,scen,0.0788,FALSE,tons of CO₂ per GJ,Portfolio Weight,Corporate Bonds,Global Market,Oil & Gas,tons of CO₂ per GJ
Corporate Bonds,portfolio_weight,Global Market,Oil&Gas_plan,Oil&Gas,2024,APS,WEO2023,plan,0.0788,FALSE,tons of CO₂ per GJ,Portfolio Weight,Corporate Bonds,Global Market,Oil & Gas,tons of CO₂ per GJ
Corporate Bonds,portfolio_weight,Global Market,Oil&Gas_scen,Oil&Gas,2024,APS,WEO2023,scen,0.0781,FALSE,tons of CO₂ per GJ,Portfolio Weight,Corporate Bonds,Global Market,Oil & Gas,tons of CO₂ per GJ
Corporate Bonds,portfolio_weight,Global Market,Oil&Gas_plan,Oil&Gas,2025,APS,WEO2023,plan,0.0785,FALSE,tons of CO₂ per GJ,Portfolio Weight,Corporate Bonds,Global Market,Oil & Gas,tons of CO₂ per GJ
Corporate Bonds,portfolio_weight,Global Market,Oil&Gas_scen,Oil&Gas,2025,APS,WEO2023,scen,0.0774,FALSE,tons of CO₂ per GJ,Portfolio Weight,Corporate Bonds,Global Market,Oil & Gas,tons of CO₂ per GJ
Corporate Bonds,portfolio_weight,Global Market,Oil&Gas_plan,Oil&Gas,2026,APS,WEO2023,plan,0.0788,FALSE,tons of CO₂ per GJ,Portfolio Weight,Corporate Bonds,Global Market,Oil & Gas,tons of CO₂ per GJ
Corporate Bonds,portfolio_weight,Global Market,Oil&Gas_scen,Oil&Gas,2026,APS,WEO2023,scen,0.0767,FALSE,tons of CO₂ per GJ,Portfolio Weight,Corporate Bonds,Global Market,Oil & Gas,tons of CO₂ per GJ
Corporate Bonds,portfolio_weight,Global Market,Oil&Gas_plan,Oil&Gas,2027,APS,WEO2023,plan,0.0788,FALSE,tons of CO₂ per GJ,Portfolio Weight,Corporate Bonds,Global Market,Oil & Gas,tons of CO₂ per GJ
Corporate Bonds,portfolio_weight,Global Market,Oil&Gas_scen,Oil&Gas,2027,APS,WEO2023,scen,0.0759,FALSE,tons of CO₂ per GJ,Portfolio Weight,Corporate Bonds,Global Market,Oil & Gas,tons of CO₂ per GJ
Corporate Bonds,portfolio_weight,Global Market,Oil&Gas_plan,Oil&Gas,2028,APS,WEO2023,plan,0.0787,FALSE,tons of CO₂ per GJ,Portfolio Weight,Corporate Bonds,Global Market,Oil & Gas,tons of CO₂ per GJ
Corporate Bonds,portfolio_weight,Global Market,Oil&Gas_scen,Oil&Gas,2028,APS,WEO2023,scen,0.0752,FALSE,tons of CO₂ per GJ,Portfolio Weight,Corporate Bonds,Global Market,Oil & Gas,tons of CO₂ per GJ
Corporate Bonds,portfolio_weight,Global Market,Oil&Gas_plan,Oil&Gas,2023,NZE_2050,WEO2023,plan,0.0788,FALSE,tons of CO₂ per GJ,Portfolio Weight,Corporate Bonds,Global Market,Oil & Gas,tons of CO₂ per GJ
Corporate Bonds,portfolio_weight,Global Market,Oil&Gas_scen,Oil&Gas,2023,NZE_2050,WEO2023,scen,0.0788,FALSE,tons of CO₂ per GJ,Portfolio Weight,Corporate Bonds,Global Market,Oil & Gas,tons of CO₂ per GJ
Corporate Bonds,portfolio_weight,Global Market,Oil&Gas_plan,Oil&Gas,2024,NZE_2050,WEO2023,plan,0.0788,FALSE,tons of CO₂ per GJ,Portfolio Weight,Corporate Bonds,Global Market,Oil & Gas,tons of CO₂ per GJ
Corporate Bonds,portfolio_weight,Global Market,Oil&Gas_scen,Oil&Gas,2024,NZE_2050,WEO2023,scen,0.0767,FALSE,tons of CO₂ per GJ,Portfolio Weight,Corporate Bonds,Global Market,Oil & Gas,tons of CO₂ per GJ
Corporate Bonds,portfolio_weight,Global Market,Oil&Gas_plan,Oil&Gas,2025,NZE_2050,WEO2023,plan,0.0785,FALSE,tons of CO₂ per GJ,Portfolio Weight,Corporate Bonds,Global Market,Oil & Gas,tons of CO₂ per GJ
Corporate Bonds,portfolio_weight,Global Market,Oil&Gas_scen,Oil&Gas,2025,NZE_2050,WEO2023,scen,0.0746,FALSE,tons of CO₂ per GJ,Portfolio Weight,Corporate Bonds,Global Market,Oil & Gas,tons of CO₂ per GJ
Corporate Bonds,portfolio_weight,Global Market,Oil&Gas_plan,Oil&Gas,2026,NZE_2050,WEO2023,plan,0.0788,FALSE,tons of CO₂ per GJ,Portfolio Weight,Corporate Bonds,Global Market,Oil & Gas,tons of CO₂ per GJ
Corporate Bonds,portfolio_weight,Global Market,Oil&Gas_scen,Oil&Gas,2026,NZE_2050,WEO2023,scen,0.0725,FALSE,tons of CO₂ per GJ,Portfolio Weight,Corporate Bonds,Global Market,Oil & Gas,tons of CO₂ per GJ
Corporate Bonds,portfolio_weight,Global Market,Oil&Gas_plan,Oil&Gas,2027,NZE_2050,WEO2023,plan,0.0788,FALSE,tons of CO₂ per GJ,Portfolio Weight,Corporate Bonds,Global Market,Oil & Gas,tons of CO₂ per GJ
Corporate Bonds,portfolio_weight,Global Market,Oil&Gas_scen,Oil&Gas,2027,NZE_2050,WEO2023,scen,0.0704,FALSE,tons of CO₂ per GJ,Portfolio Weight,Corporate Bonds,Global Market,Oil & Gas,tons of CO₂ per GJ
Corporate Bonds,portfolio_weight,Global Market,Oil&Gas_plan,Oil&Gas,2028,NZE_2050,WEO2023,plan,0.0787,FALSE,tons of CO₂ per GJ,Portfolio Weight,Corporate Bonds,Global Market,Oil & Gas,tons of CO₂ per GJ
Corporate Bonds,portfolio_weight,Global Market,Oil&Gas_scen,Oil&Gas,2028,NZE_2050,WEO2023,scen,0.0684,FALSE,tons of CO₂ per GJ,Portfolio Weight,Corporate Bonds,Global Market,Oil & Gas,tons of CO₂ per GJ
Corporate Bonds,portfolio_weight,Global Market,Oil&Gas_plan,Oil&Gas,2023,STEPS,WEO2023,plan,0.0788,FALSE,tons of CO₂ per GJ,Portfolio Weight,Corporate Bonds,Global Market,Oil & Gas,tons of CO₂ per GJ
Corporate Bonds,portfolio_weight,Global Market,Oil&Gas_scen,Oil&Gas,2023,STEPS,WEO2023,scen,0.0788,FALSE,tons of CO₂ per GJ,Portfolio Weight,Corporate Bonds,Global Market,Oil & Gas,tons of CO₂ per GJ
Corporate Bonds,portfolio_weight,Global Market,Oil&Gas_plan,Oil&Gas,2024,STEPS,WEO2023,plan,0.0788,FALSE,tons of CO₂ per GJ,Portfolio Weight,Corporate Bonds,Global Market,Oil & Gas,tons of CO₂ per GJ
Corporate Bonds,portfolio_weight,Global Market,Oil&Gas_scen,Oil&Gas,2024,STEPS,WEO2023,scen,0.079,FALSE,tons of CO₂ per GJ,Portfolio Weight,Corporate Bonds,Global Market,Oil & Gas,tons of CO₂ per GJ
Corporate Bonds,portfolio_weight,Global Market,Oil&Gas_plan,Oil&Gas,2025,STEPS,WEO2023,plan,0.0785,FALSE,tons of CO₂ per GJ,Portfolio Weight,Corporate Bonds,Global Market,Oil & Gas,tons of CO₂ per GJ
Corporate Bonds,portfolio_weight,Global Market,Oil&Gas_scen,Oil&Gas,2025,STEPS,WEO2023,scen,0.0793,FALSE,tons of CO₂ per GJ,Portfolio Weight,Corporate Bonds,Global Market,Oil & Gas,tons of CO₂ per GJ
Corporate Bonds,portfolio_weight,Global Market,Oil&Gas_plan,Oil&Gas,2026,STEPS,WEO2023,plan,0.0788,FALSE,tons of CO₂ per GJ,Portfolio Weight,Corporate Bonds,Global Market,Oil & Gas,tons of CO₂ per GJ
Corporate Bonds,portfolio_weight,Global Market,Oil&Gas_scen,Oil&Gas,2026,STEPS,WEO2023,scen,0.0795,FALSE,tons of CO₂ per GJ,Portfolio Weight,Corporate Bonds,Global Market,Oil & Gas,tons of CO₂ per GJ
Corporate Bonds,portfolio_weight,Global Market,Oil&Gas_plan,Oil&Gas,2027,STEPS,WEO2023,plan,0.0788,FALSE,tons of CO₂ per GJ,Portfolio Weight,Corporate Bonds,Global Market,Oil & Gas,tons of CO₂ per GJ
Corporate Bonds,portfolio_weight,Global Market,Oil&Gas_scen,Oil&Gas,2027,STEPS,WEO2023,scen,0.0798,FALSE,tons of CO₂ per GJ,Portfolio Weight,Corporate Bonds,Global Market,Oil & Gas,tons of CO₂ per GJ
Corporate Bonds,portfolio_weight,Global Market,Oil&Gas_plan,Oil&Gas,2028,STEPS,WEO2023,plan,0.0787,FALSE,tons of CO₂ per GJ,Portfolio Weight,Corporate Bonds,Global Market,Oil & Gas,tons of CO₂ per GJ
Corporate Bonds,portfolio_weight,Global Market,Oil&Gas_scen,Oil&Gas,2028,STEPS,WEO2023,scen,0.0801,FALSE,tons of CO₂ per GJ,Portfolio Weight,Corporate Bonds,Global Market,Oil & Gas,tons of CO₂ per GJ
