asset_class,equity_market,portfolio_name,this_portfolio,ald_sector,technology,plan_carsten,sector_sum,sector_prcnt,cumsum,sector_cumprcnt,green,green_sum,green_prcnt,asset_class_translation,equity_market_translation,ald_sector_translation,technology_translation,portfolio_name_translation
Corporate Bonds,Global Market,Default Portfolio,TRUE,Oil&Gas,Oil,0.5248,0.9965,0.5266,0,0,FALSE,0.9965,1,Corporate Bonds,Global Market,Oil & Gas,Oil,Default Portfolio
Corporate Bonds,Global Market,Default Portfolio,TRUE,Oil&Gas,Gas,0.4718,0.9965,0.4734,0.5248,0.5266,FALSE,0.9965,1,Corporate Bonds,Global Market,Oil & Gas,Gas,Default Portfolio
Corporate Bonds,Global Market,iShares Global Corp Bond UCITS ETF,FALSE,Oil&Gas,Oil,0.0157,0.0275,0.5696,0,0,FALSE,0.0275,1,Corporate Bonds,Global Market,Oil & Gas,Oil,iShares Global Corp Bond UCITS ETF
Corporate Bonds,Global Market,iShares Global Corp Bond UCITS ETF,FALSE,Oil&Gas,Gas,0.0118,0.0275,0.4304,0.0157,0.5696,FALSE,0.0275,1,Corporate Bonds,Global Market,Oil & Gas,Gas,iShares Global Corp Bond UCITS ETF
