id,ald_sector,technology,plan_tech_share,port_weight,allocation,scenario_source,scenario,year,asset_class,ald_sector_translation,asset_class_translation,technology_translation
Geely Automobile Holdings Ltd.,Automotive,Electric,0.4949,0.0412,portfolio_weight,WEO2023,APS,2028,Listed Equity,Automotive,Listed Equity,LDV: Electric
Geely Automobile Holdings Ltd.,Automotive,Electric,0.4949,0.0412,portfolio_weight,WEO2023,NZE_2050,2028,Listed Equity,Automotive,Listed Equity,LDV: Electric
Geely Automobile Holdings Ltd.,Automotive,Electric,0.4949,0.0412,portfolio_weight,WEO2023,STEPS,2028,Listed Equity,Automotive,Listed Equity,LDV: Electric
Geely Automobile Holdings Ltd.,Automotive,Electric,0.4949,0.0412,ownership_weight,WEO2023,APS,2028,Listed Equity,Automotive,Listed Equity,LDV: Electric
Geely Automobile Holdings Ltd.,Automotive,Electric,0.4949,0.0412,ownership_weight,WEO2023,NZE_2050,2028,Listed Equity,Automotive,Listed Equity,LDV: Electric
Geely Automobile Holdings Ltd.,Automotive,Electric,0.4949,0.0412,ownership_weight,WEO2023,STEPS,2028,Listed Equity,Automotive,Listed Equity,LDV: Electric
"Hyundai Motor Co., Ltd.",Automotive,Electric,0.1927,0.0399,portfolio_weight,WEO2023,APS,2028,Listed Equity,Automotive,Listed Equity,LDV: Electric
"Hyundai Motor Co., Ltd.",Automotive,Electric,0.1927,0.0399,portfolio_weight,WEO2023,NZE_2050,2028,Listed Equity,Automotive,Listed Equity,LDV: Electric
"Hyundai Motor Co., Ltd.",Automotive,Electric,0.1927,0.0399,portfolio_weight,WEO2023,STEPS,2028,Listed Equity,Automotive,Listed Equity,LDV: Electric
"Hyundai Motor Co., Ltd.",Automotive,Electric,0.1927,0.0399,ownership_weight,WEO2023,APS,2028,Listed Equity,Automotive,Listed Equity,LDV: Electric
"Hyundai Motor Co., Ltd.",Automotive,Electric,0.1927,0.0399,ownership_weight,WEO2023,NZE_2050,2028,Listed Equity,Automotive,Listed Equity,LDV: Electric
"Hyundai Motor Co., Ltd.",Automotive,Electric,0.1927,0.0399,ownership_weight,WEO2023,STEPS,2028,Listed Equity,Automotive,Listed Equity,LDV: Electric
Volvo AB,Automotive,Electric,0.5346,0.0309,ownership_weight,WEO2023,APS,2028,Listed Equity,Automotive,Listed Equity,LDV: Electric
Volvo AB,Automotive,Electric,0.5346,0.0309,ownership_weight,WEO2023,NZE_2050,2028,Listed Equity,Automotive,Listed Equity,LDV: Electric
Volvo AB,Automotive,Electric,0.5346,0.0309,ownership_weight,WEO2023,STEPS,2028,Listed Equity,Automotive,Listed Equity,LDV: Electric
Geely Automobile Holdings Ltd.,Automotive,FuelCell,0,0.0412,portfolio_weight,WEO2023,APS,2028,Listed Equity,Automotive,Listed Equity,LDV: Fuel Cell
Geely Automobile Holdings Ltd.,Automotive,FuelCell,0,0.0412,portfolio_weight,WEO2023,NZE_2050,2028,Listed Equity,Automotive,Listed Equity,LDV: Fuel Cell
Geely Automobile Holdings Ltd.,Automotive,FuelCell,0,0.0412,portfolio_weight,WEO2023,STEPS,2028,Listed Equity,Automotive,Listed Equity,LDV: Fuel Cell
Geely Automobile Holdings Ltd.,Automotive,FuelCell,0,0.0412,ownership_weight,WEO2023,APS,2028,Listed Equity,Automotive,Listed Equity,LDV: Fuel Cell
Geely Automobile Holdings Ltd.,Automotive,FuelCell,0,0.0412,ownership_weight,WEO2023,NZE_2050,2028,Listed Equity,Automotive,Listed Equity,LDV: Fuel Cell
Geely Automobile Holdings Ltd.,Automotive,FuelCell,0,0.0412,ownership_weight,WEO2023,STEPS,2028,Listed Equity,Automotive,Listed Equity,LDV: Fuel Cell
"Hyundai Motor Co., Ltd.",Automotive,FuelCell,0.001,0.0399,portfolio_weight,WEO2023,APS,2028,Listed Equity,Automotive,Listed Equity,LDV: Fuel Cell
"Hyundai Motor Co., Ltd.",Automotive,FuelCell,0.001,0.0399,portfolio_weight,WEO2023,NZE_2050,2028,Listed Equity,Automotive,Listed Equity,LDV: Fuel Cell
"Hyundai Motor Co., Ltd.",Automotive,FuelCell,0.001,0.0399,portfolio_weight,WEO2023,STEPS,2028,Listed Equity,Automotive,Listed Equity,LDV: Fuel Cell
"Hyundai Motor Co., Ltd.",Automotive,FuelCell,0.001,0.0399,ownership_weight,WEO2023,APS,2028,Listed Equity,Automotive,Listed Equity,LDV: Fuel Cell
"Hyundai Motor Co., Ltd.",Automotive,FuelCell,0.001,0.0399,ownership_weight,WEO2023,NZE_2050,2028,Listed Equity,Automotive,Listed Equity,LDV: Fuel Cell
"Hyundai Motor Co., Ltd.",Automotive,FuelCell,0.001,0.0399,ownership_weight,WEO2023,STEPS,2028,Listed Equity,Automotive,Listed Equity,LDV: Fuel Cell
Volvo AB,Automotive,FuelCell,0,0.0309,ownership_weight,WEO2023,APS,2028,Listed Equity,Automotive,Listed Equity,LDV: Fuel Cell
Volvo AB,Automotive,FuelCell,0,0.0309,ownership_weight,WEO2023,NZE_2050,2028,Listed Equity,Automotive,Listed Equity,LDV: Fuel Cell
Volvo AB,Automotive,FuelCell,0,0.0309,ownership_weight,WEO2023,STEPS,2028,Listed Equity,Automotive,Listed Equity,LDV: Fuel Cell
Geely Automobile Holdings Ltd.,Automotive,Hybrid,0.1417,0.0412,portfolio_weight,WEO2023,APS,2028,Listed Equity,Automotive,Listed Equity,LDV: Hybrid
Geely Automobile Holdings Ltd.,Automotive,Hybrid,0.1417,0.0412,portfolio_weight,WEO2023,NZE_2050,2028,Listed Equity,Automotive,Listed Equity,LDV: Hybrid
Geely Automobile Holdings Ltd.,Automotive,Hybrid,0.1417,0.0412,portfolio_weight,WEO2023,STEPS,2028,Listed Equity,Automotive,Listed Equity,LDV: Hybrid
Geely Automobile Holdings Ltd.,Automotive,Hybrid,0.1417,0.0412,ownership_weight,WEO2023,APS,2028,Listed Equity,Automotive,Listed Equity,LDV: Hybrid
Geely Automobile Holdings Ltd.,Automotive,Hybrid,0.1417,0.0412,ownership_weight,WEO2023,NZE_2050,2028,Listed Equity,Automotive,Listed Equity,LDV: Hybrid
Geely Automobile Holdings Ltd.,Automotive,Hybrid,0.1417,0.0412,ownership_weight,WEO2023,STEPS,2028,Listed Equity,Automotive,Listed Equity,LDV: Hybrid
"Hyundai Motor Co., Ltd.",Automotive,Hybrid,0.0107,0.0399,portfolio_weight,WEO2023,APS,2028,Listed Equity,Automotive,Listed Equity,LDV: Hybrid
"Hyundai Motor Co., Ltd.",Automotive,Hybrid,0.0107,0.0399,portfolio_weight,WEO2023,NZE_2050,2028,Listed Equity,Automotive,Listed Equity,LDV: Hybrid
"Hyundai Motor Co., Ltd.",Automotive,Hybrid,0.0107,0.0399,portfolio_weight,WEO2023,STEPS,2028,Listed Equity,Automotive,Listed Equity,LDV: Hybrid
"Hyundai Motor Co., Ltd.",Automotive,Hybrid,0.0107,0.0399,ownership_weight,WEO2023,APS,2028,Listed Equity,Automotive,Listed Equity,LDV: Hybrid
"Hyundai Motor Co., Ltd.",Automotive,Hybrid,0.0107,0.0399,ownership_weight,WEO2023,NZE_2050,2028,Listed Equity,Automotive,Listed Equity,LDV: Hybrid
"Hyundai Motor Co., Ltd.",Automotive,Hybrid,0.0107,0.0399,ownership_weight,WEO2023,STEPS,2028,Listed Equity,Automotive,Listed Equity,LDV: Hybrid
Volvo AB,Automotive,Hybrid,0,0.0309,ownership_weight,WEO2023,APS,2028,Listed Equity,Automotive,Listed Equity,LDV: Hybrid
Volvo AB,Automotive,Hybrid,0,0.0309,ownership_weight,WEO2023,NZE_2050,2028,Listed Equity,Automotive,Listed Equity,LDV: Hybrid
Volvo AB,Automotive,Hybrid,0,0.0309,ownership_weight,WEO2023,STEPS,2028,Listed Equity,Automotive,Listed Equity,LDV: Hybrid
Geely Automobile Holdings Ltd.,Automotive,ICE,0.3634,0.0412,portfolio_weight,WEO2023,APS,2028,Listed Equity,Automotive,Listed Equity,LDV: ICE
Geely Automobile Holdings Ltd.,Automotive,ICE,0.3634,0.0412,portfolio_weight,WEO2023,NZE_2050,2028,Listed Equity,Automotive,Listed Equity,LDV: ICE
Geely Automobile Holdings Ltd.,Automotive,ICE,0.3634,0.0412,portfolio_weight,WEO2023,STEPS,2028,Listed Equity,Automotive,Listed Equity,LDV: ICE
Geely Automobile Holdings Ltd.,Automotive,ICE,0.3634,0.0412,ownership_weight,WEO2023,APS,2028,Listed Equity,Automotive,Listed Equity,LDV: ICE
Geely Automobile Holdings Ltd.,Automotive,ICE,0.3634,0.0412,ownership_weight,WEO2023,NZE_2050,2028,Listed Equity,Automotive,Listed Equity,LDV: ICE
Geely Automobile Holdings Ltd.,Automotive,ICE,0.3634,0.0412,ownership_weight,WEO2023,STEPS,2028,Listed Equity,Automotive,Listed Equity,LDV: ICE
"Hyundai Motor Co., Ltd.",Automotive,ICE,0.7956,0.0399,portfolio_weight,WEO2023,APS,2028,Listed Equity,Automotive,Listed Equity,LDV: ICE
"Hyundai Motor Co., Ltd.",Automotive,ICE,0.7956,0.0399,portfolio_weight,WEO2023,NZE_2050,2028,Listed Equity,Automotive,Listed Equity,LDV: ICE
"Hyundai Motor Co., Ltd.",Automotive,ICE,0.7956,0.0399,portfolio_weight,WEO2023,STEPS,2028,Listed Equity,Automotive,Listed Equity,LDV: ICE
"Hyundai Motor Co., Ltd.",Automotive,ICE,0.7956,0.0399,ownership_weight,WEO2023,APS,2028,Listed Equity,Automotive,Listed Equity,LDV: ICE
"Hyundai Motor Co., Ltd.",Automotive,ICE,0.7956,0.0399,ownership_weight,WEO2023,NZE_2050,2028,Listed Equity,Automotive,Listed Equity,LDV: ICE
"Hyundai Motor Co., Ltd.",Automotive,ICE,0.7956,0.0399,ownership_weight,WEO2023,STEPS,2028,Listed Equity,Automotive,Listed Equity,LDV: ICE
Volvo AB,Automotive,ICE,0.4654,0.0309,ownership_weight,WEO2023,APS,2028,Listed Equity,Automotive,Listed Equity,LDV: ICE
Volvo AB,Automotive,ICE,0.4654,0.0309,ownership_weight,WEO2023,NZE_2050,2028,Listed Equity,Automotive,Listed Equity,LDV: ICE
Volvo AB,Automotive,ICE,0.4654,0.0309,ownership_weight,WEO2023,STEPS,2028,Listed Equity,Automotive,Listed Equity,LDV: ICE
"Hyundai Motor Co., Ltd.",Power,CoalCap,0,0.0399,ownership_weight,GECO2023,1.5C,2028,Listed Equity,Power,Listed Equity,Coal Power
"Hyundai Motor Co., Ltd.",Power,CoalCap,0,0.0399,ownership_weight,GECO2023,NDC-LTS,2028,Listed Equity,Power,Listed Equity,Coal Power
"Hyundai Motor Co., Ltd.",Power,CoalCap,0,0.0399,ownership_weight,GECO2023,Reference,2028,Listed Equity,Power,Listed Equity,Coal Power
"Hyundai Motor Co., Ltd.",Power,CoalCap,0,0.0399,ownership_weight,ISF2023,1.5°C,2028,Listed Equity,Power,Listed Equity,Coal Power
"Hyundai Motor Co., Ltd.",Power,CoalCap,0,0.0399,ownership_weight,WEO2023,APS,2028,Listed Equity,Power,Listed Equity,Coal Power
"Hyundai Motor Co., Ltd.",Power,CoalCap,0,0.0399,ownership_weight,WEO2023,NZE_2050,2028,Listed Equity,Power,Listed Equity,Coal Power
"Hyundai Motor Co., Ltd.",Power,CoalCap,0,0.0399,ownership_weight,WEO2023,STEPS,2028,Listed Equity,Power,Listed Equity,Coal Power
Energisa SA,Power,CoalCap,0,0.0396,portfolio_weight,GECO2023,1.5C,2028,Listed Equity,Power,Listed Equity,Coal Power
Energisa SA,Power,CoalCap,0,0.0396,portfolio_weight,GECO2023,NDC-LTS,2028,Listed Equity,Power,Listed Equity,Coal Power
Energisa SA,Power,CoalCap,0,0.0396,portfolio_weight,GECO2023,Reference,2028,Listed Equity,Power,Listed Equity,Coal Power
Energisa SA,Power,CoalCap,0,0.0396,portfolio_weight,ISF2023,1.5°C,2028,Listed Equity,Power,Listed Equity,Coal Power
Energisa SA,Power,CoalCap,0,0.0396,portfolio_weight,WEO2023,APS,2028,Listed Equity,Power,Listed Equity,Coal Power
Energisa SA,Power,CoalCap,0,0.0396,portfolio_weight,WEO2023,NZE_2050,2028,Listed Equity,Power,Listed Equity,Coal Power
Energisa SA,Power,CoalCap,0,0.0396,portfolio_weight,WEO2023,STEPS,2028,Listed Equity,Power,Listed Equity,Coal Power
Energisa SA,Power,CoalCap,0,0.0396,ownership_weight,GECO2023,1.5C,2028,Listed Equity,Power,Listed Equity,Coal Power
"Hyundai Motor Co., Ltd.",Power,GasCap,0.4779,0.0399,ownership_weight,GECO2023,1.5C,2028,Listed Equity,Power,Listed Equity,Gas Power
"Hyundai Motor Co., Ltd.",Power,GasCap,0.4779,0.0399,ownership_weight,GECO2023,NDC-LTS,2028,Listed Equity,Power,Listed Equity,Gas Power
"Hyundai Motor Co., Ltd.",Power,GasCap,0.4779,0.0399,ownership_weight,GECO2023,Reference,2028,Listed Equity,Power,Listed Equity,Gas Power
"Hyundai Motor Co., Ltd.",Power,GasCap,0.4779,0.0399,ownership_weight,ISF2023,1.5°C,2028,Listed Equity,Power,Listed Equity,Gas Power
"Hyundai Motor Co., Ltd.",Power,GasCap,0.4779,0.0399,ownership_weight,WEO2023,APS,2028,Listed Equity,Power,Listed Equity,Gas Power
"Hyundai Motor Co., Ltd.",Power,GasCap,0.4779,0.0399,ownership_weight,WEO2023,NZE_2050,2028,Listed Equity,Power,Listed Equity,Gas Power
"Hyundai Motor Co., Ltd.",Power,GasCap,0.4779,0.0399,ownership_weight,WEO2023,STEPS,2028,Listed Equity,Power,Listed Equity,Gas Power
Energisa SA,Power,GasCap,0,0.0396,portfolio_weight,GECO2023,1.5C,2028,Listed Equity,Power,Listed Equity,Gas Power
Energisa SA,Power,GasCap,0,0.0396,portfolio_weight,GECO2023,NDC-LTS,2028,Listed Equity,Power,Listed Equity,Gas Power
Energisa SA,Power,GasCap,0,0.0396,portfolio_weight,GECO2023,Reference,2028,Listed Equity,Power,Listed Equity,Gas Power
Energisa SA,Power,GasCap,0,0.0396,portfolio_weight,ISF2023,1.5°C,2028,Listed Equity,Power,Listed Equity,Gas Power
Energisa SA,Power,GasCap,0,0.0396,portfolio_weight,WEO2023,APS,2028,Listed Equity,Power,Listed Equity,Gas Power
Energisa SA,Power,GasCap,0,0.0396,portfolio_weight,WEO2023,NZE_2050,2028,Listed Equity,Power,Listed Equity,Gas Power
Energisa SA,Power,GasCap,0,0.0396,portfolio_weight,WEO2023,STEPS,2028,Listed Equity,Power,Listed Equity,Gas Power
Energisa SA,Power,GasCap,0,0.0396,ownership_weight,GECO2023,1.5C,2028,Listed Equity,Power,Listed Equity,Gas Power
"Hyundai Motor Co., Ltd.",Power,HydroCap,0,0.0399,ownership_weight,GECO2023,1.5C,2028,Listed Equity,Power,Listed Equity,Hydropower
"Hyundai Motor Co., Ltd.",Power,HydroCap,0,0.0399,ownership_weight,GECO2023,NDC-LTS,2028,Listed Equity,Power,Listed Equity,Hydropower
"Hyundai Motor Co., Ltd.",Power,HydroCap,0,0.0399,ownership_weight,GECO2023,Reference,2028,Listed Equity,Power,Listed Equity,Hydropower
"Hyundai Motor Co., Ltd.",Power,HydroCap,0,0.0399,ownership_weight,ISF2023,1.5°C,2028,Listed Equity,Power,Listed Equity,Hydropower
"Hyundai Motor Co., Ltd.",Power,HydroCap,0,0.0399,ownership_weight,WEO2023,APS,2028,Listed Equity,Power,Listed Equity,Hydropower
"Hyundai Motor Co., Ltd.",Power,HydroCap,0,0.0399,ownership_weight,WEO2023,NZE_2050,2028,Listed Equity,Power,Listed Equity,Hydropower
"Hyundai Motor Co., Ltd.",Power,HydroCap,0,0.0399,ownership_weight,WEO2023,STEPS,2028,Listed Equity,Power,Listed Equity,Hydropower
Energisa SA,Power,HydroCap,0,0.0396,portfolio_weight,GECO2023,1.5C,2028,Listed Equity,Power,Listed Equity,Hydropower
Energisa SA,Power,HydroCap,0,0.0396,portfolio_weight,GECO2023,NDC-LTS,2028,Listed Equity,Power,Listed Equity,Hydropower
Energisa SA,Power,HydroCap,0,0.0396,portfolio_weight,GECO2023,Reference,2028,Listed Equity,Power,Listed Equity,Hydropower
Energisa SA,Power,HydroCap,0,0.0396,portfolio_weight,ISF2023,1.5°C,2028,Listed Equity,Power,Listed Equity,Hydropower
Energisa SA,Power,HydroCap,0,0.0396,portfolio_weight,WEO2023,APS,2028,Listed Equity,Power,Listed Equity,Hydropower
Energisa SA,Power,HydroCap,0,0.0396,portfolio_weight,WEO2023,NZE_2050,2028,Listed Equity,Power,Listed Equity,Hydropower
Energisa SA,Power,HydroCap,0,0.0396,portfolio_weight,WEO2023,STEPS,2028,Listed Equity,Power,Listed Equity,Hydropower
Energisa SA,Power,HydroCap,0,0.0396,ownership_weight,GECO2023,1.5C,2028,Listed Equity,Power,Listed Equity,Hydropower
"Hyundai Motor Co., Ltd.",Power,NuclearCap,0,0.0399,ownership_weight,GECO2023,1.5C,2028,Listed Equity,Power,Listed Equity,Nuclear Power
"Hyundai Motor Co., Ltd.",Power,NuclearCap,0,0.0399,ownership_weight,GECO2023,NDC-LTS,2028,Listed Equity,Power,Listed Equity,Nuclear Power
"Hyundai Motor Co., Ltd.",Power,NuclearCap,0,0.0399,ownership_weight,GECO2023,Reference,2028,Listed Equity,Power,Listed Equity,Nuclear Power
"Hyundai Motor Co., Ltd.",Power,NuclearCap,0,0.0399,ownership_weight,ISF2023,1.5°C,2028,Listed Equity,Power,Listed Equity,Nuclear Power
"Hyundai Motor Co., Ltd.",Power,NuclearCap,0,0.0399,ownership_weight,WEO2023,APS,2028,Listed Equity,Power,Listed Equity,Nuclear Power
"Hyundai Motor Co., Ltd.",Power,NuclearCap,0,0.0399,ownership_weight,WEO2023,NZE_2050,2028,Listed Equity,Power,Listed Equity,Nuclear Power
"Hyundai Motor Co., Ltd.",Power,NuclearCap,0,0.0399,ownership_weight,WEO2023,STEPS,2028,Listed Equity,Power,Listed Equity,Nuclear Power
Energisa SA,Power,NuclearCap,0,0.0396,portfolio_weight,GECO2023,1.5C,2028,Listed Equity,Power,Listed Equity,Nuclear Power
Energisa SA,Power,NuclearCap,0,0.0396,portfolio_weight,GECO2023,NDC-LTS,2028,Listed Equity,Power,Listed Equity,Nuclear Power
Energisa SA,Power,NuclearCap,0,0.0396,portfolio_weight,GECO2023,Reference,2028,Listed Equity,Power,Listed Equity,Nuclear Power
Energisa SA,Power,NuclearCap,0,0.0396,portfolio_weight,ISF2023,1.5°C,2028,Listed Equity,Power,Listed Equity,Nuclear Power
Energisa SA,Power,NuclearCap,0,0.0396,portfolio_weight,WEO2023,APS,2028,Listed Equity,Power,Listed Equity,Nuclear Power
Energisa SA,Power,NuclearCap,0,0.0396,portfolio_weight,WEO2023,NZE_2050,2028,Listed Equity,Power,Listed Equity,Nuclear Power
Energisa SA,Power,NuclearCap,0,0.0396,portfolio_weight,WEO2023,STEPS,2028,Listed Equity,Power,Listed Equity,Nuclear Power
Energisa SA,Power,NuclearCap,0,0.0396,ownership_weight,GECO2023,1.5C,2028,Listed Equity,Power,Listed Equity,Nuclear Power
"Hyundai Motor Co., Ltd.",Power,OilCap,0,0.0399,ownership_weight,GECO2023,1.5C,2028,Listed Equity,Power,Listed Equity,Oil Power
"Hyundai Motor Co., Ltd.",Power,OilCap,0,0.0399,ownership_weight,GECO2023,NDC-LTS,2028,Listed Equity,Power,Listed Equity,Oil Power
"Hyundai Motor Co., Ltd.",Power,OilCap,0,0.0399,ownership_weight,GECO2023,Reference,2028,Listed Equity,Power,Listed Equity,Oil Power
"Hyundai Motor Co., Ltd.",Power,OilCap,0,0.0399,ownership_weight,ISF2023,1.5°C,2028,Listed Equity,Power,Listed Equity,Oil Power
"Hyundai Motor Co., Ltd.",Power,OilCap,0,0.0399,ownership_weight,WEO2023,APS,2028,Listed Equity,Power,Listed Equity,Oil Power
"Hyundai Motor Co., Ltd.",Power,OilCap,0,0.0399,ownership_weight,WEO2023,NZE_2050,2028,Listed Equity,Power,Listed Equity,Oil Power
"Hyundai Motor Co., Ltd.",Power,OilCap,0,0.0399,ownership_weight,WEO2023,STEPS,2028,Listed Equity,Power,Listed Equity,Oil Power
Energisa SA,Power,OilCap,0.1923,0.0396,portfolio_weight,GECO2023,1.5C,2028,Listed Equity,Power,Listed Equity,Oil Power
Energisa SA,Power,OilCap,0.1923,0.0396,portfolio_weight,GECO2023,NDC-LTS,2028,Listed Equity,Power,Listed Equity,Oil Power
Energisa SA,Power,OilCap,0.1923,0.0396,portfolio_weight,GECO2023,Reference,2028,Listed Equity,Power,Listed Equity,Oil Power
Energisa SA,Power,OilCap,0.1923,0.0396,portfolio_weight,ISF2023,1.5°C,2028,Listed Equity,Power,Listed Equity,Oil Power
Energisa SA,Power,OilCap,0.1923,0.0396,portfolio_weight,WEO2023,APS,2028,Listed Equity,Power,Listed Equity,Oil Power
Energisa SA,Power,OilCap,0.1923,0.0396,portfolio_weight,WEO2023,NZE_2050,2028,Listed Equity,Power,Listed Equity,Oil Power
Energisa SA,Power,OilCap,0.1923,0.0396,portfolio_weight,WEO2023,STEPS,2028,Listed Equity,Power,Listed Equity,Oil Power
Energisa SA,Power,OilCap,0.1923,0.0396,ownership_weight,GECO2023,1.5C,2028,Listed Equity,Power,Listed Equity,Oil Power
"Hyundai Motor Co., Ltd.",Power,RenewablesCap,0.5221,0.0399,ownership_weight,GECO2023,1.5C,2028,Listed Equity,Power,Listed Equity,Renewables
"Hyundai Motor Co., Ltd.",Power,RenewablesCap,0.5221,0.0399,ownership_weight,GECO2023,NDC-LTS,2028,Listed Equity,Power,Listed Equity,Renewables
"Hyundai Motor Co., Ltd.",Power,RenewablesCap,0.5221,0.0399,ownership_weight,GECO2023,Reference,2028,Listed Equity,Power,Listed Equity,Renewables
"Hyundai Motor Co., Ltd.",Power,RenewablesCap,0.5221,0.0399,ownership_weight,ISF2023,1.5°C,2028,Listed Equity,Power,Listed Equity,Renewables
"Hyundai Motor Co., Ltd.",Power,RenewablesCap,0.5221,0.0399,ownership_weight,WEO2023,APS,2028,Listed Equity,Power,Listed Equity,Renewables
"Hyundai Motor Co., Ltd.",Power,RenewablesCap,0.5221,0.0399,ownership_weight,WEO2023,NZE_2050,2028,Listed Equity,Power,Listed Equity,Renewables
"Hyundai Motor Co., Ltd.",Power,RenewablesCap,0.5221,0.0399,ownership_weight,WEO2023,STEPS,2028,Listed Equity,Power,Listed Equity,Renewables
Energisa SA,Power,RenewablesCap,0.8077,0.0396,portfolio_weight,GECO2023,1.5C,2028,Listed Equity,Power,Listed Equity,Renewables
Energisa SA,Power,RenewablesCap,0.8077,0.0396,portfolio_weight,GECO2023,NDC-LTS,2028,Listed Equity,Power,Listed Equity,Renewables
Energisa SA,Power,RenewablesCap,0.8077,0.0396,portfolio_weight,GECO2023,Reference,2028,Listed Equity,Power,Listed Equity,Renewables
Energisa SA,Power,RenewablesCap,0.8077,0.0396,portfolio_weight,ISF2023,1.5°C,2028,Listed Equity,Power,Listed Equity,Renewables
Energisa SA,Power,RenewablesCap,0.8077,0.0396,portfolio_weight,WEO2023,APS,2028,Listed Equity,Power,Listed Equity,Renewables
Energisa SA,Power,RenewablesCap,0.8077,0.0396,portfolio_weight,WEO2023,NZE_2050,2028,Listed Equity,Power,Listed Equity,Renewables
Energisa SA,Power,RenewablesCap,0.8077,0.0396,portfolio_weight,WEO2023,STEPS,2028,Listed Equity,Power,Listed Equity,Renewables
Energisa SA,Power,RenewablesCap,0.8077,0.0396,ownership_weight,GECO2023,1.5C,2028,Listed Equity,Power,Listed Equity,Renewables
Mercedes-Benz Group AG,Automotive,Electric,0.4162,0.1647,portfolio_weight,WEO2023,APS,2028,Corporate Bonds,Automotive,Corporate Bonds,LDV: Electric
Mercedes-Benz Group AG,Automotive,FuelCell,0,0.1647,portfolio_weight,WEO2023,APS,2028,Corporate Bonds,Automotive,Corporate Bonds,LDV: Fuel Cell
Mercedes-Benz Group AG,Automotive,Hybrid,0.0854,0.1647,portfolio_weight,WEO2023,APS,2028,Corporate Bonds,Automotive,Corporate Bonds,LDV: Hybrid
Mercedes-Benz Group AG,Automotive,ICE,0.4983,0.1647,portfolio_weight,WEO2023,APS,2028,Corporate Bonds,Automotive,Corporate Bonds,LDV: ICE
Ford Motor Co.,Automotive,Electric,0.2934,0.0802,portfolio_weight,WEO2023,APS,2028,Corporate Bonds,Automotive,Corporate Bonds,LDV: Electric
Ford Motor Co.,Automotive,FuelCell,0,0.0802,portfolio_weight,WEO2023,APS,2028,Corporate Bonds,Automotive,Corporate Bonds,LDV: Fuel Cell
Ford Motor Co.,Automotive,Hybrid,0.0219,0.0802,portfolio_weight,WEO2023,APS,2028,Corporate Bonds,Automotive,Corporate Bonds,LDV: Hybrid
Ford Motor Co.,Automotive,ICE,0.6848,0.0802,portfolio_weight,WEO2023,APS,2028,Corporate Bonds,Automotive,Corporate Bonds,LDV: ICE
Stellantis NV,Automotive,Electric,0.2901,0.0439,portfolio_weight,WEO2023,APS,2028,Corporate Bonds,Automotive,Corporate Bonds,LDV: Electric
Stellantis NV,Automotive,FuelCell,0,0.0439,portfolio_weight,WEO2023,APS,2028,Corporate Bonds,Automotive,Corporate Bonds,LDV: Fuel Cell
Stellantis NV,Automotive,Hybrid,0.15,0.0439,portfolio_weight,WEO2023,APS,2028,Corporate Bonds,Automotive,Corporate Bonds,LDV: Hybrid
Stellantis NV,Automotive,ICE,0.5599,0.0439,portfolio_weight,WEO2023,APS,2028,Corporate Bonds,Automotive,Corporate Bonds,LDV: ICE
"Beijing Automotive Group Co., Ltd.",Automotive,Electric,0.113,0.016,portfolio_weight,WEO2023,APS,2028,Corporate Bonds,Automotive,Corporate Bonds,LDV: Electric
"Beijing Automotive Group Co., Ltd.",Automotive,FuelCell,0,0.016,portfolio_weight,WEO2023,APS,2028,Corporate Bonds,Automotive,Corporate Bonds,LDV: Fuel Cell
"Beijing Automotive Group Co., Ltd.",Automotive,Hybrid,0.0141,0.016,portfolio_weight,WEO2023,APS,2028,Corporate Bonds,Automotive,Corporate Bonds,LDV: Hybrid
"Beijing Automotive Group Co., Ltd.",Automotive,ICE,0.873,0.016,portfolio_weight,WEO2023,APS,2028,Corporate Bonds,Automotive,Corporate Bonds,LDV: ICE
Hydro-Québec,Power,RenewablesCap,0.0039,0.3223,portfolio_weight,GECO2023,1.5C,2028,Corporate Bonds,Power,Corporate Bonds,Renewables
Hydro-Québec,Power,HydroCap,0.9816,0.3223,portfolio_weight,GECO2023,1.5C,2028,Corporate Bonds,Power,Corporate Bonds,Hydropower
Hydro-Québec,Power,NuclearCap,0,0.3223,portfolio_weight,GECO2023,1.5C,2028,Corporate Bonds,Power,Corporate Bonds,Nuclear Power
Hydro-Québec,Power,GasCap,0.011,0.3223,portfolio_weight,GECO2023,1.5C,2028,Corporate Bonds,Power,Corporate Bonds,Gas Power
Hydro-Québec,Power,OilCap,0.0035,0.3223,portfolio_weight,GECO2023,1.5C,2028,Corporate Bonds,Power,Corporate Bonds,Oil Power
Hydro-Québec,Power,CoalCap,0,0.3223,portfolio_weight,GECO2023,1.5C,2028,Corporate Bonds,Power,Corporate Bonds,Coal Power
"Tohoku Electric Power Co., Inc.",Power,RenewablesCap,0.0639,0.3209,portfolio_weight,GECO2023,1.5C,2028,Corporate Bonds,Power,Corporate Bonds,Renewables
"Tohoku Electric Power Co., Inc.",Power,HydroCap,0.0821,0.3209,portfolio_weight,GECO2023,1.5C,2028,Corporate Bonds,Power,Corporate Bonds,Hydropower
"Tohoku Electric Power Co., Inc.",Power,NuclearCap,0,0.3209,portfolio_weight,GECO2023,1.5C,2028,Corporate Bonds,Power,Corporate Bonds,Nuclear Power
"Tohoku Electric Power Co., Inc.",Power,GasCap,0.4847,0.3209,portfolio_weight,GECO2023,1.5C,2028,Corporate Bonds,Power,Corporate Bonds,Gas Power
"Tohoku Electric Power Co., Inc.",Power,OilCap,0.0772,0.3209,portfolio_weight,GECO2023,1.5C,2028,Corporate Bonds,Power,Corporate Bonds,Oil Power
"Tohoku Electric Power Co., Inc.",Power,CoalCap,0.2921,0.3209,portfolio_weight,GECO2023,1.5C,2028,Corporate Bonds,Power,Corporate Bonds,Coal Power
Nuclear Power Corporation of India Ltd.,Power,RenewablesCap,2e-4,0.2067,portfolio_weight,GECO2023,1.5C,2028,Corporate Bonds,Power,Corporate Bonds,Renewables
Nuclear Power Corporation of India Ltd.,Power,HydroCap,0,0.2067,portfolio_weight,GECO2023,1.5C,2028,Corporate Bonds,Power,Corporate Bonds,Hydropower
Nuclear Power Corporation of India Ltd.,Power,NuclearCap,0.9998,0.2067,portfolio_weight,GECO2023,1.5C,2028,Corporate Bonds,Power,Corporate Bonds,Nuclear Power
Nuclear Power Corporation of India Ltd.,Power,GasCap,0,0.2067,portfolio_weight,GECO2023,1.5C,2028,Corporate Bonds,Power,Corporate Bonds,Gas Power
Nuclear Power Corporation of India Ltd.,Power,OilCap,0,0.2067,portfolio_weight,GECO2023,1.5C,2028,Corporate Bonds,Power,Corporate Bonds,Oil Power
Nuclear Power Corporation of India Ltd.,Power,CoalCap,0,0.2067,portfolio_weight,GECO2023,1.5C,2028,Corporate Bonds,Power,Corporate Bonds,Coal Power
"Puget Energy, Inc.",Power,RenewablesCap,,0.0236,portfolio_weight,GECO2023,1.5C,2028,Corporate Bonds,Power,Corporate Bonds,Renewables
"Puget Energy, Inc.",Power,HydroCap,,0.0236,portfolio_weight,GECO2023,1.5C,2028,Corporate Bonds,Power,Corporate Bonds,Hydropower
"Puget Energy, Inc.",Power,NuclearCap,,0.0236,portfolio_weight,GECO2023,1.5C,2028,Corporate Bonds,Power,Corporate Bonds,Nuclear Power
"Puget Energy, Inc.",Power,GasCap,,0.0236,portfolio_weight,GECO2023,1.5C,2028,Corporate Bonds,Power,Corporate Bonds,Gas Power
"Puget Energy, Inc.",Power,OilCap,,0.0236,portfolio_weight,GECO2023,1.5C,2028,Corporate Bonds,Power,Corporate Bonds,Oil Power
"Puget Energy, Inc.",Power,CoalCap,,0.0236,portfolio_weight,GECO2023,1.5C,2028,Corporate Bonds,Power,Corporate Bonds,Coal Power
