company_name,allocation,scenario_source,scenario,ald_sector,year,plan_tech_share,plan_carsten,port_weight,y,asset_class,ald_sector_translation,asset_class_translation
Alliant Energy Corp.,portfolio_weight,GECO2023,1.5C,Power,2023,0.2584,0.0078,0.0301,0.2498,Listed Equity,Power,Listed Equity
Alliant Energy Corp.,portfolio_weight,GECO2023,NDC-LTS,Power,2023,0.2584,0.0078,0.0301,0.3281,Listed Equity,Power,Listed Equity
Alliant Energy Corp.,portfolio_weight,GECO2023,Reference,Power,2023,0.2584,0.0078,0.0301,0.3987,Listed Equity,Power,Listed Equity
Alliant Energy Corp.,portfolio_weight,ISF2023,1.5°C,Power,2023,0.2584,0.0078,0.0301,0.2089,Listed Equity,Power,Listed Equity
Alliant Energy Corp.,portfolio_weight,WEO2023,APS,Power,2023,0.2584,0.0078,0.0301,0.2133,Listed Equity,Power,Listed Equity
Alliant Energy Corp.,portfolio_weight,WEO2023,NZE_2050,Power,2023,0.2584,0.0078,0.0301,0.1804,Listed Equity,Power,Listed Equity
Alliant Energy Corp.,portfolio_weight,WEO2023,STEPS,Power,2023,0.2584,0.0078,0.0301,0.2585,Listed Equity,Power,Listed Equity
Drax Group Plc,portfolio_weight,GECO2023,1.5C,Power,2023,0.9586,0.0266,0.0278,0,Listed Equity,Power,Listed Equity
Drax Group Plc,portfolio_weight,GECO2023,NDC-LTS,Power,2023,0.9586,0.0266,0.0278,0,Listed Equity,Power,Listed Equity
Drax Group Plc,portfolio_weight,GECO2023,Reference,Power,2023,0.9586,0.0266,0.0278,0,Listed Equity,Power,Listed Equity
Drax Group Plc,portfolio_weight,ISF2023,1.5°C,Power,2023,0.9586,0.0266,0.0278,0,Listed Equity,Power,Listed Equity
Drax Group Plc,portfolio_weight,WEO2023,APS,Power,2023,0.9586,0.0266,0.0278,0,Listed Equity,Power,Listed Equity
Drax Group Plc,portfolio_weight,WEO2023,NZE_2050,Power,2023,0.9586,0.0266,0.0278,0,Listed Equity,Power,Listed Equity
Drax Group Plc,portfolio_weight,WEO2023,STEPS,Power,2023,0.9586,0.0266,0.0278,0,Listed Equity,Power,Listed Equity
Energisa SA,portfolio_weight,GECO2023,1.5C,Power,2023,0.8077,0.032,0.0396,0,Listed Equity,Power,Listed Equity
Energisa SA,portfolio_weight,GECO2023,NDC-LTS,Power,2023,0.8077,0.032,0.0396,0,Listed Equity,Power,Listed Equity
Energisa SA,portfolio_weight,GECO2023,Reference,Power,2023,0.8077,0.032,0.0396,0,Listed Equity,Power,Listed Equity
Energisa SA,portfolio_weight,ISF2023,1.5°C,Power,2023,0.8077,0.032,0.0396,0,Listed Equity,Power,Listed Equity
Energisa SA,portfolio_weight,WEO2023,APS,Power,2023,0.8077,0.032,0.0396,0,Listed Equity,Power,Listed Equity
Energisa SA,portfolio_weight,WEO2023,NZE_2050,Power,2023,0.8077,0.032,0.0396,0,Listed Equity,Power,Listed Equity
Energisa SA,portfolio_weight,WEO2023,STEPS,Power,2023,0.8077,0.032,0.0396,0,Listed Equity,Power,Listed Equity
Geely Automobile Holdings Ltd.,portfolio_weight,WEO2023,APS,Automotive,2023,0.34,0.014,0.0412,1.7022,Listed Equity,Automotive,Listed Equity
Geely Automobile Holdings Ltd.,portfolio_weight,WEO2023,NZE_2050,Automotive,2023,0.34,0.014,0.0412,1.318,Listed Equity,Automotive,Listed Equity
Geely Automobile Holdings Ltd.,portfolio_weight,WEO2023,STEPS,Automotive,2023,0.34,0.014,0.0412,2.0775,Listed Equity,Automotive,Listed Equity
"Guangzhou Automobile Group Co., Ltd.",portfolio_weight,WEO2023,APS,Automotive,2023,0.6324,0.0029,0.0046,0.373,Listed Equity,Automotive,Listed Equity
"Guangzhou Automobile Group Co., Ltd.",portfolio_weight,WEO2023,NZE_2050,Automotive,2023,0.6324,0.0029,0.0046,0.2888,Listed Equity,Automotive,Listed Equity
"Guangzhou Automobile Group Co., Ltd.",portfolio_weight,WEO2023,STEPS,Automotive,2023,0.6324,0.0029,0.0046,0.4552,Listed Equity,Automotive,Listed Equity
"Hyundai Motor Co., Ltd.",portfolio_weight,WEO2023,APS,Automotive,2023,0.0665,0.0027,0.0399,0.4708,Listed Equity,Automotive,Listed Equity
"Hyundai Motor Co., Ltd.",portfolio_weight,WEO2023,NZE_2050,Automotive,2023,0.0665,0.0027,0.0399,0.3656,Listed Equity,Automotive,Listed Equity
"Hyundai Motor Co., Ltd.",portfolio_weight,WEO2023,STEPS,Automotive,2023,0.0665,0.0027,0.0399,0.5746,Listed Equity,Automotive,Listed Equity
"Innergex Renewable Energy, Inc.",portfolio_weight,GECO2023,1.5C,Power,2023,1,0.0364,0.0364,0.4864,Listed Equity,Power,Listed Equity
"Innergex Renewable Energy, Inc.",portfolio_weight,GECO2023,NDC-LTS,Power,2023,1,0.0364,0.0364,0.639,Listed Equity,Power,Listed Equity
"Innergex Renewable Energy, Inc.",portfolio_weight,GECO2023,Reference,Power,2023,1,0.0364,0.0364,0.7764,Listed Equity,Power,Listed Equity
"Innergex Renewable Energy, Inc.",portfolio_weight,ISF2023,1.5°C,Power,2023,1,0.0364,0.0364,0.4069,Listed Equity,Power,Listed Equity
"Innergex Renewable Energy, Inc.",portfolio_weight,WEO2023,APS,Power,2023,1,0.0364,0.0364,0.4153,Listed Equity,Power,Listed Equity
"Innergex Renewable Energy, Inc.",portfolio_weight,WEO2023,NZE_2050,Power,2023,1,0.0364,0.0364,0.3513,Listed Equity,Power,Listed Equity
"Innergex Renewable Energy, Inc.",portfolio_weight,WEO2023,STEPS,Power,2023,1,0.0364,0.0364,0.5034,Listed Equity,Power,Listed Equity
Mazda Motor Corp.,portfolio_weight,WEO2023,APS,Automotive,2023,0.0362,8e-4,0.0234,0.0487,Listed Equity,Automotive,Listed Equity
Mazda Motor Corp.,portfolio_weight,WEO2023,NZE_2050,Automotive,2023,0.0362,8e-4,0.0234,0.0377,Listed Equity,Automotive,Listed Equity
Mazda Motor Corp.,portfolio_weight,WEO2023,STEPS,Automotive,2023,0.0362,8e-4,0.0234,0.0594,Listed Equity,Automotive,Listed Equity
"Renova, Inc. (Japan)",portfolio_weight,GECO2023,1.5C,Power,2023,0.6514,0.001,0.0015,0.4901,Listed Equity,Power,Listed Equity
"Renova, Inc. (Japan)",portfolio_weight,GECO2023,NDC-LTS,Power,2023,0.6514,0.001,0.0015,0.6438,Listed Equity,Power,Listed Equity
"Renova, Inc. (Japan)",portfolio_weight,GECO2023,Reference,Power,2023,0.6514,0.001,0.0015,0.7823,Listed Equity,Power,Listed Equity
"Renova, Inc. (Japan)",portfolio_weight,ISF2023,1.5°C,Power,2023,0.6514,0.001,0.0015,0.4099,Listed Equity,Power,Listed Equity
"Renova, Inc. (Japan)",portfolio_weight,WEO2023,APS,Power,2023,0.6514,0.001,0.0015,0.4185,Listed Equity,Power,Listed Equity
"Renova, Inc. (Japan)",portfolio_weight,WEO2023,NZE_2050,Power,2023,0.6514,0.001,0.0015,0.354,Listed Equity,Power,Listed Equity
"Renova, Inc. (Japan)",portfolio_weight,WEO2023,STEPS,Power,2023,0.6514,0.001,0.0015,0.5072,Listed Equity,Power,Listed Equity
Alliant Energy Corp.,ownership_weight,GECO2023,1.5C,Power,2023,0.2584,0,0.0301,0.2498,Listed Equity,Power,Listed Equity
Alliant Energy Corp.,ownership_weight,GECO2023,NDC-LTS,Power,2023,0.2584,0,0.0301,0.3281,Listed Equity,Power,Listed Equity
Alliant Energy Corp.,ownership_weight,GECO2023,Reference,Power,2023,0.2584,0,0.0301,0.3987,Listed Equity,Power,Listed Equity
Alliant Energy Corp.,ownership_weight,ISF2023,1.5°C,Power,2023,0.2584,0,0.0301,0.2089,Listed Equity,Power,Listed Equity
Alliant Energy Corp.,ownership_weight,WEO2023,APS,Power,2023,0.2584,0,0.0301,0.2133,Listed Equity,Power,Listed Equity
Alliant Energy Corp.,ownership_weight,WEO2023,NZE_2050,Power,2023,0.2584,0,0.0301,0.1804,Listed Equity,Power,Listed Equity
Alliant Energy Corp.,ownership_weight,WEO2023,STEPS,Power,2023,0.2584,0,0.0301,0.2585,Listed Equity,Power,Listed Equity
Anglo American Plc,ownership_weight,GECO2023,1.5C,Power,2023,1,0,0.0201,0,Listed Equity,Power,Listed Equity
Anglo American Plc,ownership_weight,GECO2023,NDC-LTS,Power,2023,1,0,0.0201,0,Listed Equity,Power,Listed Equity
Anglo American Plc,ownership_weight,GECO2023,Reference,Power,2023,1,0,0.0201,0,Listed Equity,Power,Listed Equity
Anglo American Plc,ownership_weight,ISF2023,1.5°C,Power,2023,1,0,0.0201,0,Listed Equity,Power,Listed Equity
Anglo American Plc,ownership_weight,WEO2023,APS,Power,2023,1,0,0.0201,0,Listed Equity,Power,Listed Equity
Anglo American Plc,ownership_weight,WEO2023,NZE_2050,Power,2023,1,0,0.0201,0,Listed Equity,Power,Listed Equity
Anglo American Plc,ownership_weight,WEO2023,STEPS,Power,2023,1,0,0.0201,0,Listed Equity,Power,Listed Equity
Deccan Cements Ltd.,ownership_weight,GECO2023,1.5C,Power,2023,1,0,0.0259,0,Listed Equity,Power,Listed Equity
Deccan Cements Ltd.,ownership_weight,GECO2023,NDC-LTS,Power,2023,1,0,0.0259,0,Listed Equity,Power,Listed Equity
Deccan Cements Ltd.,ownership_weight,GECO2023,Reference,Power,2023,1,0,0.0259,0,Listed Equity,Power,Listed Equity
Deccan Cements Ltd.,ownership_weight,ISF2023,1.5°C,Power,2023,1,0,0.0259,0,Listed Equity,Power,Listed Equity
Deccan Cements Ltd.,ownership_weight,WEO2023,APS,Power,2023,1,0,0.0259,0,Listed Equity,Power,Listed Equity
Deccan Cements Ltd.,ownership_weight,WEO2023,NZE_2050,Power,2023,1,0,0.0259,0,Listed Equity,Power,Listed Equity
Deccan Cements Ltd.,ownership_weight,WEO2023,STEPS,Power,2023,1,0,0.0259,0,Listed Equity,Power,Listed Equity
Drax Group Plc,ownership_weight,GECO2023,1.5C,Power,2023,0.9586,0,0.0278,0,Listed Equity,Power,Listed Equity
Drax Group Plc,ownership_weight,GECO2023,NDC-LTS,Power,2023,0.9586,0,0.0278,0,Listed Equity,Power,Listed Equity
Drax Group Plc,ownership_weight,GECO2023,Reference,Power,2023,0.9586,0,0.0278,0,Listed Equity,Power,Listed Equity
Drax Group Plc,ownership_weight,ISF2023,1.5°C,Power,2023,0.9586,0,0.0278,0,Listed Equity,Power,Listed Equity
Drax Group Plc,ownership_weight,WEO2023,APS,Power,2023,0.9586,0,0.0278,0,Listed Equity,Power,Listed Equity
Drax Group Plc,ownership_weight,WEO2023,NZE_2050,Power,2023,0.9586,0,0.0278,0,Listed Equity,Power,Listed Equity
Drax Group Plc,ownership_weight,WEO2023,STEPS,Power,2023,0.9586,0,0.0278,0,Listed Equity,Power,Listed Equity
Energisa SA,ownership_weight,GECO2023,1.5C,Power,2023,0.8077,0,0.0396,0,Listed Equity,Power,Listed Equity
Energisa SA,ownership_weight,GECO2023,NDC-LTS,Power,2023,0.8077,0,0.0396,0,Listed Equity,Power,Listed Equity
Energisa SA,ownership_weight,GECO2023,Reference,Power,2023,0.8077,0,0.0396,0,Listed Equity,Power,Listed Equity
Energisa SA,ownership_weight,ISF2023,1.5°C,Power,2023,0.8077,0,0.0396,0,Listed Equity,Power,Listed Equity
Energisa SA,ownership_weight,WEO2023,APS,Power,2023,0.8077,0,0.0396,0,Listed Equity,Power,Listed Equity
Energisa SA,ownership_weight,WEO2023,NZE_2050,Power,2023,0.8077,0,0.0396,0,Listed Equity,Power,Listed Equity
Energisa SA,ownership_weight,WEO2023,STEPS,Power,2023,0.8077,0,0.0396,0,Listed Equity,Power,Listed Equity
Geely Automobile Holdings Ltd.,ownership_weight,WEO2023,APS,Automotive,2023,0.34,0,0.0412,1.7022,Listed Equity,Automotive,Listed Equity
Geely Automobile Holdings Ltd.,ownership_weight,WEO2023,NZE_2050,Automotive,2023,0.34,0,0.0412,1.318,Listed Equity,Automotive,Listed Equity
Geely Automobile Holdings Ltd.,ownership_weight,WEO2023,STEPS,Automotive,2023,0.34,0,0.0412,2.0775,Listed Equity,Automotive,Listed Equity
"Guangzhou Automobile Group Co., Ltd.",ownership_weight,WEO2023,APS,Automotive,2023,0.6324,0,0.0046,0.373,Listed Equity,Automotive,Listed Equity
"Guangzhou Automobile Group Co., Ltd.",ownership_weight,WEO2023,NZE_2050,Automotive,2023,0.6324,0,0.0046,0.2888,Listed Equity,Automotive,Listed Equity
"Guangzhou Automobile Group Co., Ltd.",ownership_weight,WEO2023,STEPS,Automotive,2023,0.6324,0,0.0046,0.4552,Listed Equity,Automotive,Listed Equity
"Hyundai Motor Co., Ltd.",ownership_weight,GECO2023,1.5C,Power,2023,0,0,0.0399,,Listed Equity,Power,Listed Equity
"Hyundai Motor Co., Ltd.",ownership_weight,GECO2023,NDC-LTS,Power,2023,0,0,0.0399,,Listed Equity,Power,Listed Equity
"Hyundai Motor Co., Ltd.",ownership_weight,GECO2023,Reference,Power,2023,0,0,0.0399,,Listed Equity,Power,Listed Equity
"Hyundai Motor Co., Ltd.",ownership_weight,ISF2023,1.5°C,Power,2023,0,0,0.0399,,Listed Equity,Power,Listed Equity
"Hyundai Motor Co., Ltd.",ownership_weight,WEO2023,APS,Automotive,2023,0.0665,0,0.0399,0.4708,Listed Equity,Automotive,Listed Equity
"Hyundai Motor Co., Ltd.",ownership_weight,WEO2023,NZE_2050,Automotive,2023,0.0665,0,0.0399,0.3656,Listed Equity,Automotive,Listed Equity
"Hyundai Motor Co., Ltd.",ownership_weight,WEO2023,STEPS,Automotive,2023,0.0665,0,0.0399,0.5746,Listed Equity,Automotive,Listed Equity
"Hyundai Motor Co., Ltd.",ownership_weight,WEO2023,APS,Power,2023,0,0,0.0399,,Listed Equity,Power,Listed Equity
"Hyundai Motor Co., Ltd.",ownership_weight,WEO2023,NZE_2050,Power,2023,0,0,0.0399,,Listed Equity,Power,Listed Equity
"Hyundai Motor Co., Ltd.",ownership_weight,WEO2023,STEPS,Power,2023,0,0,0.0399,,Listed Equity,Power,Listed Equity
"Innergex Renewable Energy, Inc.",ownership_weight,GECO2023,1.5C,Power,2023,1,0,0.0364,0.4864,Listed Equity,Power,Listed Equity
"Innergex Renewable Energy, Inc.",ownership_weight,GECO2023,NDC-LTS,Power,2023,1,0,0.0364,0.639,Listed Equity,Power,Listed Equity
"Innergex Renewable Energy, Inc.",ownership_weight,GECO2023,Reference,Power,2023,1,0,0.0364,0.7764,Listed Equity,Power,Listed Equity
"Innergex Renewable Energy, Inc.",ownership_weight,ISF2023,1.5°C,Power,2023,1,0,0.0364,0.4069,Listed Equity,Power,Listed Equity
"Innergex Renewable Energy, Inc.",ownership_weight,WEO2023,APS,Power,2023,1,0,0.0364,0.4153,Listed Equity,Power,Listed Equity
"Innergex Renewable Energy, Inc.",ownership_weight,WEO2023,NZE_2050,Power,2023,1,0,0.0364,0.3513,Listed Equity,Power,Listed Equity
"Innergex Renewable Energy, Inc.",ownership_weight,WEO2023,STEPS,Power,2023,1,0,0.0364,0.5034,Listed Equity,Power,Listed Equity
Mazda Motor Corp.,ownership_weight,WEO2023,APS,Automotive,2023,0.0362,0,0.0234,0.0487,Listed Equity,Automotive,Listed Equity
Mazda Motor Corp.,ownership_weight,WEO2023,NZE_2050,Automotive,2023,0.0362,0,0.0234,0.0377,Listed Equity,Automotive,Listed Equity
Mazda Motor Corp.,ownership_weight,WEO2023,STEPS,Automotive,2023,0.0362,0,0.0234,0.0594,Listed Equity,Automotive,Listed Equity
"Renova, Inc. (Japan)",ownership_weight,GECO2023,1.5C,Power,2023,0.6514,0,0.0015,0.4901,Listed Equity,Power,Listed Equity
"Renova, Inc. (Japan)",ownership_weight,GECO2023,NDC-LTS,Power,2023,0.6514,0,0.0015,0.6438,Listed Equity,Power,Listed Equity
"Renova, Inc. (Japan)",ownership_weight,GECO2023,Reference,Power,2023,0.6514,0,0.0015,0.7823,Listed Equity,Power,Listed Equity
"Renova, Inc. (Japan)",ownership_weight,ISF2023,1.5°C,Power,2023,0.6514,0,0.0015,0.4099,Listed Equity,Power,Listed Equity
"Renova, Inc. (Japan)",ownership_weight,WEO2023,APS,Power,2023,0.6514,0,0.0015,0.4185,Listed Equity,Power,Listed Equity
"Renova, Inc. (Japan)",ownership_weight,WEO2023,NZE_2050,Power,2023,0.6514,0,0.0015,0.354,Listed Equity,Power,Listed Equity
"Renova, Inc. (Japan)",ownership_weight,WEO2023,STEPS,Power,2023,0.6514,0,0.0015,0.5072,Listed Equity,Power,Listed Equity
Shree Cement Ltd.,ownership_weight,GECO2023,1.5C,Power,2023,0,0,0.0043,0,Listed Equity,Power,Listed Equity
Shree Cement Ltd.,ownership_weight,GECO2023,NDC-LTS,Power,2023,0,0,0.0043,0,Listed Equity,Power,Listed Equity
Shree Cement Ltd.,ownership_weight,GECO2023,Reference,Power,2023,0,0,0.0043,0,Listed Equity,Power,Listed Equity
Shree Cement Ltd.,ownership_weight,ISF2023,1.5°C,Power,2023,0,0,0.0043,0,Listed Equity,Power,Listed Equity
Shree Cement Ltd.,ownership_weight,WEO2023,APS,Power,2023,0,0,0.0043,0,Listed Equity,Power,Listed Equity
Shree Cement Ltd.,ownership_weight,WEO2023,NZE_2050,Power,2023,0,0,0.0043,0,Listed Equity,Power,Listed Equity
Shree Cement Ltd.,ownership_weight,WEO2023,STEPS,Power,2023,0,0,0.0043,0,Listed Equity,Power,Listed Equity
Tenaris SA,ownership_weight,GECO2023,1.5C,Power,2023,0,0,6e-4,2.5891,Listed Equity,Power,Listed Equity
Tenaris SA,ownership_weight,GECO2023,NDC-LTS,Power,2023,0,0,6e-4,3.4014,Listed Equity,Power,Listed Equity
Tenaris SA,ownership_weight,GECO2023,Reference,Power,2023,0,0,6e-4,4.133,Listed Equity,Power,Listed Equity
Tenaris SA,ownership_weight,ISF2023,1.5°C,Power,2023,0,0,6e-4,2.1659,Listed Equity,Power,Listed Equity
Tenaris SA,ownership_weight,WEO2023,APS,Power,2023,0,0,6e-4,2.211,Listed Equity,Power,Listed Equity
Tenaris SA,ownership_weight,WEO2023,NZE_2050,Power,2023,0,0,6e-4,1.8702,Listed Equity,Power,Listed Equity
Tenaris SA,ownership_weight,WEO2023,STEPS,Power,2023,0,0,6e-4,2.6795,Listed Equity,Power,Listed Equity
Volvo AB,ownership_weight,WEO2023,APS,Automotive,2023,0.2784,0,0.0309,1.7052,Listed Equity,Automotive,Listed Equity
Volvo AB,ownership_weight,WEO2023,NZE_2050,Automotive,2023,0.2784,0,0.0309,1.3204,Listed Equity,Automotive,Listed Equity
Volvo AB,ownership_weight,WEO2023,STEPS,Automotive,2023,0.2784,0,0.0309,2.0812,Listed Equity,Automotive,Listed Equity
"Beijing Automotive Group Co., Ltd.",portfolio_weight,WEO2023,APS,Automotive,2023,0.0329,2e-4,0.0053,0.3247,Corporate Bonds,Automotive,Corporate Bonds
"Beijing Automotive Group Co., Ltd.",portfolio_weight,WEO2023,NZE_2050,Automotive,2023,0.0329,2e-4,0.0053,0.2514,Corporate Bonds,Automotive,Corporate Bonds
"Beijing Automotive Group Co., Ltd.",portfolio_weight,WEO2023,STEPS,Automotive,2023,0.0329,2e-4,0.0053,0.3963,Corporate Bonds,Automotive,Corporate Bonds
Ford Motor Co.,portfolio_weight,WEO2023,APS,Automotive,2023,0.0802,0.0021,0.0267,0.8072,Corporate Bonds,Automotive,Corporate Bonds
Ford Motor Co.,portfolio_weight,WEO2023,NZE_2050,Automotive,2023,0.0802,0.0021,0.0267,0.625,Corporate Bonds,Automotive,Corporate Bonds
Ford Motor Co.,portfolio_weight,WEO2023,STEPS,Automotive,2023,0.0802,0.0021,0.0267,0.9852,Corporate Bonds,Automotive,Corporate Bonds
Hydro-Québec,portfolio_weight,GECO2023,1.5C,Power,2023,0.9854,0.0454,0.046,0.015,Corporate Bonds,Power,Corporate Bonds
Hydro-Québec,portfolio_weight,GECO2023,NDC-LTS,Power,2023,0.9854,0.0454,0.046,0.0197,Corporate Bonds,Power,Corporate Bonds
Hydro-Québec,portfolio_weight,GECO2023,Reference,Power,2023,0.9854,0.0454,0.046,0.024,Corporate Bonds,Power,Corporate Bonds
Hydro-Québec,portfolio_weight,ISF2023,1.5°C,Power,2023,0.9854,0.0454,0.046,0.0126,Corporate Bonds,Power,Corporate Bonds
Hydro-Québec,portfolio_weight,WEO2023,APS,Power,2023,0.9854,0.0454,0.046,0.0128,Corporate Bonds,Power,Corporate Bonds
Hydro-Québec,portfolio_weight,WEO2023,NZE_2050,Power,2023,0.9854,0.0454,0.046,0.0109,Corporate Bonds,Power,Corporate Bonds
Hydro-Québec,portfolio_weight,WEO2023,STEPS,Power,2023,0.9854,0.0454,0.046,0.0156,Corporate Bonds,Power,Corporate Bonds
Mercedes-Benz Group AG,portfolio_weight,WEO2023,APS,Automotive,2023,0.1772,0.0097,0.0549,1.3533,Corporate Bonds,Automotive,Corporate Bonds
Mercedes-Benz Group AG,portfolio_weight,WEO2023,NZE_2050,Automotive,2023,0.1772,0.0097,0.0549,1.0479,Corporate Bonds,Automotive,Corporate Bonds
Mercedes-Benz Group AG,portfolio_weight,WEO2023,STEPS,Automotive,2023,0.1772,0.0097,0.0549,1.6517,Corporate Bonds,Automotive,Corporate Bonds
Nuclear Power Corporation of India Ltd.,portfolio_weight,GECO2023,1.5C,Power,2023,1,0.0295,0.0295,3.3039,Corporate Bonds,Power,Corporate Bonds
Nuclear Power Corporation of India Ltd.,portfolio_weight,GECO2023,NDC-LTS,Power,2023,1,0.0295,0.0295,4.3404,Corporate Bonds,Power,Corporate Bonds
Nuclear Power Corporation of India Ltd.,portfolio_weight,GECO2023,Reference,Power,2023,1,0.0295,0.0295,5.274,Corporate Bonds,Power,Corporate Bonds
Nuclear Power Corporation of India Ltd.,portfolio_weight,ISF2023,1.5°C,Power,2023,1,0.0295,0.0295,2.799,Corporate Bonds,Power,Corporate Bonds
Nuclear Power Corporation of India Ltd.,portfolio_weight,WEO2023,APS,Power,2023,1,0.0295,0.0295,2.8213,Corporate Bonds,Power,Corporate Bonds
Nuclear Power Corporation of India Ltd.,portfolio_weight,WEO2023,NZE_2050,Power,2023,1,0.0295,0.0295,2.3864,Corporate Bonds,Power,Corporate Bonds
Nuclear Power Corporation of India Ltd.,portfolio_weight,WEO2023,STEPS,Power,2023,1,0.0295,0.0295,3.4192,Corporate Bonds,Power,Corporate Bonds
"Puget Energy, Inc.",portfolio_weight,GECO2023,1.5C,Power,2023,0,0,0.0034,0,Corporate Bonds,Power,Corporate Bonds
"Puget Energy, Inc.",portfolio_weight,GECO2023,NDC-LTS,Power,2023,0,0,0.0034,0,Corporate Bonds,Power,Corporate Bonds
"Puget Energy, Inc.",portfolio_weight,GECO2023,Reference,Power,2023,0,0,0.0034,0,Corporate Bonds,Power,Corporate Bonds
"Puget Energy, Inc.",portfolio_weight,ISF2023,1.5°C,Power,2023,0,0,0.0034,0,Corporate Bonds,Power,Corporate Bonds
"Puget Energy, Inc.",portfolio_weight,WEO2023,APS,Power,2023,0,0,0.0034,0,Corporate Bonds,Power,Corporate Bonds
"Puget Energy, Inc.",portfolio_weight,WEO2023,NZE_2050,Power,2023,0,0,0.0034,0,Corporate Bonds,Power,Corporate Bonds
"Puget Energy, Inc.",portfolio_weight,WEO2023,STEPS,Power,2023,0,0,0.0034,0,Corporate Bonds,Power,Corporate Bonds
Stellantis NV,portfolio_weight,WEO2023,APS,Automotive,2023,0.1177,0.0017,0.0146,1.3489,Corporate Bonds,Automotive,Corporate Bonds
Stellantis NV,portfolio_weight,WEO2023,NZE_2050,Automotive,2023,0.1177,0.0017,0.0146,1.0445,Corporate Bonds,Automotive,Corporate Bonds
Stellantis NV,portfolio_weight,WEO2023,STEPS,Automotive,2023,0.1177,0.0017,0.0146,1.6464,Corporate Bonds,Automotive,Corporate Bonds
"Tohoku Electric Power Co., Inc.",portfolio_weight,GECO2023,1.5C,Power,2023,0.112,0.0051,0.0458,0.0997,Corporate Bonds,Power,Corporate Bonds
"Tohoku Electric Power Co., Inc.",portfolio_weight,GECO2023,NDC-LTS,Power,2023,0.112,0.0051,0.0458,0.131,Corporate Bonds,Power,Corporate Bonds
"Tohoku Electric Power Co., Inc.",portfolio_weight,GECO2023,Reference,Power,2023,0.112,0.0051,0.0458,0.1592,Corporate Bonds,Power,Corporate Bonds
"Tohoku Electric Power Co., Inc.",portfolio_weight,ISF2023,1.5°C,Power,2023,0.112,0.0051,0.0458,0.0834,Corporate Bonds,Power,Corporate Bonds
"Tohoku Electric Power Co., Inc.",portfolio_weight,WEO2023,APS,Power,2023,0.112,0.0051,0.0458,0.0852,Corporate Bonds,Power,Corporate Bonds
"Tohoku Electric Power Co., Inc.",portfolio_weight,WEO2023,NZE_2050,Power,2023,0.112,0.0051,0.0458,0.072,Corporate Bonds,Power,Corporate Bonds
"Tohoku Electric Power Co., Inc.",portfolio_weight,WEO2023,STEPS,Power,2023,0.112,0.0051,0.0458,0.1032,Corporate Bonds,Power,Corporate Bonds
