[{"company_name":"Alliant Energy Corp.","allocation":"portfolio_weight","scenario_source":"GECO2022","scenario":"1.5C","ald_sector":"Power","year":2022,"plan_tech_share":0.213,"plan_carsten":0.0062,"port_weight":0.029,"y":0.3035,"asset_class":"Listed Equity","ald_sector_translation":"Power","asset_class_translation":"Listed Equity"},{"company_name":"Alliant Energy Corp.","allocation":"portfolio_weight","scenario_source":"GECO2022","scenario":"NDC_LTS","ald_sector":"Power","year":2022,"plan_tech_share":0.213,"plan_carsten":0.0062,"port_weight":0.029,"y":0.575,"asset_class":"Listed Equity","ald_sector_translation":"Power","asset_class_translation":"Listed Equity"},{"company_name":"Alliant Energy Corp.","allocation":"portfolio_weight","scenario_source":"GECO2022","scenario":"Reference","ald_sector":"Power","year":2022,"plan_tech_share":0.213,"plan_carsten":0.0062,"port_weight":0.029,"y":0.6096,"asset_class":"Listed Equity","ald_sector_translation":"Power","asset_class_translation":"Listed Equity"},{"company_name":"Alliant Energy Corp.","allocation":"portfolio_weight","scenario_source":"ISF2021","scenario":"NZE","ald_sector":"Power","year":2022,"plan_tech_share":0.213,"plan_carsten":0.0062,"port_weight":0.029,"y":0.3777,"asset_class":"Listed Equity","ald_sector_translation":"Power","asset_class_translation":"Listed Equity"},{"company_name":"Alliant Energy Corp.","allocation":"portfolio_weight","scenario_source":"WEO2022","scenario":"APS","ald_sector":"Power","year":2022,"plan_tech_share":0.213,"plan_carsten":0.0062,"port_weight":0.029,"y":0.4103,"asset_class":"Listed Equity","ald_sector_translation":"Power","asset_class_translation":"Listed Equity"},{"company_name":"Alliant Energy Corp.","allocation":"portfolio_weight","scenario_source":"WEO2022","scenario":"NZE_2050","ald_sector":"Power","year":2022,"plan_tech_share":0.213,"plan_carsten":0.0062,"port_weight":0.029,"y":0.2652,"asset_class":"Listed Equity","ald_sector_translation":"Power","asset_class_translation":"Listed Equity"},{"company_name":"Alliant Energy Corp.","allocation":"portfolio_weight","scenario_source":"WEO2022","scenario":"STEPS","ald_sector":"Power","year":2022,"plan_tech_share":0.213,"plan_carsten":0.0062,"port_weight":0.029,"y":0.5287,"asset_class":"Listed Equity","ald_sector_translation":"Power","asset_class_translation":"Listed Equity"},{"company_name":"Drax Group Plc","allocation":"portfolio_weight","scenario_source":"GECO2022","scenario":"1.5C","ald_sector":"Power","year":2022,"plan_tech_share":0.6777,"plan_carsten":0.0182,"port_weight":0.0268,"y":0,"asset_class":"Listed Equity","ald_sector_translation":"Power","asset_class_translation":"Listed Equity"},{"company_name":"Drax Group Plc","allocation":"portfolio_weight","scenario_source":"GECO2022","scenario":"NDC_LTS","ald_sector":"Power","year":2022,"plan_tech_share":0.6777,"plan_carsten":0.0182,"port_weight":0.0268,"y":0,"asset_class":"Listed Equity","ald_sector_translation":"Power","asset_class_translation":"Listed Equity"},{"company_name":"Drax Group Plc","allocation":"portfolio_weight","scenario_source":"GECO2022","scenario":"Reference","ald_sector":"Power","year":2022,"plan_tech_share":0.6777,"plan_carsten":0.0182,"port_weight":0.0268,"y":0,"asset_class":"Listed Equity","ald_sector_translation":"Power","asset_class_translation":"Listed Equity"},{"company_name":"Drax Group Plc","allocation":"portfolio_weight","scenario_source":"ISF2021","scenario":"NZE","ald_sector":"Power","year":2022,"plan_tech_share":0.6777,"plan_carsten":0.0182,"port_weight":0.0268,"y":0,"asset_class":"Listed Equity","ald_sector_translation":"Power","asset_class_translation":"Listed Equity"},{"company_name":"Drax Group Plc","allocation":"portfolio_weight","scenario_source":"WEO2022","scenario":"APS","ald_sector":"Power","year":2022,"plan_tech_share":0.6777,"plan_carsten":0.0182,"port_weight":0.0268,"y":0,"asset_class":"Listed Equity","ald_sector_translation":"Power","asset_class_translation":"Listed Equity"},{"company_name":"Drax Group Plc","allocation":"portfolio_weight","scenario_source":"WEO2022","scenario":"NZE_2050","ald_sector":"Power","year":2022,"plan_tech_share":0.6777,"plan_carsten":0.0182,"port_weight":0.0268,"y":0,"asset_class":"Listed Equity","ald_sector_translation":"Power","asset_class_translation":"Listed Equity"},{"company_name":"Drax Group Plc","allocation":"portfolio_weight","scenario_source":"WEO2022","scenario":"STEPS","ald_sector":"Power","year":2022,"plan_tech_share":0.6777,"plan_carsten":0.0182,"port_weight":0.0268,"y":0,"asset_class":"Listed Equity","ald_sector_translation":"Power","asset_class_translation":"Listed Equity"},{"company_name":"Energisa SA","allocation":"portfolio_weight","scenario_source":"GECO2022","scenario":"1.5C","ald_sector":"Power","year":2022,"plan_tech_share":0.8164,"plan_carsten":0.0312,"port_weight":0.0382,"y":0,"asset_class":"Listed Equity","ald_sector_translation":"Power","asset_class_translation":"Listed Equity"},{"company_name":"Energisa SA","allocation":"portfolio_weight","scenario_source":"GECO2022","scenario":"NDC_LTS","ald_sector":"Power","year":2022,"plan_tech_share":0.8164,"plan_carsten":0.0312,"port_weight":0.0382,"y":0,"asset_class":"Listed Equity","ald_sector_translation":"Power","asset_class_translation":"Listed Equity"},{"company_name":"Energisa SA","allocation":"portfolio_weight","scenario_source":"GECO2022","scenario":"Reference","ald_sector":"Power","year":2022,"plan_tech_share":0.8164,"plan_carsten":0.0312,"port_weight":0.0382,"y":0,"asset_class":"Listed Equity","ald_sector_translation":"Power","asset_class_translation":"Listed Equity"},{"company_name":"Energisa SA","allocation":"portfolio_weight","scenario_source":"ISF2021","scenario":"NZE","ald_sector":"Power","year":2022,"plan_tech_share":0.8164,"plan_carsten":0.0312,"port_weight":0.0382,"y":0,"asset_class":"Listed Equity","ald_sector_translation":"Power","asset_class_translation":"Listed Equity"},{"company_name":"Energisa SA","allocation":"portfolio_weight","scenario_source":"WEO2022","scenario":"APS","ald_sector":"Power","year":2022,"plan_tech_share":0.8164,"plan_carsten":0.0312,"port_weight":0.0382,"y":0,"asset_class":"Listed Equity","ald_sector_translation":"Power","asset_class_translation":"Listed Equity"},{"company_name":"Energisa SA","allocation":"portfolio_weight","scenario_source":"WEO2022","scenario":"NZE_2050","ald_sector":"Power","year":2022,"plan_tech_share":0.8164,"plan_carsten":0.0312,"port_weight":0.0382,"y":0,"asset_class":"Listed Equity","ald_sector_translation":"Power","asset_class_translation":"Listed Equity"},{"company_name":"Energisa SA","allocation":"portfolio_weight","scenario_source":"WEO2022","scenario":"STEPS","ald_sector":"Power","year":2022,"plan_tech_share":0.8164,"plan_carsten":0.0312,"port_weight":0.0382,"y":0,"asset_class":"Listed Equity","ald_sector_translation":"Power","asset_class_translation":"Listed Equity"},{"company_name":"Geely Automobile Holdings Ltd.","allocation":"portfolio_weight","scenario_source":"GECO2022","scenario":"1.5C","ald_sector":"Automotive","year":2022,"plan_tech_share":0.2764,"plan_carsten":0.011,"port_weight":0.0398,"y":2.2729,"asset_class":"Listed Equity","ald_sector_translation":"Automotive","asset_class_translation":"Listed Equity"},{"company_name":"Geely Automobile Holdings Ltd.","allocation":"portfolio_weight","scenario_source":"GECO2022","scenario":"NDC_LTS","ald_sector":"Automotive","year":2022,"plan_tech_share":0.2764,"plan_carsten":0.011,"port_weight":0.0398,"y":2.4416,"asset_class":"Listed Equity","ald_sector_translation":"Automotive","asset_class_translation":"Listed Equity"},{"company_name":"Geely Automobile Holdings Ltd.","allocation":"portfolio_weight","scenario_source":"GECO2022","scenario":"Reference","ald_sector":"Automotive","year":2022,"plan_tech_share":0.2764,"plan_carsten":0.011,"port_weight":0.0398,"y":2.823,"asset_class":"Listed Equity","ald_sector_translation":"Automotive","asset_class_translation":"Listed Equity"},{"company_name":"Geely Automobile Holdings Ltd.","allocation":"portfolio_weight","scenario_source":"WEO2022","scenario":"APS","ald_sector":"Automotive","year":2022,"plan_tech_share":0.2764,"plan_carsten":0.011,"port_weight":0.0398,"y":2.954,"asset_class":"Listed Equity","ald_sector_translation":"Automotive","asset_class_translation":"Listed Equity"},{"company_name":"Geely Automobile Holdings Ltd.","allocation":"portfolio_weight","scenario_source":"WEO2022","scenario":"NZE_2050","ald_sector":"Automotive","year":2022,"plan_tech_share":0.2764,"plan_carsten":0.011,"port_weight":0.0398,"y":1.9442,"asset_class":"Listed Equity","ald_sector_translation":"Automotive","asset_class_translation":"Listed Equity"},{"company_name":"Guangzhou Automobile Group Co., Ltd.","allocation":"portfolio_weight","scenario_source":"GECO2022","scenario":"1.5C","ald_sector":"Automotive","year":2022,"plan_tech_share":0.4977,"plan_carsten":0.0022,"port_weight":0.0044,"y":0.2747,"asset_class":"Listed Equity","ald_sector_translation":"Automotive","asset_class_translation":"Listed Equity"},{"company_name":"Guangzhou Automobile Group Co., Ltd.","allocation":"portfolio_weight","scenario_source":"GECO2022","scenario":"NDC_LTS","ald_sector":"Automotive","year":2022,"plan_tech_share":0.4977,"plan_carsten":0.0022,"port_weight":0.0044,"y":0.2951,"asset_class":"Listed Equity","ald_sector_translation":"Automotive","asset_class_translation":"Listed Equity"},{"company_name":"Guangzhou Automobile Group Co., Ltd.","allocation":"portfolio_weight","scenario_source":"GECO2022","scenario":"Reference","ald_sector":"Automotive","year":2022,"plan_tech_share":0.4977,"plan_carsten":0.0022,"port_weight":0.0044,"y":0.3412,"asset_class":"Listed Equity","ald_sector_translation":"Automotive","asset_class_translation":"Listed Equity"},{"company_name":"Guangzhou Automobile Group Co., Ltd.","allocation":"portfolio_weight","scenario_source":"WEO2022","scenario":"APS","ald_sector":"Automotive","year":2022,"plan_tech_share":0.4977,"plan_carsten":0.0022,"port_weight":0.0044,"y":0.357,"asset_class":"Listed Equity","ald_sector_translation":"Automotive","asset_class_translation":"Listed Equity"},{"company_name":"Guangzhou Automobile Group Co., Ltd.","allocation":"portfolio_weight","scenario_source":"WEO2022","scenario":"NZE_2050","ald_sector":"Automotive","year":2022,"plan_tech_share":0.4977,"plan_carsten":0.0022,"port_weight":0.0044,"y":0.235,"asset_class":"Listed Equity","ald_sector_translation":"Automotive","asset_class_translation":"Listed Equity"},{"company_name":"Hyundai Motor Co., Ltd.","allocation":"portfolio_weight","scenario_source":"GECO2022","scenario":"1.5C","ald_sector":"Automotive","year":2022,"plan_tech_share":0.0528,"plan_carsten":0.002,"port_weight":0.0386,"y":0.3969,"asset_class":"Listed Equity","ald_sector_translation":"Automotive","asset_class_translation":"Listed Equity"},{"company_name":"Hyundai Motor Co., Ltd.","allocation":"portfolio_weight","scenario_source":"GECO2022","scenario":"NDC_LTS","ald_sector":"Automotive","year":2022,"plan_tech_share":0.0528,"plan_carsten":0.002,"port_weight":0.0386,"y":0.4263,"asset_class":"Listed Equity","ald_sector_translation":"Automotive","asset_class_translation":"Listed Equity"},{"company_name":"Hyundai Motor Co., Ltd.","allocation":"portfolio_weight","scenario_source":"GECO2022","scenario":"Reference","ald_sector":"Automotive","year":2022,"plan_tech_share":0.0528,"plan_carsten":0.002,"port_weight":0.0386,"y":0.4929,"asset_class":"Listed Equity","ald_sector_translation":"Automotive","asset_class_translation":"Listed Equity"},{"company_name":"Hyundai Motor Co., Ltd.","allocation":"portfolio_weight","scenario_source":"WEO2022","scenario":"APS","ald_sector":"Automotive","year":2022,"plan_tech_share":0.0528,"plan_carsten":0.002,"port_weight":0.0386,"y":0.5158,"asset_class":"Listed Equity","ald_sector_translation":"Automotive","asset_class_translation":"Listed Equity"},{"company_name":"Hyundai Motor Co., Ltd.","allocation":"portfolio_weight","scenario_source":"WEO2022","scenario":"NZE_2050","ald_sector":"Automotive","year":2022,"plan_tech_share":0.0528,"plan_carsten":0.002,"port_weight":0.0386,"y":0.3395,"asset_class":"Listed Equity","ald_sector_translation":"Automotive","asset_class_translation":"Listed Equity"},{"company_name":"Innergex Renewable Energy, Inc.","allocation":"portfolio_weight","scenario_source":"GECO2022","scenario":"1.5C","ald_sector":"Power","year":2022,"plan_tech_share":1,"plan_carsten":0.0351,"port_weight":0.0351,"y":0.2923,"asset_class":"Listed Equity","ald_sector_translation":"Power","asset_class_translation":"Listed Equity"},{"company_name":"Innergex Renewable Energy, Inc.","allocation":"portfolio_weight","scenario_source":"GECO2022","scenario":"NDC_LTS","ald_sector":"Power","year":2022,"plan_tech_share":1,"plan_carsten":0.0351,"port_weight":0.0351,"y":0.5538,"asset_class":"Listed Equity","ald_sector_translation":"Power","asset_class_translation":"Listed Equity"},{"company_name":"Innergex Renewable Energy, Inc.","allocation":"portfolio_weight","scenario_source":"GECO2022","scenario":"Reference","ald_sector":"Power","year":2022,"plan_tech_share":1,"plan_carsten":0.0351,"port_weight":0.0351,"y":0.5872,"asset_class":"Listed Equity","ald_sector_translation":"Power","asset_class_translation":"Listed Equity"},{"company_name":"Innergex Renewable Energy, Inc.","allocation":"portfolio_weight","scenario_source":"ISF2021","scenario":"NZE","ald_sector":"Power","year":2022,"plan_tech_share":1,"plan_carsten":0.0351,"port_weight":0.0351,"y":0.3638,"asset_class":"Listed Equity","ald_sector_translation":"Power","asset_class_translation":"Listed Equity"},{"company_name":"Innergex Renewable Energy, Inc.","allocation":"portfolio_weight","scenario_source":"WEO2022","scenario":"APS","ald_sector":"Power","year":2022,"plan_tech_share":1,"plan_carsten":0.0351,"port_weight":0.0351,"y":0.3952,"asset_class":"Listed Equity","ald_sector_translation":"Power","asset_class_translation":"Listed Equity"},{"company_name":"Innergex Renewable Energy, Inc.","allocation":"portfolio_weight","scenario_source":"WEO2022","scenario":"NZE_2050","ald_sector":"Power","year":2022,"plan_tech_share":1,"plan_carsten":0.0351,"port_weight":0.0351,"y":0.2554,"asset_class":"Listed Equity","ald_sector_translation":"Power","asset_class_translation":"Listed Equity"},{"company_name":"Innergex Renewable Energy, Inc.","allocation":"portfolio_weight","scenario_source":"WEO2022","scenario":"STEPS","ald_sector":"Power","year":2022,"plan_tech_share":1,"plan_carsten":0.0351,"port_weight":0.0351,"y":0.5093,"asset_class":"Listed Equity","ald_sector_translation":"Power","asset_class_translation":"Listed Equity"},{"company_name":"Mazda Motor Corp.","allocation":"portfolio_weight","scenario_source":"GECO2022","scenario":"1.5C","ald_sector":"Automotive","year":2022,"plan_tech_share":0.0062,"plan_carsten":0.0001,"port_weight":0.0226,"y":0.0472,"asset_class":"Listed Equity","ald_sector_translation":"Automotive","asset_class_translation":"Listed Equity"},{"company_name":"Mazda Motor Corp.","allocation":"portfolio_weight","scenario_source":"GECO2022","scenario":"NDC_LTS","ald_sector":"Automotive","year":2022,"plan_tech_share":0.0062,"plan_carsten":0.0001,"port_weight":0.0226,"y":0.0507,"asset_class":"Listed Equity","ald_sector_translation":"Automotive","asset_class_translation":"Listed Equity"},{"company_name":"Mazda Motor Corp.","allocation":"portfolio_weight","scenario_source":"GECO2022","scenario":"Reference","ald_sector":"Automotive","year":2022,"plan_tech_share":0.0062,"plan_carsten":0.0001,"port_weight":0.0226,"y":0.0586,"asset_class":"Listed Equity","ald_sector_translation":"Automotive","asset_class_translation":"Listed Equity"},{"company_name":"Mazda Motor Corp.","allocation":"portfolio_weight","scenario_source":"WEO2022","scenario":"APS","ald_sector":"Automotive","year":2022,"plan_tech_share":0.0062,"plan_carsten":0.0001,"port_weight":0.0226,"y":0.0614,"asset_class":"Listed Equity","ald_sector_translation":"Automotive","asset_class_translation":"Listed Equity"},{"company_name":"Mazda Motor Corp.","allocation":"portfolio_weight","scenario_source":"WEO2022","scenario":"NZE_2050","ald_sector":"Automotive","year":2022,"plan_tech_share":0.0062,"plan_carsten":0.0001,"port_weight":0.0226,"y":0.0404,"asset_class":"Listed Equity","ald_sector_translation":"Automotive","asset_class_translation":"Listed Equity"},{"company_name":"Renova, Inc. (Japan)","allocation":"portfolio_weight","scenario_source":"GECO2022","scenario":"1.5C","ald_sector":"Power","year":2022,"plan_tech_share":0.6375,"plan_carsten":0.0009,"port_weight":0.0014,"y":0.5216,"asset_class":"Listed Equity","ald_sector_translation":"Power","asset_class_translation":"Listed Equity"},{"company_name":"Renova, Inc. (Japan)","allocation":"portfolio_weight","scenario_source":"GECO2022","scenario":"NDC_LTS","ald_sector":"Power","year":2022,"plan_tech_share":0.6375,"plan_carsten":0.0009,"port_weight":0.0014,"y":0.9883,"asset_class":"Listed Equity","ald_sector_translation":"Power","asset_class_translation":"Listed Equity"},{"company_name":"Renova, Inc. (Japan)","allocation":"portfolio_weight","scenario_source":"GECO2022","scenario":"Reference","ald_sector":"Power","year":2022,"plan_tech_share":0.6375,"plan_carsten":0.0009,"port_weight":0.0014,"y":1.0478,"asset_class":"Listed Equity","ald_sector_translation":"Power","asset_class_translation":"Listed Equity"},{"company_name":"Renova, Inc. (Japan)","allocation":"portfolio_weight","scenario_source":"ISF2021","scenario":"NZE","ald_sector":"Power","year":2022,"plan_tech_share":0.6375,"plan_carsten":0.0009,"port_weight":0.0014,"y":0.6493,"asset_class":"Listed Equity","ald_sector_translation":"Power","asset_class_translation":"Listed Equity"},{"company_name":"Renova, Inc. (Japan)","allocation":"portfolio_weight","scenario_source":"WEO2022","scenario":"APS","ald_sector":"Power","year":2022,"plan_tech_share":0.6375,"plan_carsten":0.0009,"port_weight":0.0014,"y":0.7052,"asset_class":"Listed Equity","ald_sector_translation":"Power","asset_class_translation":"Listed Equity"},{"company_name":"Renova, Inc. (Japan)","allocation":"portfolio_weight","scenario_source":"WEO2022","scenario":"NZE_2050","ald_sector":"Power","year":2022,"plan_tech_share":0.6375,"plan_carsten":0.0009,"port_weight":0.0014,"y":0.4558,"asset_class":"Listed Equity","ald_sector_translation":"Power","asset_class_translation":"Listed Equity"},{"company_name":"Renova, Inc. (Japan)","allocation":"portfolio_weight","scenario_source":"WEO2022","scenario":"STEPS","ald_sector":"Power","year":2022,"plan_tech_share":0.6375,"plan_carsten":0.0009,"port_weight":0.0014,"y":0.9088,"asset_class":"Listed Equity","ald_sector_translation":"Power","asset_class_translation":"Listed Equity"},{"company_name":"Volvo Car AB","allocation":"portfolio_weight","scenario_source":"GECO2022","scenario":"1.5C","ald_sector":"Automotive","year":2022,"plan_tech_share":0.176,"plan_carsten":0.003,"port_weight":0.0172,"y":3.799,"asset_class":"Listed Equity","ald_sector_translation":"Automotive","asset_class_translation":"Listed Equity"},{"company_name":"Volvo Car AB","allocation":"portfolio_weight","scenario_source":"GECO2022","scenario":"NDC_LTS","ald_sector":"Automotive","year":2022,"plan_tech_share":0.176,"plan_carsten":0.003,"port_weight":0.0172,"y":4.0809,"asset_class":"Listed Equity","ald_sector_translation":"Automotive","asset_class_translation":"Listed Equity"},{"company_name":"Volvo Car AB","allocation":"portfolio_weight","scenario_source":"GECO2022","scenario":"Reference","ald_sector":"Automotive","year":2022,"plan_tech_share":0.176,"plan_carsten":0.003,"port_weight":0.0172,"y":4.7183,"asset_class":"Listed Equity","ald_sector_translation":"Automotive","asset_class_translation":"Listed Equity"},{"company_name":"Volvo Car AB","allocation":"portfolio_weight","scenario_source":"WEO2022","scenario":"APS","ald_sector":"Automotive","year":2022,"plan_tech_share":0.176,"plan_carsten":0.003,"port_weight":0.0172,"y":4.9374,"asset_class":"Listed Equity","ald_sector_translation":"Automotive","asset_class_translation":"Listed Equity"},{"company_name":"Volvo Car AB","allocation":"portfolio_weight","scenario_source":"WEO2022","scenario":"NZE_2050","ald_sector":"Automotive","year":2022,"plan_tech_share":0.176,"plan_carsten":0.003,"port_weight":0.0172,"y":3.2495,"asset_class":"Listed Equity","ald_sector_translation":"Automotive","asset_class_translation":"Listed Equity"},{"company_name":"Alliant Energy Corp.","allocation":"ownership_weight","scenario_source":"GECO2022","scenario":"1.5C","ald_sector":"Power","year":2022,"plan_tech_share":0.213,"plan_carsten":0,"port_weight":0.029,"y":0.3035,"asset_class":"Listed Equity","ald_sector_translation":"Power","asset_class_translation":"Listed Equity"},{"company_name":"Alliant Energy Corp.","allocation":"ownership_weight","scenario_source":"GECO2022","scenario":"NDC_LTS","ald_sector":"Power","year":2022,"plan_tech_share":0.213,"plan_carsten":0,"port_weight":0.029,"y":0.575,"asset_class":"Listed Equity","ald_sector_translation":"Power","asset_class_translation":"Listed Equity"},{"company_name":"Alliant Energy Corp.","allocation":"ownership_weight","scenario_source":"GECO2022","scenario":"Reference","ald_sector":"Power","year":2022,"plan_tech_share":0.213,"plan_carsten":0,"port_weight":0.029,"y":0.6096,"asset_class":"Listed Equity","ald_sector_translation":"Power","asset_class_translation":"Listed Equity"},{"company_name":"Alliant Energy Corp.","allocation":"ownership_weight","scenario_source":"ISF2021","scenario":"NZE","ald_sector":"Power","year":2022,"plan_tech_share":0.213,"plan_carsten":0,"port_weight":0.029,"y":0.3777,"asset_class":"Listed Equity","ald_sector_translation":"Power","asset_class_translation":"Listed Equity"},{"company_name":"Alliant Energy Corp.","allocation":"ownership_weight","scenario_source":"WEO2022","scenario":"APS","ald_sector":"Power","year":2022,"plan_tech_share":0.213,"plan_carsten":0,"port_weight":0.029,"y":0.4103,"asset_class":"Listed Equity","ald_sector_translation":"Power","asset_class_translation":"Listed Equity"},{"company_name":"Alliant Energy Corp.","allocation":"ownership_weight","scenario_source":"WEO2022","scenario":"NZE_2050","ald_sector":"Power","year":2022,"plan_tech_share":0.213,"plan_carsten":0,"port_weight":0.029,"y":0.2652,"asset_class":"Listed Equity","ald_sector_translation":"Power","asset_class_translation":"Listed Equity"},{"company_name":"Alliant Energy Corp.","allocation":"ownership_weight","scenario_source":"WEO2022","scenario":"STEPS","ald_sector":"Power","year":2022,"plan_tech_share":0.213,"plan_carsten":0,"port_weight":0.029,"y":0.5287,"asset_class":"Listed Equity","ald_sector_translation":"Power","asset_class_translation":"Listed Equity"},{"company_name":"Anglo American Plc","allocation":"ownership_weight","scenario_source":"GECO2022","scenario":"1.5C","ald_sector":"Power","year":2022,"plan_tech_share":0.4168,"plan_carsten":0,"port_weight":0.0195,"y":0,"asset_class":"Listed Equity","ald_sector_translation":"Power","asset_class_translation":"Listed Equity"},{"company_name":"Anglo American Plc","allocation":"ownership_weight","scenario_source":"GECO2022","scenario":"NDC_LTS","ald_sector":"Power","year":2022,"plan_tech_share":0.4168,"plan_carsten":0,"port_weight":0.0195,"y":0,"asset_class":"Listed Equity","ald_sector_translation":"Power","asset_class_translation":"Listed Equity"},{"company_name":"Anglo American Plc","allocation":"ownership_weight","scenario_source":"GECO2022","scenario":"Reference","ald_sector":"Power","year":2022,"plan_tech_share":0.4168,"plan_carsten":0,"port_weight":0.0195,"y":0,"asset_class":"Listed Equity","ald_sector_translation":"Power","asset_class_translation":"Listed Equity"},{"company_name":"Anglo American Plc","allocation":"ownership_weight","scenario_source":"ISF2021","scenario":"NZE","ald_sector":"Power","year":2022,"plan_tech_share":0.4168,"plan_carsten":0,"port_weight":0.0195,"y":0,"asset_class":"Listed Equity","ald_sector_translation":"Power","asset_class_translation":"Listed Equity"},{"company_name":"Anglo American Plc","allocation":"ownership_weight","scenario_source":"WEO2022","scenario":"APS","ald_sector":"Power","year":2022,"plan_tech_share":0.4168,"plan_carsten":0,"port_weight":0.0195,"y":0,"asset_class":"Listed Equity","ald_sector_translation":"Power","asset_class_translation":"Listed Equity"},{"company_name":"Anglo American Plc","allocation":"ownership_weight","scenario_source":"WEO2022","scenario":"NZE_2050","ald_sector":"Power","year":2022,"plan_tech_share":0.4168,"plan_carsten":0,"port_weight":0.0195,"y":0,"asset_class":"Listed Equity","ald_sector_translation":"Power","asset_class_translation":"Listed Equity"},{"company_name":"Anglo American Plc","allocation":"ownership_weight","scenario_source":"WEO2022","scenario":"STEPS","ald_sector":"Power","year":2022,"plan_tech_share":0.4168,"plan_carsten":0,"port_weight":0.0195,"y":0,"asset_class":"Listed Equity","ald_sector_translation":"Power","asset_class_translation":"Listed Equity"},{"company_name":"Deccan Cements Ltd.","allocation":"ownership_weight","scenario_source":"GECO2022","scenario":"1.5C","ald_sector":"Power","year":2022,"plan_tech_share":1,"plan_carsten":0,"port_weight":0.025,"y":0,"asset_class":"Listed Equity","ald_sector_translation":"Power","asset_class_translation":"Listed Equity"},{"company_name":"Deccan Cements Ltd.","allocation":"ownership_weight","scenario_source":"GECO2022","scenario":"NDC_LTS","ald_sector":"Power","year":2022,"plan_tech_share":1,"plan_carsten":0,"port_weight":0.025,"y":0,"asset_class":"Listed Equity","ald_sector_translation":"Power","asset_class_translation":"Listed Equity"},{"company_name":"Deccan Cements Ltd.","allocation":"ownership_weight","scenario_source":"GECO2022","scenario":"Reference","ald_sector":"Power","year":2022,"plan_tech_share":1,"plan_carsten":0,"port_weight":0.025,"y":0,"asset_class":"Listed Equity","ald_sector_translation":"Power","asset_class_translation":"Listed Equity"},{"company_name":"Deccan Cements Ltd.","allocation":"ownership_weight","scenario_source":"ISF2021","scenario":"NZE","ald_sector":"Power","year":2022,"plan_tech_share":1,"plan_carsten":0,"port_weight":0.025,"y":0,"asset_class":"Listed Equity","ald_sector_translation":"Power","asset_class_translation":"Listed Equity"},{"company_name":"Deccan Cements Ltd.","allocation":"ownership_weight","scenario_source":"WEO2022","scenario":"APS","ald_sector":"Power","year":2022,"plan_tech_share":1,"plan_carsten":0,"port_weight":0.025,"y":0,"asset_class":"Listed Equity","ald_sector_translation":"Power","asset_class_translation":"Listed Equity"},{"company_name":"Deccan Cements Ltd.","allocation":"ownership_weight","scenario_source":"WEO2022","scenario":"NZE_2050","ald_sector":"Power","year":2022,"plan_tech_share":1,"plan_carsten":0,"port_weight":0.025,"y":0,"asset_class":"Listed Equity","ald_sector_translation":"Power","asset_class_translation":"Listed Equity"},{"company_name":"Deccan Cements Ltd.","allocation":"ownership_weight","scenario_source":"WEO2022","scenario":"STEPS","ald_sector":"Power","year":2022,"plan_tech_share":1,"plan_carsten":0,"port_weight":0.025,"y":0,"asset_class":"Listed Equity","ald_sector_translation":"Power","asset_class_translation":"Listed Equity"},{"company_name":"Drax Group Plc","allocation":"ownership_weight","scenario_source":"GECO2022","scenario":"1.5C","ald_sector":"Power","year":2022,"plan_tech_share":0.6777,"plan_carsten":0,"port_weight":0.0268,"y":0,"asset_class":"Listed Equity","ald_sector_translation":"Power","asset_class_translation":"Listed Equity"},{"company_name":"Drax Group Plc","allocation":"ownership_weight","scenario_source":"GECO2022","scenario":"NDC_LTS","ald_sector":"Power","year":2022,"plan_tech_share":0.6777,"plan_carsten":0,"port_weight":0.0268,"y":0,"asset_class":"Listed Equity","ald_sector_translation":"Power","asset_class_translation":"Listed Equity"},{"company_name":"Drax Group Plc","allocation":"ownership_weight","scenario_source":"GECO2022","scenario":"Reference","ald_sector":"Power","year":2022,"plan_tech_share":0.6777,"plan_carsten":0,"port_weight":0.0268,"y":0,"asset_class":"Listed Equity","ald_sector_translation":"Power","asset_class_translation":"Listed Equity"},{"company_name":"Drax Group Plc","allocation":"ownership_weight","scenario_source":"ISF2021","scenario":"NZE","ald_sector":"Power","year":2022,"plan_tech_share":0.6777,"plan_carsten":0,"port_weight":0.0268,"y":0,"asset_class":"Listed Equity","ald_sector_translation":"Power","asset_class_translation":"Listed Equity"},{"company_name":"Drax Group Plc","allocation":"ownership_weight","scenario_source":"WEO2022","scenario":"APS","ald_sector":"Power","year":2022,"plan_tech_share":0.6777,"plan_carsten":0,"port_weight":0.0268,"y":0,"asset_class":"Listed Equity","ald_sector_translation":"Power","asset_class_translation":"Listed Equity"},{"company_name":"Drax Group Plc","allocation":"ownership_weight","scenario_source":"WEO2022","scenario":"NZE_2050","ald_sector":"Power","year":2022,"plan_tech_share":0.6777,"plan_carsten":0,"port_weight":0.0268,"y":0,"asset_class":"Listed Equity","ald_sector_translation":"Power","asset_class_translation":"Listed Equity"},{"company_name":"Drax Group Plc","allocation":"ownership_weight","scenario_source":"WEO2022","scenario":"STEPS","ald_sector":"Power","year":2022,"plan_tech_share":0.6777,"plan_carsten":0,"port_weight":0.0268,"y":0,"asset_class":"Listed Equity","ald_sector_translation":"Power","asset_class_translation":"Listed Equity"},{"company_name":"Energisa SA","allocation":"ownership_weight","scenario_source":"GECO2022","scenario":"1.5C","ald_sector":"Power","year":2022,"plan_tech_share":0.8164,"plan_carsten":0,"port_weight":0.0382,"y":0,"asset_class":"Listed Equity","ald_sector_translation":"Power","asset_class_translation":"Listed Equity"},{"company_name":"Energisa SA","allocation":"ownership_weight","scenario_source":"GECO2022","scenario":"NDC_LTS","ald_sector":"Power","year":2022,"plan_tech_share":0.8164,"plan_carsten":0,"port_weight":0.0382,"y":0,"asset_class":"Listed Equity","ald_sector_translation":"Power","asset_class_translation":"Listed Equity"},{"company_name":"Energisa SA","allocation":"ownership_weight","scenario_source":"GECO2022","scenario":"Reference","ald_sector":"Power","year":2022,"plan_tech_share":0.8164,"plan_carsten":0,"port_weight":0.0382,"y":0,"asset_class":"Listed Equity","ald_sector_translation":"Power","asset_class_translation":"Listed Equity"},{"company_name":"Energisa SA","allocation":"ownership_weight","scenario_source":"ISF2021","scenario":"NZE","ald_sector":"Power","year":2022,"plan_tech_share":0.8164,"plan_carsten":0,"port_weight":0.0382,"y":0,"asset_class":"Listed Equity","ald_sector_translation":"Power","asset_class_translation":"Listed Equity"},{"company_name":"Energisa SA","allocation":"ownership_weight","scenario_source":"WEO2022","scenario":"APS","ald_sector":"Power","year":2022,"plan_tech_share":0.8164,"plan_carsten":0,"port_weight":0.0382,"y":0,"asset_class":"Listed Equity","ald_sector_translation":"Power","asset_class_translation":"Listed Equity"},{"company_name":"Energisa SA","allocation":"ownership_weight","scenario_source":"WEO2022","scenario":"NZE_2050","ald_sector":"Power","year":2022,"plan_tech_share":0.8164,"plan_carsten":0,"port_weight":0.0382,"y":0,"asset_class":"Listed Equity","ald_sector_translation":"Power","asset_class_translation":"Listed Equity"},{"company_name":"Energisa SA","allocation":"ownership_weight","scenario_source":"WEO2022","scenario":"STEPS","ald_sector":"Power","year":2022,"plan_tech_share":0.8164,"plan_carsten":0,"port_weight":0.0382,"y":0,"asset_class":"Listed Equity","ald_sector_translation":"Power","asset_class_translation":"Listed Equity"},{"company_name":"Geely Automobile Holdings Ltd.","allocation":"ownership_weight","scenario_source":"GECO2022","scenario":"1.5C","ald_sector":"Automotive","year":2022,"plan_tech_share":0.2764,"plan_carsten":0,"port_weight":0.0398,"y":2.2729,"asset_class":"Listed Equity","ald_sector_translation":"Automotive","asset_class_translation":"Listed Equity"},{"company_name":"Geely Automobile Holdings Ltd.","allocation":"ownership_weight","scenario_source":"GECO2022","scenario":"NDC_LTS","ald_sector":"Automotive","year":2022,"plan_tech_share":0.2764,"plan_carsten":0,"port_weight":0.0398,"y":2.4416,"asset_class":"Listed Equity","ald_sector_translation":"Automotive","asset_class_translation":"Listed Equity"},{"company_name":"Geely Automobile Holdings Ltd.","allocation":"ownership_weight","scenario_source":"GECO2022","scenario":"Reference","ald_sector":"Automotive","year":2022,"plan_tech_share":0.2764,"plan_carsten":0,"port_weight":0.0398,"y":2.823,"asset_class":"Listed Equity","ald_sector_translation":"Automotive","asset_class_translation":"Listed Equity"},{"company_name":"Geely Automobile Holdings Ltd.","allocation":"ownership_weight","scenario_source":"WEO2022","scenario":"APS","ald_sector":"Automotive","year":2022,"plan_tech_share":0.2764,"plan_carsten":0,"port_weight":0.0398,"y":2.954,"asset_class":"Listed Equity","ald_sector_translation":"Automotive","asset_class_translation":"Listed Equity"},{"company_name":"Geely Automobile Holdings Ltd.","allocation":"ownership_weight","scenario_source":"WEO2022","scenario":"NZE_2050","ald_sector":"Automotive","year":2022,"plan_tech_share":0.2764,"plan_carsten":0,"port_weight":0.0398,"y":1.9442,"asset_class":"Listed Equity","ald_sector_translation":"Automotive","asset_class_translation":"Listed Equity"},{"company_name":"Guangzhou Automobile Group Co., Ltd.","allocation":"ownership_weight","scenario_source":"GECO2022","scenario":"1.5C","ald_sector":"Automotive","year":2022,"plan_tech_share":0.4977,"plan_carsten":0,"port_weight":0.0044,"y":0.2747,"asset_class":"Listed Equity","ald_sector_translation":"Automotive","asset_class_translation":"Listed Equity"},{"company_name":"Guangzhou Automobile Group Co., Ltd.","allocation":"ownership_weight","scenario_source":"GECO2022","scenario":"NDC_LTS","ald_sector":"Automotive","year":2022,"plan_tech_share":0.4977,"plan_carsten":0,"port_weight":0.0044,"y":0.2951,"asset_class":"Listed Equity","ald_sector_translation":"Automotive","asset_class_translation":"Listed Equity"},{"company_name":"Guangzhou Automobile Group Co., Ltd.","allocation":"ownership_weight","scenario_source":"GECO2022","scenario":"Reference","ald_sector":"Automotive","year":2022,"plan_tech_share":0.4977,"plan_carsten":0,"port_weight":0.0044,"y":0.3412,"asset_class":"Listed Equity","ald_sector_translation":"Automotive","asset_class_translation":"Listed Equity"},{"company_name":"Guangzhou Automobile Group Co., Ltd.","allocation":"ownership_weight","scenario_source":"WEO2022","scenario":"APS","ald_sector":"Automotive","year":2022,"plan_tech_share":0.4977,"plan_carsten":0,"port_weight":0.0044,"y":0.357,"asset_class":"Listed Equity","ald_sector_translation":"Automotive","asset_class_translation":"Listed Equity"},{"company_name":"Guangzhou Automobile Group Co., Ltd.","allocation":"ownership_weight","scenario_source":"WEO2022","scenario":"NZE_2050","ald_sector":"Automotive","year":2022,"plan_tech_share":0.4977,"plan_carsten":0,"port_weight":0.0044,"y":0.235,"asset_class":"Listed Equity","ald_sector_translation":"Automotive","asset_class_translation":"Listed Equity"},{"company_name":"Hyundai Motor Co., Ltd.","allocation":"ownership_weight","scenario_source":"GECO2022","scenario":"1.5C","ald_sector":"Automotive","year":2022,"plan_tech_share":0.0528,"plan_carsten":0,"port_weight":0.0386,"y":0.3969,"asset_class":"Listed Equity","ald_sector_translation":"Automotive","asset_class_translation":"Listed Equity"},{"company_name":"Hyundai Motor Co., Ltd.","allocation":"ownership_weight","scenario_source":"GECO2022","scenario":"NDC_LTS","ald_sector":"Automotive","year":2022,"plan_tech_share":0.0528,"plan_carsten":0,"port_weight":0.0386,"y":0.4263,"asset_class":"Listed Equity","ald_sector_translation":"Automotive","asset_class_translation":"Listed Equity"},{"company_name":"Hyundai Motor Co., Ltd.","allocation":"ownership_weight","scenario_source":"GECO2022","scenario":"Reference","ald_sector":"Automotive","year":2022,"plan_tech_share":0.0528,"plan_carsten":0,"port_weight":0.0386,"y":0.4929,"asset_class":"Listed Equity","ald_sector_translation":"Automotive","asset_class_translation":"Listed Equity"},{"company_name":"Hyundai Motor Co., Ltd.","allocation":"ownership_weight","scenario_source":"GECO2022","scenario":"1.5C","ald_sector":"Power","year":2022,"plan_tech_share":0,"plan_carsten":0,"port_weight":0.0386,"asset_class":"Listed Equity","ald_sector_translation":"Power","asset_class_translation":"Listed Equity"},{"company_name":"Hyundai Motor Co., Ltd.","allocation":"ownership_weight","scenario_source":"GECO2022","scenario":"NDC_LTS","ald_sector":"Power","year":2022,"plan_tech_share":0,"plan_carsten":0,"port_weight":0.0386,"asset_class":"Listed Equity","ald_sector_translation":"Power","asset_class_translation":"Listed Equity"},{"company_name":"Hyundai Motor Co., Ltd.","allocation":"ownership_weight","scenario_source":"GECO2022","scenario":"Reference","ald_sector":"Power","year":2022,"plan_tech_share":0,"plan_carsten":0,"port_weight":0.0386,"asset_class":"Listed Equity","ald_sector_translation":"Power","asset_class_translation":"Listed Equity"},{"company_name":"Hyundai Motor Co., Ltd.","allocation":"ownership_weight","scenario_source":"ISF2021","scenario":"NZE","ald_sector":"Power","year":2022,"plan_tech_share":0,"plan_carsten":0,"port_weight":0.0386,"asset_class":"Listed Equity","ald_sector_translation":"Power","asset_class_translation":"Listed Equity"},{"company_name":"Hyundai Motor Co., Ltd.","allocation":"ownership_weight","scenario_source":"WEO2022","scenario":"APS","ald_sector":"Automotive","year":2022,"plan_tech_share":0.0528,"plan_carsten":0,"port_weight":0.0386,"y":0.5158,"asset_class":"Listed Equity","ald_sector_translation":"Automotive","asset_class_translation":"Listed Equity"},{"company_name":"Hyundai Motor Co., Ltd.","allocation":"ownership_weight","scenario_source":"WEO2022","scenario":"NZE_2050","ald_sector":"Automotive","year":2022,"plan_tech_share":0.0528,"plan_carsten":0,"port_weight":0.0386,"y":0.3395,"asset_class":"Listed Equity","ald_sector_translation":"Automotive","asset_class_translation":"Listed Equity"},{"company_name":"Hyundai Motor Co., Ltd.","allocation":"ownership_weight","scenario_source":"WEO2022","scenario":"APS","ald_sector":"Power","year":2022,"plan_tech_share":0,"plan_carsten":0,"port_weight":0.0386,"asset_class":"Listed Equity","ald_sector_translation":"Power","asset_class_translation":"Listed Equity"},{"company_name":"Hyundai Motor Co., Ltd.","allocation":"ownership_weight","scenario_source":"WEO2022","scenario":"NZE_2050","ald_sector":"Power","year":2022,"plan_tech_share":0,"plan_carsten":0,"port_weight":0.0386,"asset_class":"Listed Equity","ald_sector_translation":"Power","asset_class_translation":"Listed Equity"},{"company_name":"Hyundai Motor Co., Ltd.","allocation":"ownership_weight","scenario_source":"WEO2022","scenario":"STEPS","ald_sector":"Power","year":2022,"plan_tech_share":0,"plan_carsten":0,"port_weight":0.0386,"asset_class":"Listed Equity","ald_sector_translation":"Power","asset_class_translation":"Listed Equity"},{"company_name":"INA-Industrija nafte dd","allocation":"ownership_weight","scenario_source":"GECO2022","scenario":"1.5C","ald_sector":"Power","year":2022,"plan_tech_share":0,"plan_carsten":0,"port_weight":0.0168,"y":0,"asset_class":"Listed Equity","ald_sector_translation":"Power","asset_class_translation":"Listed Equity"},{"company_name":"INA-Industrija nafte dd","allocation":"ownership_weight","scenario_source":"GECO2022","scenario":"NDC_LTS","ald_sector":"Power","year":2022,"plan_tech_share":0,"plan_carsten":0,"port_weight":0.0168,"y":0,"asset_class":"Listed Equity","ald_sector_translation":"Power","asset_class_translation":"Listed Equity"},{"company_name":"INA-Industrija nafte dd","allocation":"ownership_weight","scenario_source":"GECO2022","scenario":"Reference","ald_sector":"Power","year":2022,"plan_tech_share":0,"plan_carsten":0,"port_weight":0.0168,"y":0,"asset_class":"Listed Equity","ald_sector_translation":"Power","asset_class_translation":"Listed Equity"},{"company_name":"INA-Industrija nafte dd","allocation":"ownership_weight","scenario_source":"ISF2021","scenario":"NZE","ald_sector":"Power","year":2022,"plan_tech_share":0,"plan_carsten":0,"port_weight":0.0168,"y":0,"asset_class":"Listed Equity","ald_sector_translation":"Power","asset_class_translation":"Listed Equity"},{"company_name":"INA-Industrija nafte dd","allocation":"ownership_weight","scenario_source":"WEO2022","scenario":"APS","ald_sector":"Power","year":2022,"plan_tech_share":0,"plan_carsten":0,"port_weight":0.0168,"y":0,"asset_class":"Listed Equity","ald_sector_translation":"Power","asset_class_translation":"Listed Equity"},{"company_name":"INA-Industrija nafte dd","allocation":"ownership_weight","scenario_source":"WEO2022","scenario":"NZE_2050","ald_sector":"Power","year":2022,"plan_tech_share":0,"plan_carsten":0,"port_weight":0.0168,"y":0,"asset_class":"Listed Equity","ald_sector_translation":"Power","asset_class_translation":"Listed Equity"},{"company_name":"INA-Industrija nafte dd","allocation":"ownership_weight","scenario_source":"WEO2022","scenario":"STEPS","ald_sector":"Power","year":2022,"plan_tech_share":0,"plan_carsten":0,"port_weight":0.0168,"y":0,"asset_class":"Listed Equity","ald_sector_translation":"Power","asset_class_translation":"Listed Equity"},{"company_name":"Innergex Renewable Energy, Inc.","allocation":"ownership_weight","scenario_source":"GECO2022","scenario":"1.5C","ald_sector":"Power","year":2022,"plan_tech_share":1,"plan_carsten":0,"port_weight":0.0351,"y":0.2923,"asset_class":"Listed Equity","ald_sector_translation":"Power","asset_class_translation":"Listed Equity"},{"company_name":"Innergex Renewable Energy, Inc.","allocation":"ownership_weight","scenario_source":"GECO2022","scenario":"NDC_LTS","ald_sector":"Power","year":2022,"plan_tech_share":1,"plan_carsten":0,"port_weight":0.0351,"y":0.5538,"asset_class":"Listed Equity","ald_sector_translation":"Power","asset_class_translation":"Listed Equity"},{"company_name":"Innergex Renewable Energy, Inc.","allocation":"ownership_weight","scenario_source":"GECO2022","scenario":"Reference","ald_sector":"Power","year":2022,"plan_tech_share":1,"plan_carsten":0,"port_weight":0.0351,"y":0.5872,"asset_class":"Listed Equity","ald_sector_translation":"Power","asset_class_translation":"Listed Equity"},{"company_name":"Innergex Renewable Energy, Inc.","allocation":"ownership_weight","scenario_source":"ISF2021","scenario":"NZE","ald_sector":"Power","year":2022,"plan_tech_share":1,"plan_carsten":0,"port_weight":0.0351,"y":0.3638,"asset_class":"Listed Equity","ald_sector_translation":"Power","asset_class_translation":"Listed Equity"},{"company_name":"Innergex Renewable Energy, Inc.","allocation":"ownership_weight","scenario_source":"WEO2022","scenario":"APS","ald_sector":"Power","year":2022,"plan_tech_share":1,"plan_carsten":0,"port_weight":0.0351,"y":0.3952,"asset_class":"Listed Equity","ald_sector_translation":"Power","asset_class_translation":"Listed Equity"},{"company_name":"Innergex Renewable Energy, Inc.","allocation":"ownership_weight","scenario_source":"WEO2022","scenario":"NZE_2050","ald_sector":"Power","year":2022,"plan_tech_share":1,"plan_carsten":0,"port_weight":0.0351,"y":0.2554,"asset_class":"Listed Equity","ald_sector_translation":"Power","asset_class_translation":"Listed Equity"},{"company_name":"Innergex Renewable Energy, Inc.","allocation":"ownership_weight","scenario_source":"WEO2022","scenario":"STEPS","ald_sector":"Power","year":2022,"plan_tech_share":1,"plan_carsten":0,"port_weight":0.0351,"y":0.5093,"asset_class":"Listed Equity","ald_sector_translation":"Power","asset_class_translation":"Listed Equity"},{"company_name":"Mazda Motor Corp.","allocation":"ownership_weight","scenario_source":"GECO2022","scenario":"1.5C","ald_sector":"Automotive","year":2022,"plan_tech_share":0.0062,"plan_carsten":0,"port_weight":0.0226,"y":0.0472,"asset_class":"Listed Equity","ald_sector_translation":"Automotive","asset_class_translation":"Listed Equity"},{"company_name":"Mazda Motor Corp.","allocation":"ownership_weight","scenario_source":"GECO2022","scenario":"NDC_LTS","ald_sector":"Automotive","year":2022,"plan_tech_share":0.0062,"plan_carsten":0,"port_weight":0.0226,"y":0.0507,"asset_class":"Listed Equity","ald_sector_translation":"Automotive","asset_class_translation":"Listed Equity"},{"company_name":"Mazda Motor Corp.","allocation":"ownership_weight","scenario_source":"GECO2022","scenario":"Reference","ald_sector":"Automotive","year":2022,"plan_tech_share":0.0062,"plan_carsten":0,"port_weight":0.0226,"y":0.0586,"asset_class":"Listed Equity","ald_sector_translation":"Automotive","asset_class_translation":"Listed Equity"},{"company_name":"Mazda Motor Corp.","allocation":"ownership_weight","scenario_source":"WEO2022","scenario":"APS","ald_sector":"Automotive","year":2022,"plan_tech_share":0.0062,"plan_carsten":0,"port_weight":0.0226,"y":0.0614,"asset_class":"Listed Equity","ald_sector_translation":"Automotive","asset_class_translation":"Listed Equity"},{"company_name":"Mazda Motor Corp.","allocation":"ownership_weight","scenario_source":"WEO2022","scenario":"NZE_2050","ald_sector":"Automotive","year":2022,"plan_tech_share":0.0062,"plan_carsten":0,"port_weight":0.0226,"y":0.0404,"asset_class":"Listed Equity","ald_sector_translation":"Automotive","asset_class_translation":"Listed Equity"},{"company_name":"Renova, Inc. (Japan)","allocation":"ownership_weight","scenario_source":"GECO2022","scenario":"1.5C","ald_sector":"Power","year":2022,"plan_tech_share":0.6375,"plan_carsten":0,"port_weight":0.0014,"y":0.5216,"asset_class":"Listed Equity","ald_sector_translation":"Power","asset_class_translation":"Listed Equity"},{"company_name":"Renova, Inc. (Japan)","allocation":"ownership_weight","scenario_source":"GECO2022","scenario":"NDC_LTS","ald_sector":"Power","year":2022,"plan_tech_share":0.6375,"plan_carsten":0,"port_weight":0.0014,"y":0.9883,"asset_class":"Listed Equity","ald_sector_translation":"Power","asset_class_translation":"Listed Equity"},{"company_name":"Renova, Inc. (Japan)","allocation":"ownership_weight","scenario_source":"GECO2022","scenario":"Reference","ald_sector":"Power","year":2022,"plan_tech_share":0.6375,"plan_carsten":0,"port_weight":0.0014,"y":1.0478,"asset_class":"Listed Equity","ald_sector_translation":"Power","asset_class_translation":"Listed Equity"},{"company_name":"Renova, Inc. (Japan)","allocation":"ownership_weight","scenario_source":"ISF2021","scenario":"NZE","ald_sector":"Power","year":2022,"plan_tech_share":0.6375,"plan_carsten":0,"port_weight":0.0014,"y":0.6493,"asset_class":"Listed Equity","ald_sector_translation":"Power","asset_class_translation":"Listed Equity"},{"company_name":"Renova, Inc. (Japan)","allocation":"ownership_weight","scenario_source":"WEO2022","scenario":"APS","ald_sector":"Power","year":2022,"plan_tech_share":0.6375,"plan_carsten":0,"port_weight":0.0014,"y":0.7052,"asset_class":"Listed Equity","ald_sector_translation":"Power","asset_class_translation":"Listed Equity"},{"company_name":"Renova, Inc. (Japan)","allocation":"ownership_weight","scenario_source":"WEO2022","scenario":"NZE_2050","ald_sector":"Power","year":2022,"plan_tech_share":0.6375,"plan_carsten":0,"port_weight":0.0014,"y":0.4558,"asset_class":"Listed Equity","ald_sector_translation":"Power","asset_class_translation":"Listed Equity"},{"company_name":"Renova, Inc. (Japan)","allocation":"ownership_weight","scenario_source":"WEO2022","scenario":"STEPS","ald_sector":"Power","year":2022,"plan_tech_share":0.6375,"plan_carsten":0,"port_weight":0.0014,"y":0.9088,"asset_class":"Listed Equity","ald_sector_translation":"Power","asset_class_translation":"Listed Equity"},{"company_name":"Shree Cement Ltd.","allocation":"ownership_weight","scenario_source":"GECO2022","scenario":"1.5C","ald_sector":"Power","year":2022,"plan_tech_share":0,"plan_carsten":0,"port_weight":0.0042,"y":0,"asset_class":"Listed Equity","ald_sector_translation":"Power","asset_class_translation":"Listed Equity"},{"company_name":"Shree Cement Ltd.","allocation":"ownership_weight","scenario_source":"GECO2022","scenario":"NDC_LTS","ald_sector":"Power","year":2022,"plan_tech_share":0,"plan_carsten":0,"port_weight":0.0042,"y":0,"asset_class":"Listed Equity","ald_sector_translation":"Power","asset_class_translation":"Listed Equity"},{"company_name":"Shree Cement Ltd.","allocation":"ownership_weight","scenario_source":"GECO2022","scenario":"Reference","ald_sector":"Power","year":2022,"plan_tech_share":0,"plan_carsten":0,"port_weight":0.0042,"y":0,"asset_class":"Listed Equity","ald_sector_translation":"Power","asset_class_translation":"Listed Equity"},{"company_name":"Shree Cement Ltd.","allocation":"ownership_weight","scenario_source":"ISF2021","scenario":"NZE","ald_sector":"Power","year":2022,"plan_tech_share":0,"plan_carsten":0,"port_weight":0.0042,"y":0,"asset_class":"Listed Equity","ald_sector_translation":"Power","asset_class_translation":"Listed Equity"},{"company_name":"Shree Cement Ltd.","allocation":"ownership_weight","scenario_source":"WEO2022","scenario":"APS","ald_sector":"Power","year":2022,"plan_tech_share":0,"plan_carsten":0,"port_weight":0.0042,"y":0,"asset_class":"Listed Equity","ald_sector_translation":"Power","asset_class_translation":"Listed Equity"},{"company_name":"Shree Cement Ltd.","allocation":"ownership_weight","scenario_source":"WEO2022","scenario":"NZE_2050","ald_sector":"Power","year":2022,"plan_tech_share":0,"plan_carsten":0,"port_weight":0.0042,"y":0,"asset_class":"Listed Equity","ald_sector_translation":"Power","asset_class_translation":"Listed Equity"},{"company_name":"Shree Cement Ltd.","allocation":"ownership_weight","scenario_source":"WEO2022","scenario":"STEPS","ald_sector":"Power","year":2022,"plan_tech_share":0,"plan_carsten":0,"port_weight":0.0042,"y":0,"asset_class":"Listed Equity","ald_sector_translation":"Power","asset_class_translation":"Listed Equity"},{"company_name":"Tenaris SA","allocation":"ownership_weight","scenario_source":"GECO2022","scenario":"1.5C","ald_sector":"Power","year":2022,"plan_tech_share":0,"plan_carsten":0,"port_weight":0.0006,"y":108.8541,"asset_class":"Listed Equity","ald_sector_translation":"Power","asset_class_translation":"Listed Equity"},{"company_name":"Tenaris SA","allocation":"ownership_weight","scenario_source":"GECO2022","scenario":"NDC_LTS","ald_sector":"Power","year":2022,"plan_tech_share":0,"plan_carsten":0,"port_weight":0.0006,"y":206.2516,"asset_class":"Listed Equity","ald_sector_translation":"Power","asset_class_translation":"Listed Equity"},{"company_name":"Tenaris SA","allocation":"ownership_weight","scenario_source":"GECO2022","scenario":"Reference","ald_sector":"Power","year":2022,"plan_tech_share":0,"plan_carsten":0,"port_weight":0.0006,"y":218.6626,"asset_class":"Listed Equity","ald_sector_translation":"Power","asset_class_translation":"Listed Equity"},{"company_name":"Tenaris SA","allocation":"ownership_weight","scenario_source":"ISF2021","scenario":"NZE","ald_sector":"Power","year":2022,"plan_tech_share":0,"plan_carsten":0,"port_weight":0.0006,"y":135.4949,"asset_class":"Listed Equity","ald_sector_translation":"Power","asset_class_translation":"Listed Equity"},{"company_name":"Tenaris SA","allocation":"ownership_weight","scenario_source":"WEO2022","scenario":"APS","ald_sector":"Power","year":2022,"plan_tech_share":0,"plan_carsten":0,"port_weight":0.0006,"y":147.1731,"asset_class":"Listed Equity","ald_sector_translation":"Power","asset_class_translation":"Listed Equity"},{"company_name":"Tenaris SA","allocation":"ownership_weight","scenario_source":"WEO2022","scenario":"NZE_2050","ald_sector":"Power","year":2022,"plan_tech_share":0,"plan_carsten":0,"port_weight":0.0006,"y":95.1291,"asset_class":"Listed Equity","ald_sector_translation":"Power","asset_class_translation":"Listed Equity"},{"company_name":"Tenaris SA","allocation":"ownership_weight","scenario_source":"WEO2022","scenario":"STEPS","ald_sector":"Power","year":2022,"plan_tech_share":0,"plan_carsten":0,"port_weight":0.0006,"y":189.6569,"asset_class":"Listed Equity","ald_sector_translation":"Power","asset_class_translation":"Listed Equity"},{"company_name":"Volvo AB","allocation":"ownership_weight","scenario_source":"GECO2022","scenario":"1.5C","ald_sector":"Automotive","year":2022,"plan_tech_share":0.2462,"plan_carsten":0,"port_weight":0.0298,"y":0.1292,"asset_class":"Listed Equity","ald_sector_translation":"Automotive","asset_class_translation":"Listed Equity"},{"company_name":"Volvo AB","allocation":"ownership_weight","scenario_source":"GECO2022","scenario":"NDC_LTS","ald_sector":"Automotive","year":2022,"plan_tech_share":0.2462,"plan_carsten":0,"port_weight":0.0298,"y":0.1388,"asset_class":"Listed Equity","ald_sector_translation":"Automotive","asset_class_translation":"Listed Equity"},{"company_name":"Volvo AB","allocation":"ownership_weight","scenario_source":"GECO2022","scenario":"Reference","ald_sector":"Automotive","year":2022,"plan_tech_share":0.2462,"plan_carsten":0,"port_weight":0.0298,"y":0.1605,"asset_class":"Listed Equity","ald_sector_translation":"Automotive","asset_class_translation":"Listed Equity"},{"company_name":"Volvo AB","allocation":"ownership_weight","scenario_source":"WEO2022","scenario":"APS","ald_sector":"Automotive","year":2022,"plan_tech_share":0.2462,"plan_carsten":0,"port_weight":0.0298,"y":0.1679,"asset_class":"Listed Equity","ald_sector_translation":"Automotive","asset_class_translation":"Listed Equity"},{"company_name":"Volvo AB","allocation":"ownership_weight","scenario_source":"WEO2022","scenario":"NZE_2050","ald_sector":"Automotive","year":2022,"plan_tech_share":0.2462,"plan_carsten":0,"port_weight":0.0298,"y":0.1105,"asset_class":"Listed Equity","ald_sector_translation":"Automotive","asset_class_translation":"Listed Equity"},{"company_name":"Volvo Car AB","allocation":"ownership_weight","scenario_source":"GECO2022","scenario":"1.5C","ald_sector":"Automotive","year":2022,"plan_tech_share":0.176,"plan_carsten":0,"port_weight":0.0172,"y":3.799,"asset_class":"Listed Equity","ald_sector_translation":"Automotive","asset_class_translation":"Listed Equity"},{"company_name":"Volvo Car AB","allocation":"ownership_weight","scenario_source":"GECO2022","scenario":"NDC_LTS","ald_sector":"Automotive","year":2022,"plan_tech_share":0.176,"plan_carsten":0,"port_weight":0.0172,"y":4.0809,"asset_class":"Listed Equity","ald_sector_translation":"Automotive","asset_class_translation":"Listed Equity"},{"company_name":"Volvo Car AB","allocation":"ownership_weight","scenario_source":"GECO2022","scenario":"Reference","ald_sector":"Automotive","year":2022,"plan_tech_share":0.176,"plan_carsten":0,"port_weight":0.0172,"y":4.7183,"asset_class":"Listed Equity","ald_sector_translation":"Automotive","asset_class_translation":"Listed Equity"},{"company_name":"Volvo Car AB","allocation":"ownership_weight","scenario_source":"WEO2022","scenario":"APS","ald_sector":"Automotive","year":2022,"plan_tech_share":0.176,"plan_carsten":0,"port_weight":0.0172,"y":4.9374,"asset_class":"Listed Equity","ald_sector_translation":"Automotive","asset_class_translation":"Listed Equity"},{"company_name":"Volvo Car AB","allocation":"ownership_weight","scenario_source":"WEO2022","scenario":"NZE_2050","ald_sector":"Automotive","year":2022,"plan_tech_share":0.176,"plan_carsten":0,"port_weight":0.0172,"y":3.2495,"asset_class":"Listed Equity","ald_sector_translation":"Automotive","asset_class_translation":"Listed Equity"},{"company_name":"Beijing Automotive Group Co., Ltd.","allocation":"portfolio_weight","scenario_source":"GECO2022","scenario":"1.5C","ald_sector":"Automotive","year":2022,"plan_tech_share":0.0486,"plan_carsten":0.0003,"port_weight":0.0053,"y":0.372,"asset_class":"Corporate Bonds","ald_sector_translation":"Automotive","asset_class_translation":"Corporate Bonds"},{"company_name":"Beijing Automotive Group Co., Ltd.","allocation":"portfolio_weight","scenario_source":"GECO2022","scenario":"NDC_LTS","ald_sector":"Automotive","year":2022,"plan_tech_share":0.0486,"plan_carsten":0.0003,"port_weight":0.0053,"y":0.3996,"asset_class":"Corporate Bonds","ald_sector_translation":"Automotive","asset_class_translation":"Corporate Bonds"},{"company_name":"Beijing Automotive Group Co., Ltd.","allocation":"portfolio_weight","scenario_source":"GECO2022","scenario":"Reference","ald_sector":"Automotive","year":2022,"plan_tech_share":0.0486,"plan_carsten":0.0003,"port_weight":0.0053,"y":0.462,"asset_class":"Corporate Bonds","ald_sector_translation":"Automotive","asset_class_translation":"Corporate Bonds"},{"company_name":"Beijing Automotive Group Co., Ltd.","allocation":"portfolio_weight","scenario_source":"WEO2022","scenario":"APS","ald_sector":"Automotive","year":2022,"plan_tech_share":0.0486,"plan_carsten":0.0003,"port_weight":0.0053,"y":0.4835,"asset_class":"Corporate Bonds","ald_sector_translation":"Automotive","asset_class_translation":"Corporate Bonds"},{"company_name":"Beijing Automotive Group Co., Ltd.","allocation":"portfolio_weight","scenario_source":"WEO2022","scenario":"NZE_2050","ald_sector":"Automotive","year":2022,"plan_tech_share":0.0486,"plan_carsten":0.0003,"port_weight":0.0053,"y":0.3182,"asset_class":"Corporate Bonds","ald_sector_translation":"Automotive","asset_class_translation":"Corporate Bonds"},{"company_name":"Ford Motor Co.","allocation":"portfolio_weight","scenario_source":"GECO2022","scenario":"1.5C","ald_sector":"Automotive","year":2022,"plan_tech_share":0.07,"plan_carsten":0.0019,"port_weight":0.0267,"y":1.0449,"asset_class":"Corporate Bonds","ald_sector_translation":"Automotive","asset_class_translation":"Corporate Bonds"},{"company_name":"Ford Motor Co.","allocation":"portfolio_weight","scenario_source":"GECO2022","scenario":"NDC_LTS","ald_sector":"Automotive","year":2022,"plan_tech_share":0.07,"plan_carsten":0.0019,"port_weight":0.0267,"y":1.1224,"asset_class":"Corporate Bonds","ald_sector_translation":"Automotive","asset_class_translation":"Corporate Bonds"},{"company_name":"Ford Motor Co.","allocation":"portfolio_weight","scenario_source":"GECO2022","scenario":"Reference","ald_sector":"Automotive","year":2022,"plan_tech_share":0.07,"plan_carsten":0.0019,"port_weight":0.0267,"y":1.2977,"asset_class":"Corporate Bonds","ald_sector_translation":"Automotive","asset_class_translation":"Corporate Bonds"},{"company_name":"Ford Motor Co.","allocation":"portfolio_weight","scenario_source":"WEO2022","scenario":"APS","ald_sector":"Automotive","year":2022,"plan_tech_share":0.07,"plan_carsten":0.0019,"port_weight":0.0267,"y":1.358,"asset_class":"Corporate Bonds","ald_sector_translation":"Automotive","asset_class_translation":"Corporate Bonds"},{"company_name":"Ford Motor Co.","allocation":"portfolio_weight","scenario_source":"WEO2022","scenario":"NZE_2050","ald_sector":"Automotive","year":2022,"plan_tech_share":0.07,"plan_carsten":0.0019,"port_weight":0.0267,"y":0.8937,"asset_class":"Corporate Bonds","ald_sector_translation":"Automotive","asset_class_translation":"Corporate Bonds"},{"company_name":"Hydro-Québec","allocation":"portfolio_weight","scenario_source":"GECO2022","scenario":"1.5C","ald_sector":"Power","year":2022,"plan_tech_share":0.9854,"plan_carsten":0.0454,"port_weight":0.046,"y":0.0183,"asset_class":"Corporate Bonds","ald_sector_translation":"Power","asset_class_translation":"Corporate Bonds"},{"company_name":"Hydro-Québec","allocation":"portfolio_weight","scenario_source":"GECO2022","scenario":"NDC_LTS","ald_sector":"Power","year":2022,"plan_tech_share":0.9854,"plan_carsten":0.0454,"port_weight":0.046,"y":0.0347,"asset_class":"Corporate Bonds","ald_sector_translation":"Power","asset_class_translation":"Corporate Bonds"},{"company_name":"Hydro-Québec","allocation":"portfolio_weight","scenario_source":"GECO2022","scenario":"Reference","ald_sector":"Power","year":2022,"plan_tech_share":0.9854,"plan_carsten":0.0454,"port_weight":0.046,"y":0.0368,"asset_class":"Corporate Bonds","ald_sector_translation":"Power","asset_class_translation":"Corporate Bonds"},{"company_name":"Hydro-Québec","allocation":"portfolio_weight","scenario_source":"ISF2021","scenario":"NZE","ald_sector":"Power","year":2022,"plan_tech_share":0.9854,"plan_carsten":0.0454,"port_weight":0.046,"y":0.0228,"asset_class":"Corporate Bonds","ald_sector_translation":"Power","asset_class_translation":"Corporate Bonds"},{"company_name":"Hydro-Québec","allocation":"portfolio_weight","scenario_source":"WEO2022","scenario":"APS","ald_sector":"Power","year":2022,"plan_tech_share":0.9854,"plan_carsten":0.0454,"port_weight":0.046,"y":0.0248,"asset_class":"Corporate Bonds","ald_sector_translation":"Power","asset_class_translation":"Corporate Bonds"},{"company_name":"Hydro-Québec","allocation":"portfolio_weight","scenario_source":"WEO2022","scenario":"NZE_2050","ald_sector":"Power","year":2022,"plan_tech_share":0.9854,"plan_carsten":0.0454,"port_weight":0.046,"y":0.016,"asset_class":"Corporate Bonds","ald_sector_translation":"Power","asset_class_translation":"Corporate Bonds"},{"company_name":"Hydro-Québec","allocation":"portfolio_weight","scenario_source":"WEO2022","scenario":"STEPS","ald_sector":"Power","year":2022,"plan_tech_share":0.9854,"plan_carsten":0.0454,"port_weight":0.046,"y":0.0319,"asset_class":"Corporate Bonds","ald_sector_translation":"Power","asset_class_translation":"Corporate Bonds"},{"company_name":"Mercedes-Benz Group AG","allocation":"portfolio_weight","scenario_source":"GECO2022","scenario":"1.5C","ald_sector":"Automotive","year":2022,"plan_tech_share":0.1347,"plan_carsten":0.0074,"port_weight":0.0549,"y":1.4187,"asset_class":"Corporate Bonds","ald_sector_translation":"Automotive","asset_class_translation":"Corporate Bonds"},{"company_name":"Mercedes-Benz Group AG","allocation":"portfolio_weight","scenario_source":"GECO2022","scenario":"NDC_LTS","ald_sector":"Automotive","year":2022,"plan_tech_share":0.1347,"plan_carsten":0.0074,"port_weight":0.0549,"y":1.524,"asset_class":"Corporate Bonds","ald_sector_translation":"Automotive","asset_class_translation":"Corporate Bonds"},{"company_name":"Mercedes-Benz Group AG","allocation":"portfolio_weight","scenario_source":"GECO2022","scenario":"Reference","ald_sector":"Automotive","year":2022,"plan_tech_share":0.1347,"plan_carsten":0.0074,"port_weight":0.0549,"y":1.762,"asset_class":"Corporate Bonds","ald_sector_translation":"Automotive","asset_class_translation":"Corporate Bonds"},{"company_name":"Mercedes-Benz Group AG","allocation":"portfolio_weight","scenario_source":"WEO2022","scenario":"APS","ald_sector":"Automotive","year":2022,"plan_tech_share":0.1347,"plan_carsten":0.0074,"port_weight":0.0549,"y":1.8438,"asset_class":"Corporate Bonds","ald_sector_translation":"Automotive","asset_class_translation":"Corporate Bonds"},{"company_name":"Mercedes-Benz Group AG","allocation":"portfolio_weight","scenario_source":"WEO2022","scenario":"NZE_2050","ald_sector":"Automotive","year":2022,"plan_tech_share":0.1347,"plan_carsten":0.0074,"port_weight":0.0549,"y":1.2135,"asset_class":"Corporate Bonds","ald_sector_translation":"Automotive","asset_class_translation":"Corporate Bonds"},{"company_name":"Nuclear Power Corporation of India Ltd.","allocation":"portfolio_weight","scenario_source":"GECO2022","scenario":"1.5C","ald_sector":"Power","year":2022,"plan_tech_share":1,"plan_carsten":0.0295,"port_weight":0.0295,"y":2.7824,"asset_class":"Corporate Bonds","ald_sector_translation":"Power","asset_class_translation":"Corporate Bonds"},{"company_name":"Nuclear Power Corporation of India Ltd.","allocation":"portfolio_weight","scenario_source":"GECO2022","scenario":"NDC_LTS","ald_sector":"Power","year":2022,"plan_tech_share":1,"plan_carsten":0.0295,"port_weight":0.0295,"y":5.272,"asset_class":"Corporate Bonds","ald_sector_translation":"Power","asset_class_translation":"Corporate Bonds"},{"company_name":"Nuclear Power Corporation of India Ltd.","allocation":"portfolio_weight","scenario_source":"GECO2022","scenario":"Reference","ald_sector":"Power","year":2022,"plan_tech_share":1,"plan_carsten":0.0295,"port_weight":0.0295,"y":5.5893,"asset_class":"Corporate Bonds","ald_sector_translation":"Power","asset_class_translation":"Corporate Bonds"},{"company_name":"Nuclear Power Corporation of India Ltd.","allocation":"portfolio_weight","scenario_source":"ISF2021","scenario":"NZE","ald_sector":"Power","year":2022,"plan_tech_share":1,"plan_carsten":0.0295,"port_weight":0.0295,"y":3.5318,"asset_class":"Corporate Bonds","ald_sector_translation":"Power","asset_class_translation":"Corporate Bonds"},{"company_name":"Nuclear Power Corporation of India Ltd.","allocation":"portfolio_weight","scenario_source":"WEO2022","scenario":"APS","ald_sector":"Power","year":2022,"plan_tech_share":1,"plan_carsten":0.0295,"port_weight":0.0295,"y":3.7619,"asset_class":"Corporate Bonds","ald_sector_translation":"Power","asset_class_translation":"Corporate Bonds"},{"company_name":"Nuclear Power Corporation of India Ltd.","allocation":"portfolio_weight","scenario_source":"WEO2022","scenario":"NZE_2050","ald_sector":"Power","year":2022,"plan_tech_share":1,"plan_carsten":0.0295,"port_weight":0.0295,"y":2.4316,"asset_class":"Corporate Bonds","ald_sector_translation":"Power","asset_class_translation":"Corporate Bonds"},{"company_name":"Nuclear Power Corporation of India Ltd.","allocation":"portfolio_weight","scenario_source":"WEO2022","scenario":"STEPS","ald_sector":"Power","year":2022,"plan_tech_share":1,"plan_carsten":0.0295,"port_weight":0.0295,"y":4.8479,"asset_class":"Corporate Bonds","ald_sector_translation":"Power","asset_class_translation":"Corporate Bonds"},{"company_name":"Puget Energy, Inc.","allocation":"portfolio_weight","scenario_source":"GECO2022","scenario":"1.5C","ald_sector":"Power","year":2022,"plan_tech_share":0.3175,"plan_carsten":0.0011,"port_weight":0.0034,"y":0,"asset_class":"Corporate Bonds","ald_sector_translation":"Power","asset_class_translation":"Corporate Bonds"},{"company_name":"Puget Energy, Inc.","allocation":"portfolio_weight","scenario_source":"GECO2022","scenario":"NDC_LTS","ald_sector":"Power","year":2022,"plan_tech_share":0.3175,"plan_carsten":0.0011,"port_weight":0.0034,"y":0,"asset_class":"Corporate Bonds","ald_sector_translation":"Power","asset_class_translation":"Corporate Bonds"},{"company_name":"Puget Energy, Inc.","allocation":"portfolio_weight","scenario_source":"GECO2022","scenario":"Reference","ald_sector":"Power","year":2022,"plan_tech_share":0.3175,"plan_carsten":0.0011,"port_weight":0.0034,"y":0,"asset_class":"Corporate Bonds","ald_sector_translation":"Power","asset_class_translation":"Corporate Bonds"},{"company_name":"Puget Energy, Inc.","allocation":"portfolio_weight","scenario_source":"ISF2021","scenario":"NZE","ald_sector":"Power","year":2022,"plan_tech_share":0.3175,"plan_carsten":0.0011,"port_weight":0.0034,"y":0,"asset_class":"Corporate Bonds","ald_sector_translation":"Power","asset_class_translation":"Corporate Bonds"},{"company_name":"Puget Energy, Inc.","allocation":"portfolio_weight","scenario_source":"WEO2022","scenario":"APS","ald_sector":"Power","year":2022,"plan_tech_share":0.3175,"plan_carsten":0.0011,"port_weight":0.0034,"y":0,"asset_class":"Corporate Bonds","ald_sector_translation":"Power","asset_class_translation":"Corporate Bonds"},{"company_name":"Puget Energy, Inc.","allocation":"portfolio_weight","scenario_source":"WEO2022","scenario":"NZE_2050","ald_sector":"Power","year":2022,"plan_tech_share":0.3175,"plan_carsten":0.0011,"port_weight":0.0034,"y":0,"asset_class":"Corporate Bonds","ald_sector_translation":"Power","asset_class_translation":"Corporate Bonds"},{"company_name":"Puget Energy, Inc.","allocation":"portfolio_weight","scenario_source":"WEO2022","scenario":"STEPS","ald_sector":"Power","year":2022,"plan_tech_share":0.3175,"plan_carsten":0.0011,"port_weight":0.0034,"y":0,"asset_class":"Corporate Bonds","ald_sector_translation":"Power","asset_class_translation":"Corporate Bonds"},{"company_name":"Stellantis NV","allocation":"portfolio_weight","scenario_source":"GECO2022","scenario":"1.5C","ald_sector":"Automotive","year":2022,"plan_tech_share":0.089,"plan_carsten":0.0013,"port_weight":0.0146,"y":1.337,"asset_class":"Corporate Bonds","ald_sector_translation":"Automotive","asset_class_translation":"Corporate Bonds"},{"company_name":"Stellantis NV","allocation":"portfolio_weight","scenario_source":"GECO2022","scenario":"NDC_LTS","ald_sector":"Automotive","year":2022,"plan_tech_share":0.089,"plan_carsten":0.0013,"port_weight":0.0146,"y":1.4362,"asset_class":"Corporate Bonds","ald_sector_translation":"Automotive","asset_class_translation":"Corporate Bonds"},{"company_name":"Stellantis NV","allocation":"portfolio_weight","scenario_source":"GECO2022","scenario":"Reference","ald_sector":"Automotive","year":2022,"plan_tech_share":0.089,"plan_carsten":0.0013,"port_weight":0.0146,"y":1.6605,"asset_class":"Corporate Bonds","ald_sector_translation":"Automotive","asset_class_translation":"Corporate Bonds"},{"company_name":"Stellantis NV","allocation":"portfolio_weight","scenario_source":"WEO2022","scenario":"APS","ald_sector":"Automotive","year":2022,"plan_tech_share":0.089,"plan_carsten":0.0013,"port_weight":0.0146,"y":1.7376,"asset_class":"Corporate Bonds","ald_sector_translation":"Automotive","asset_class_translation":"Corporate Bonds"},{"company_name":"Stellantis NV","allocation":"portfolio_weight","scenario_source":"WEO2022","scenario":"NZE_2050","ald_sector":"Automotive","year":2022,"plan_tech_share":0.089,"plan_carsten":0.0013,"port_weight":0.0146,"y":1.1436,"asset_class":"Corporate Bonds","ald_sector_translation":"Automotive","asset_class_translation":"Corporate Bonds"},{"company_name":"Tohoku Electric Power Co., Inc.","allocation":"portfolio_weight","scenario_source":"GECO2022","scenario":"1.5C","ald_sector":"Power","year":2022,"plan_tech_share":0.1087,"plan_carsten":0.005,"port_weight":0.0458,"y":0.0752,"asset_class":"Corporate Bonds","ald_sector_translation":"Power","asset_class_translation":"Corporate Bonds"},{"company_name":"Tohoku Electric Power Co., Inc.","allocation":"portfolio_weight","scenario_source":"GECO2022","scenario":"NDC_LTS","ald_sector":"Power","year":2022,"plan_tech_share":0.1087,"plan_carsten":0.005,"port_weight":0.0458,"y":0.1425,"asset_class":"Corporate Bonds","ald_sector_translation":"Power","asset_class_translation":"Corporate Bonds"},{"company_name":"Tohoku Electric Power Co., Inc.","allocation":"portfolio_weight","scenario_source":"GECO2022","scenario":"Reference","ald_sector":"Power","year":2022,"plan_tech_share":0.1087,"plan_carsten":0.005,"port_weight":0.0458,"y":0.151,"asset_class":"Corporate Bonds","ald_sector_translation":"Power","asset_class_translation":"Corporate Bonds"},{"company_name":"Tohoku Electric Power Co., Inc.","allocation":"portfolio_weight","scenario_source":"ISF2021","scenario":"NZE","ald_sector":"Power","year":2022,"plan_tech_share":0.1087,"plan_carsten":0.005,"port_weight":0.0458,"y":0.0936,"asset_class":"Corporate Bonds","ald_sector_translation":"Power","asset_class_translation":"Corporate Bonds"},{"company_name":"Tohoku Electric Power Co., Inc.","allocation":"portfolio_weight","scenario_source":"WEO2022","scenario":"APS","ald_sector":"Power","year":2022,"plan_tech_share":0.1087,"plan_carsten":0.005,"port_weight":0.0458,"y":0.1017,"asset_class":"Corporate Bonds","ald_sector_translation":"Power","asset_class_translation":"Corporate Bonds"},{"company_name":"Tohoku Electric Power Co., Inc.","allocation":"portfolio_weight","scenario_source":"WEO2022","scenario":"NZE_2050","ald_sector":"Power","year":2022,"plan_tech_share":0.1087,"plan_carsten":0.005,"port_weight":0.0458,"y":0.0657,"asset_class":"Corporate Bonds","ald_sector_translation":"Power","asset_class_translation":"Corporate Bonds"},{"company_name":"Tohoku Electric Power Co., Inc.","allocation":"portfolio_weight","scenario_source":"WEO2022","scenario":"STEPS","ald_sector":"Power","year":2022,"plan_tech_share":0.1087,"plan_carsten":0.005,"port_weight":0.0458,"y":0.131,"asset_class":"Corporate Bonds","ald_sector_translation":"Power","asset_class_translation":"Corporate Bonds"}]
