[{"company_name":"Alliant Energy Corp.","allocation":"portfolio_weight","scenario_source":"GECO2023","scenario":"1.5C","ald_sector":"Power","year":2023,"plan_tech_share":0.2584,"plan_carsten":0.0078,"port_weight":0.0301,"y":0.2498,"asset_class":"Listed Equity","ald_sector_translation":"Power","asset_class_translation":"Listed Equity"},{"company_name":"Alliant Energy Corp.","allocation":"portfolio_weight","scenario_source":"GECO2023","scenario":"NDC-LTS","ald_sector":"Power","year":2023,"plan_tech_share":0.2584,"plan_carsten":0.0078,"port_weight":0.0301,"y":0.3281,"asset_class":"Listed Equity","ald_sector_translation":"Power","asset_class_translation":"Listed Equity"},{"company_name":"Alliant Energy Corp.","allocation":"portfolio_weight","scenario_source":"GECO2023","scenario":"Reference","ald_sector":"Power","year":2023,"plan_tech_share":0.2584,"plan_carsten":0.0078,"port_weight":0.0301,"y":0.3987,"asset_class":"Listed Equity","ald_sector_translation":"Power","asset_class_translation":"Listed Equity"},{"company_name":"Alliant Energy Corp.","allocation":"portfolio_weight","scenario_source":"ISF2023","scenario":"1.5°C","ald_sector":"Power","year":2023,"plan_tech_share":0.2584,"plan_carsten":0.0078,"port_weight":0.0301,"y":0.2089,"asset_class":"Listed Equity","ald_sector_translation":"Power","asset_class_translation":"Listed Equity"},{"company_name":"Alliant Energy Corp.","allocation":"portfolio_weight","scenario_source":"WEO2023","scenario":"APS","ald_sector":"Power","year":2023,"plan_tech_share":0.2584,"plan_carsten":0.0078,"port_weight":0.0301,"y":0.2133,"asset_class":"Listed Equity","ald_sector_translation":"Power","asset_class_translation":"Listed Equity"},{"company_name":"Alliant Energy Corp.","allocation":"portfolio_weight","scenario_source":"WEO2023","scenario":"NZE_2050","ald_sector":"Power","year":2023,"plan_tech_share":0.2584,"plan_carsten":0.0078,"port_weight":0.0301,"y":0.1804,"asset_class":"Listed Equity","ald_sector_translation":"Power","asset_class_translation":"Listed Equity"},{"company_name":"Alliant Energy Corp.","allocation":"portfolio_weight","scenario_source":"WEO2023","scenario":"STEPS","ald_sector":"Power","year":2023,"plan_tech_share":0.2584,"plan_carsten":0.0078,"port_weight":0.0301,"y":0.2585,"asset_class":"Listed Equity","ald_sector_translation":"Power","asset_class_translation":"Listed Equity"},{"company_name":"Drax Group Plc","allocation":"portfolio_weight","scenario_source":"GECO2023","scenario":"1.5C","ald_sector":"Power","year":2023,"plan_tech_share":0.9586,"plan_carsten":0.0266,"port_weight":0.0278,"y":0,"asset_class":"Listed Equity","ald_sector_translation":"Power","asset_class_translation":"Listed Equity"},{"company_name":"Drax Group Plc","allocation":"portfolio_weight","scenario_source":"GECO2023","scenario":"NDC-LTS","ald_sector":"Power","year":2023,"plan_tech_share":0.9586,"plan_carsten":0.0266,"port_weight":0.0278,"y":0,"asset_class":"Listed Equity","ald_sector_translation":"Power","asset_class_translation":"Listed Equity"},{"company_name":"Drax Group Plc","allocation":"portfolio_weight","scenario_source":"GECO2023","scenario":"Reference","ald_sector":"Power","year":2023,"plan_tech_share":0.9586,"plan_carsten":0.0266,"port_weight":0.0278,"y":0,"asset_class":"Listed Equity","ald_sector_translation":"Power","asset_class_translation":"Listed Equity"},{"company_name":"Drax Group Plc","allocation":"portfolio_weight","scenario_source":"ISF2023","scenario":"1.5°C","ald_sector":"Power","year":2023,"plan_tech_share":0.9586,"plan_carsten":0.0266,"port_weight":0.0278,"y":0,"asset_class":"Listed Equity","ald_sector_translation":"Power","asset_class_translation":"Listed Equity"},{"company_name":"Drax Group Plc","allocation":"portfolio_weight","scenario_source":"WEO2023","scenario":"APS","ald_sector":"Power","year":2023,"plan_tech_share":0.9586,"plan_carsten":0.0266,"port_weight":0.0278,"y":0,"asset_class":"Listed Equity","ald_sector_translation":"Power","asset_class_translation":"Listed Equity"},{"company_name":"Drax Group Plc","allocation":"portfolio_weight","scenario_source":"WEO2023","scenario":"NZE_2050","ald_sector":"Power","year":2023,"plan_tech_share":0.9586,"plan_carsten":0.0266,"port_weight":0.0278,"y":0,"asset_class":"Listed Equity","ald_sector_translation":"Power","asset_class_translation":"Listed Equity"},{"company_name":"Drax Group Plc","allocation":"portfolio_weight","scenario_source":"WEO2023","scenario":"STEPS","ald_sector":"Power","year":2023,"plan_tech_share":0.9586,"plan_carsten":0.0266,"port_weight":0.0278,"y":0,"asset_class":"Listed Equity","ald_sector_translation":"Power","asset_class_translation":"Listed Equity"},{"company_name":"Energisa SA","allocation":"portfolio_weight","scenario_source":"GECO2023","scenario":"1.5C","ald_sector":"Power","year":2023,"plan_tech_share":0.8077,"plan_carsten":0.032,"port_weight":0.0396,"y":0,"asset_class":"Listed Equity","ald_sector_translation":"Power","asset_class_translation":"Listed Equity"},{"company_name":"Energisa SA","allocation":"portfolio_weight","scenario_source":"GECO2023","scenario":"NDC-LTS","ald_sector":"Power","year":2023,"plan_tech_share":0.8077,"plan_carsten":0.032,"port_weight":0.0396,"y":0,"asset_class":"Listed Equity","ald_sector_translation":"Power","asset_class_translation":"Listed Equity"},{"company_name":"Energisa SA","allocation":"portfolio_weight","scenario_source":"GECO2023","scenario":"Reference","ald_sector":"Power","year":2023,"plan_tech_share":0.8077,"plan_carsten":0.032,"port_weight":0.0396,"y":0,"asset_class":"Listed Equity","ald_sector_translation":"Power","asset_class_translation":"Listed Equity"},{"company_name":"Energisa SA","allocation":"portfolio_weight","scenario_source":"ISF2023","scenario":"1.5°C","ald_sector":"Power","year":2023,"plan_tech_share":0.8077,"plan_carsten":0.032,"port_weight":0.0396,"y":0,"asset_class":"Listed Equity","ald_sector_translation":"Power","asset_class_translation":"Listed Equity"},{"company_name":"Energisa SA","allocation":"portfolio_weight","scenario_source":"WEO2023","scenario":"APS","ald_sector":"Power","year":2023,"plan_tech_share":0.8077,"plan_carsten":0.032,"port_weight":0.0396,"y":0,"asset_class":"Listed Equity","ald_sector_translation":"Power","asset_class_translation":"Listed Equity"},{"company_name":"Energisa SA","allocation":"portfolio_weight","scenario_source":"WEO2023","scenario":"NZE_2050","ald_sector":"Power","year":2023,"plan_tech_share":0.8077,"plan_carsten":0.032,"port_weight":0.0396,"y":0,"asset_class":"Listed Equity","ald_sector_translation":"Power","asset_class_translation":"Listed Equity"},{"company_name":"Energisa SA","allocation":"portfolio_weight","scenario_source":"WEO2023","scenario":"STEPS","ald_sector":"Power","year":2023,"plan_tech_share":0.8077,"plan_carsten":0.032,"port_weight":0.0396,"y":0,"asset_class":"Listed Equity","ald_sector_translation":"Power","asset_class_translation":"Listed Equity"},{"company_name":"Geely Automobile Holdings Ltd.","allocation":"portfolio_weight","scenario_source":"WEO2023","scenario":"APS","ald_sector":"Automotive","year":2023,"plan_tech_share":0.34,"plan_carsten":0.014,"port_weight":0.0412,"y":1.7022,"asset_class":"Listed Equity","ald_sector_translation":"Automotive","asset_class_translation":"Listed Equity"},{"company_name":"Geely Automobile Holdings Ltd.","allocation":"portfolio_weight","scenario_source":"WEO2023","scenario":"NZE_2050","ald_sector":"Automotive","year":2023,"plan_tech_share":0.34,"plan_carsten":0.014,"port_weight":0.0412,"y":1.318,"asset_class":"Listed Equity","ald_sector_translation":"Automotive","asset_class_translation":"Listed Equity"},{"company_name":"Geely Automobile Holdings Ltd.","allocation":"portfolio_weight","scenario_source":"WEO2023","scenario":"STEPS","ald_sector":"Automotive","year":2023,"plan_tech_share":0.34,"plan_carsten":0.014,"port_weight":0.0412,"y":2.0775,"asset_class":"Listed Equity","ald_sector_translation":"Automotive","asset_class_translation":"Listed Equity"},{"company_name":"Guangzhou Automobile Group Co., Ltd.","allocation":"portfolio_weight","scenario_source":"WEO2023","scenario":"APS","ald_sector":"Automotive","year":2023,"plan_tech_share":0.6324,"plan_carsten":0.0029,"port_weight":0.0046,"y":0.373,"asset_class":"Listed Equity","ald_sector_translation":"Automotive","asset_class_translation":"Listed Equity"},{"company_name":"Guangzhou Automobile Group Co., Ltd.","allocation":"portfolio_weight","scenario_source":"WEO2023","scenario":"NZE_2050","ald_sector":"Automotive","year":2023,"plan_tech_share":0.6324,"plan_carsten":0.0029,"port_weight":0.0046,"y":0.2888,"asset_class":"Listed Equity","ald_sector_translation":"Automotive","asset_class_translation":"Listed Equity"},{"company_name":"Guangzhou Automobile Group Co., Ltd.","allocation":"portfolio_weight","scenario_source":"WEO2023","scenario":"STEPS","ald_sector":"Automotive","year":2023,"plan_tech_share":0.6324,"plan_carsten":0.0029,"port_weight":0.0046,"y":0.4552,"asset_class":"Listed Equity","ald_sector_translation":"Automotive","asset_class_translation":"Listed Equity"},{"company_name":"Hyundai Motor Co., Ltd.","allocation":"portfolio_weight","scenario_source":"WEO2023","scenario":"APS","ald_sector":"Automotive","year":2023,"plan_tech_share":0.0665,"plan_carsten":0.0027,"port_weight":0.0399,"y":0.4708,"asset_class":"Listed Equity","ald_sector_translation":"Automotive","asset_class_translation":"Listed Equity"},{"company_name":"Hyundai Motor Co., Ltd.","allocation":"portfolio_weight","scenario_source":"WEO2023","scenario":"NZE_2050","ald_sector":"Automotive","year":2023,"plan_tech_share":0.0665,"plan_carsten":0.0027,"port_weight":0.0399,"y":0.3656,"asset_class":"Listed Equity","ald_sector_translation":"Automotive","asset_class_translation":"Listed Equity"},{"company_name":"Hyundai Motor Co., Ltd.","allocation":"portfolio_weight","scenario_source":"WEO2023","scenario":"STEPS","ald_sector":"Automotive","year":2023,"plan_tech_share":0.0665,"plan_carsten":0.0027,"port_weight":0.0399,"y":0.5746,"asset_class":"Listed Equity","ald_sector_translation":"Automotive","asset_class_translation":"Listed Equity"},{"company_name":"Innergex Renewable Energy, Inc.","allocation":"portfolio_weight","scenario_source":"GECO2023","scenario":"1.5C","ald_sector":"Power","year":2023,"plan_tech_share":1,"plan_carsten":0.0364,"port_weight":0.0364,"y":0.4864,"asset_class":"Listed Equity","ald_sector_translation":"Power","asset_class_translation":"Listed Equity"},{"company_name":"Innergex Renewable Energy, Inc.","allocation":"portfolio_weight","scenario_source":"GECO2023","scenario":"NDC-LTS","ald_sector":"Power","year":2023,"plan_tech_share":1,"plan_carsten":0.0364,"port_weight":0.0364,"y":0.639,"asset_class":"Listed Equity","ald_sector_translation":"Power","asset_class_translation":"Listed Equity"},{"company_name":"Innergex Renewable Energy, Inc.","allocation":"portfolio_weight","scenario_source":"GECO2023","scenario":"Reference","ald_sector":"Power","year":2023,"plan_tech_share":1,"plan_carsten":0.0364,"port_weight":0.0364,"y":0.7764,"asset_class":"Listed Equity","ald_sector_translation":"Power","asset_class_translation":"Listed Equity"},{"company_name":"Innergex Renewable Energy, Inc.","allocation":"portfolio_weight","scenario_source":"ISF2023","scenario":"1.5°C","ald_sector":"Power","year":2023,"plan_tech_share":1,"plan_carsten":0.0364,"port_weight":0.0364,"y":0.4069,"asset_class":"Listed Equity","ald_sector_translation":"Power","asset_class_translation":"Listed Equity"},{"company_name":"Innergex Renewable Energy, Inc.","allocation":"portfolio_weight","scenario_source":"WEO2023","scenario":"APS","ald_sector":"Power","year":2023,"plan_tech_share":1,"plan_carsten":0.0364,"port_weight":0.0364,"y":0.4153,"asset_class":"Listed Equity","ald_sector_translation":"Power","asset_class_translation":"Listed Equity"},{"company_name":"Innergex Renewable Energy, Inc.","allocation":"portfolio_weight","scenario_source":"WEO2023","scenario":"NZE_2050","ald_sector":"Power","year":2023,"plan_tech_share":1,"plan_carsten":0.0364,"port_weight":0.0364,"y":0.3513,"asset_class":"Listed Equity","ald_sector_translation":"Power","asset_class_translation":"Listed Equity"},{"company_name":"Innergex Renewable Energy, Inc.","allocation":"portfolio_weight","scenario_source":"WEO2023","scenario":"STEPS","ald_sector":"Power","year":2023,"plan_tech_share":1,"plan_carsten":0.0364,"port_weight":0.0364,"y":0.5034,"asset_class":"Listed Equity","ald_sector_translation":"Power","asset_class_translation":"Listed Equity"},{"company_name":"Mazda Motor Corp.","allocation":"portfolio_weight","scenario_source":"WEO2023","scenario":"APS","ald_sector":"Automotive","year":2023,"plan_tech_share":0.0362,"plan_carsten":0.0008,"port_weight":0.0234,"y":0.0487,"asset_class":"Listed Equity","ald_sector_translation":"Automotive","asset_class_translation":"Listed Equity"},{"company_name":"Mazda Motor Corp.","allocation":"portfolio_weight","scenario_source":"WEO2023","scenario":"NZE_2050","ald_sector":"Automotive","year":2023,"plan_tech_share":0.0362,"plan_carsten":0.0008,"port_weight":0.0234,"y":0.0377,"asset_class":"Listed Equity","ald_sector_translation":"Automotive","asset_class_translation":"Listed Equity"},{"company_name":"Mazda Motor Corp.","allocation":"portfolio_weight","scenario_source":"WEO2023","scenario":"STEPS","ald_sector":"Automotive","year":2023,"plan_tech_share":0.0362,"plan_carsten":0.0008,"port_weight":0.0234,"y":0.0594,"asset_class":"Listed Equity","ald_sector_translation":"Automotive","asset_class_translation":"Listed Equity"},{"company_name":"Renova, Inc. (Japan)","allocation":"portfolio_weight","scenario_source":"GECO2023","scenario":"1.5C","ald_sector":"Power","year":2023,"plan_tech_share":0.6514,"plan_carsten":0.001,"port_weight":0.0015,"y":0.4901,"asset_class":"Listed Equity","ald_sector_translation":"Power","asset_class_translation":"Listed Equity"},{"company_name":"Renova, Inc. (Japan)","allocation":"portfolio_weight","scenario_source":"GECO2023","scenario":"NDC-LTS","ald_sector":"Power","year":2023,"plan_tech_share":0.6514,"plan_carsten":0.001,"port_weight":0.0015,"y":0.6438,"asset_class":"Listed Equity","ald_sector_translation":"Power","asset_class_translation":"Listed Equity"},{"company_name":"Renova, Inc. (Japan)","allocation":"portfolio_weight","scenario_source":"GECO2023","scenario":"Reference","ald_sector":"Power","year":2023,"plan_tech_share":0.6514,"plan_carsten":0.001,"port_weight":0.0015,"y":0.7823,"asset_class":"Listed Equity","ald_sector_translation":"Power","asset_class_translation":"Listed Equity"},{"company_name":"Renova, Inc. (Japan)","allocation":"portfolio_weight","scenario_source":"ISF2023","scenario":"1.5°C","ald_sector":"Power","year":2023,"plan_tech_share":0.6514,"plan_carsten":0.001,"port_weight":0.0015,"y":0.4099,"asset_class":"Listed Equity","ald_sector_translation":"Power","asset_class_translation":"Listed Equity"},{"company_name":"Renova, Inc. (Japan)","allocation":"portfolio_weight","scenario_source":"WEO2023","scenario":"APS","ald_sector":"Power","year":2023,"plan_tech_share":0.6514,"plan_carsten":0.001,"port_weight":0.0015,"y":0.4185,"asset_class":"Listed Equity","ald_sector_translation":"Power","asset_class_translation":"Listed Equity"},{"company_name":"Renova, Inc. (Japan)","allocation":"portfolio_weight","scenario_source":"WEO2023","scenario":"NZE_2050","ald_sector":"Power","year":2023,"plan_tech_share":0.6514,"plan_carsten":0.001,"port_weight":0.0015,"y":0.354,"asset_class":"Listed Equity","ald_sector_translation":"Power","asset_class_translation":"Listed Equity"},{"company_name":"Renova, Inc. (Japan)","allocation":"portfolio_weight","scenario_source":"WEO2023","scenario":"STEPS","ald_sector":"Power","year":2023,"plan_tech_share":0.6514,"plan_carsten":0.001,"port_weight":0.0015,"y":0.5072,"asset_class":"Listed Equity","ald_sector_translation":"Power","asset_class_translation":"Listed Equity"},{"company_name":"Alliant Energy Corp.","allocation":"ownership_weight","scenario_source":"GECO2023","scenario":"1.5C","ald_sector":"Power","year":2023,"plan_tech_share":0.2584,"plan_carsten":0,"port_weight":0.0301,"y":0.2498,"asset_class":"Listed Equity","ald_sector_translation":"Power","asset_class_translation":"Listed Equity"},{"company_name":"Alliant Energy Corp.","allocation":"ownership_weight","scenario_source":"GECO2023","scenario":"NDC-LTS","ald_sector":"Power","year":2023,"plan_tech_share":0.2584,"plan_carsten":0,"port_weight":0.0301,"y":0.3281,"asset_class":"Listed Equity","ald_sector_translation":"Power","asset_class_translation":"Listed Equity"},{"company_name":"Alliant Energy Corp.","allocation":"ownership_weight","scenario_source":"GECO2023","scenario":"Reference","ald_sector":"Power","year":2023,"plan_tech_share":0.2584,"plan_carsten":0,"port_weight":0.0301,"y":0.3987,"asset_class":"Listed Equity","ald_sector_translation":"Power","asset_class_translation":"Listed Equity"},{"company_name":"Alliant Energy Corp.","allocation":"ownership_weight","scenario_source":"ISF2023","scenario":"1.5°C","ald_sector":"Power","year":2023,"plan_tech_share":0.2584,"plan_carsten":0,"port_weight":0.0301,"y":0.2089,"asset_class":"Listed Equity","ald_sector_translation":"Power","asset_class_translation":"Listed Equity"},{"company_name":"Alliant Energy Corp.","allocation":"ownership_weight","scenario_source":"WEO2023","scenario":"APS","ald_sector":"Power","year":2023,"plan_tech_share":0.2584,"plan_carsten":0,"port_weight":0.0301,"y":0.2133,"asset_class":"Listed Equity","ald_sector_translation":"Power","asset_class_translation":"Listed Equity"},{"company_name":"Alliant Energy Corp.","allocation":"ownership_weight","scenario_source":"WEO2023","scenario":"NZE_2050","ald_sector":"Power","year":2023,"plan_tech_share":0.2584,"plan_carsten":0,"port_weight":0.0301,"y":0.1804,"asset_class":"Listed Equity","ald_sector_translation":"Power","asset_class_translation":"Listed Equity"},{"company_name":"Alliant Energy Corp.","allocation":"ownership_weight","scenario_source":"WEO2023","scenario":"STEPS","ald_sector":"Power","year":2023,"plan_tech_share":0.2584,"plan_carsten":0,"port_weight":0.0301,"y":0.2585,"asset_class":"Listed Equity","ald_sector_translation":"Power","asset_class_translation":"Listed Equity"},{"company_name":"Anglo American Plc","allocation":"ownership_weight","scenario_source":"GECO2023","scenario":"1.5C","ald_sector":"Power","year":2023,"plan_tech_share":1,"plan_carsten":0,"port_weight":0.0201,"y":0,"asset_class":"Listed Equity","ald_sector_translation":"Power","asset_class_translation":"Listed Equity"},{"company_name":"Anglo American Plc","allocation":"ownership_weight","scenario_source":"GECO2023","scenario":"NDC-LTS","ald_sector":"Power","year":2023,"plan_tech_share":1,"plan_carsten":0,"port_weight":0.0201,"y":0,"asset_class":"Listed Equity","ald_sector_translation":"Power","asset_class_translation":"Listed Equity"},{"company_name":"Anglo American Plc","allocation":"ownership_weight","scenario_source":"GECO2023","scenario":"Reference","ald_sector":"Power","year":2023,"plan_tech_share":1,"plan_carsten":0,"port_weight":0.0201,"y":0,"asset_class":"Listed Equity","ald_sector_translation":"Power","asset_class_translation":"Listed Equity"},{"company_name":"Anglo American Plc","allocation":"ownership_weight","scenario_source":"ISF2023","scenario":"1.5°C","ald_sector":"Power","year":2023,"plan_tech_share":1,"plan_carsten":0,"port_weight":0.0201,"y":0,"asset_class":"Listed Equity","ald_sector_translation":"Power","asset_class_translation":"Listed Equity"},{"company_name":"Anglo American Plc","allocation":"ownership_weight","scenario_source":"WEO2023","scenario":"APS","ald_sector":"Power","year":2023,"plan_tech_share":1,"plan_carsten":0,"port_weight":0.0201,"y":0,"asset_class":"Listed Equity","ald_sector_translation":"Power","asset_class_translation":"Listed Equity"},{"company_name":"Anglo American Plc","allocation":"ownership_weight","scenario_source":"WEO2023","scenario":"NZE_2050","ald_sector":"Power","year":2023,"plan_tech_share":1,"plan_carsten":0,"port_weight":0.0201,"y":0,"asset_class":"Listed Equity","ald_sector_translation":"Power","asset_class_translation":"Listed Equity"},{"company_name":"Anglo American Plc","allocation":"ownership_weight","scenario_source":"WEO2023","scenario":"STEPS","ald_sector":"Power","year":2023,"plan_tech_share":1,"plan_carsten":0,"port_weight":0.0201,"y":0,"asset_class":"Listed Equity","ald_sector_translation":"Power","asset_class_translation":"Listed Equity"},{"company_name":"Deccan Cements Ltd.","allocation":"ownership_weight","scenario_source":"GECO2023","scenario":"1.5C","ald_sector":"Power","year":2023,"plan_tech_share":1,"plan_carsten":0,"port_weight":0.0259,"y":0,"asset_class":"Listed Equity","ald_sector_translation":"Power","asset_class_translation":"Listed Equity"},{"company_name":"Deccan Cements Ltd.","allocation":"ownership_weight","scenario_source":"GECO2023","scenario":"NDC-LTS","ald_sector":"Power","year":2023,"plan_tech_share":1,"plan_carsten":0,"port_weight":0.0259,"y":0,"asset_class":"Listed Equity","ald_sector_translation":"Power","asset_class_translation":"Listed Equity"},{"company_name":"Deccan Cements Ltd.","allocation":"ownership_weight","scenario_source":"GECO2023","scenario":"Reference","ald_sector":"Power","year":2023,"plan_tech_share":1,"plan_carsten":0,"port_weight":0.0259,"y":0,"asset_class":"Listed Equity","ald_sector_translation":"Power","asset_class_translation":"Listed Equity"},{"company_name":"Deccan Cements Ltd.","allocation":"ownership_weight","scenario_source":"ISF2023","scenario":"1.5°C","ald_sector":"Power","year":2023,"plan_tech_share":1,"plan_carsten":0,"port_weight":0.0259,"y":0,"asset_class":"Listed Equity","ald_sector_translation":"Power","asset_class_translation":"Listed Equity"},{"company_name":"Deccan Cements Ltd.","allocation":"ownership_weight","scenario_source":"WEO2023","scenario":"APS","ald_sector":"Power","year":2023,"plan_tech_share":1,"plan_carsten":0,"port_weight":0.0259,"y":0,"asset_class":"Listed Equity","ald_sector_translation":"Power","asset_class_translation":"Listed Equity"},{"company_name":"Deccan Cements Ltd.","allocation":"ownership_weight","scenario_source":"WEO2023","scenario":"NZE_2050","ald_sector":"Power","year":2023,"plan_tech_share":1,"plan_carsten":0,"port_weight":0.0259,"y":0,"asset_class":"Listed Equity","ald_sector_translation":"Power","asset_class_translation":"Listed Equity"},{"company_name":"Deccan Cements Ltd.","allocation":"ownership_weight","scenario_source":"WEO2023","scenario":"STEPS","ald_sector":"Power","year":2023,"plan_tech_share":1,"plan_carsten":0,"port_weight":0.0259,"y":0,"asset_class":"Listed Equity","ald_sector_translation":"Power","asset_class_translation":"Listed Equity"},{"company_name":"Drax Group Plc","allocation":"ownership_weight","scenario_source":"GECO2023","scenario":"1.5C","ald_sector":"Power","year":2023,"plan_tech_share":0.9586,"plan_carsten":0,"port_weight":0.0278,"y":0,"asset_class":"Listed Equity","ald_sector_translation":"Power","asset_class_translation":"Listed Equity"},{"company_name":"Drax Group Plc","allocation":"ownership_weight","scenario_source":"GECO2023","scenario":"NDC-LTS","ald_sector":"Power","year":2023,"plan_tech_share":0.9586,"plan_carsten":0,"port_weight":0.0278,"y":0,"asset_class":"Listed Equity","ald_sector_translation":"Power","asset_class_translation":"Listed Equity"},{"company_name":"Drax Group Plc","allocation":"ownership_weight","scenario_source":"GECO2023","scenario":"Reference","ald_sector":"Power","year":2023,"plan_tech_share":0.9586,"plan_carsten":0,"port_weight":0.0278,"y":0,"asset_class":"Listed Equity","ald_sector_translation":"Power","asset_class_translation":"Listed Equity"},{"company_name":"Drax Group Plc","allocation":"ownership_weight","scenario_source":"ISF2023","scenario":"1.5°C","ald_sector":"Power","year":2023,"plan_tech_share":0.9586,"plan_carsten":0,"port_weight":0.0278,"y":0,"asset_class":"Listed Equity","ald_sector_translation":"Power","asset_class_translation":"Listed Equity"},{"company_name":"Drax Group Plc","allocation":"ownership_weight","scenario_source":"WEO2023","scenario":"APS","ald_sector":"Power","year":2023,"plan_tech_share":0.9586,"plan_carsten":0,"port_weight":0.0278,"y":0,"asset_class":"Listed Equity","ald_sector_translation":"Power","asset_class_translation":"Listed Equity"},{"company_name":"Drax Group Plc","allocation":"ownership_weight","scenario_source":"WEO2023","scenario":"NZE_2050","ald_sector":"Power","year":2023,"plan_tech_share":0.9586,"plan_carsten":0,"port_weight":0.0278,"y":0,"asset_class":"Listed Equity","ald_sector_translation":"Power","asset_class_translation":"Listed Equity"},{"company_name":"Drax Group Plc","allocation":"ownership_weight","scenario_source":"WEO2023","scenario":"STEPS","ald_sector":"Power","year":2023,"plan_tech_share":0.9586,"plan_carsten":0,"port_weight":0.0278,"y":0,"asset_class":"Listed Equity","ald_sector_translation":"Power","asset_class_translation":"Listed Equity"},{"company_name":"Energisa SA","allocation":"ownership_weight","scenario_source":"GECO2023","scenario":"1.5C","ald_sector":"Power","year":2023,"plan_tech_share":0.8077,"plan_carsten":0,"port_weight":0.0396,"y":0,"asset_class":"Listed Equity","ald_sector_translation":"Power","asset_class_translation":"Listed Equity"},{"company_name":"Energisa SA","allocation":"ownership_weight","scenario_source":"GECO2023","scenario":"NDC-LTS","ald_sector":"Power","year":2023,"plan_tech_share":0.8077,"plan_carsten":0,"port_weight":0.0396,"y":0,"asset_class":"Listed Equity","ald_sector_translation":"Power","asset_class_translation":"Listed Equity"},{"company_name":"Energisa SA","allocation":"ownership_weight","scenario_source":"GECO2023","scenario":"Reference","ald_sector":"Power","year":2023,"plan_tech_share":0.8077,"plan_carsten":0,"port_weight":0.0396,"y":0,"asset_class":"Listed Equity","ald_sector_translation":"Power","asset_class_translation":"Listed Equity"},{"company_name":"Energisa SA","allocation":"ownership_weight","scenario_source":"ISF2023","scenario":"1.5°C","ald_sector":"Power","year":2023,"plan_tech_share":0.8077,"plan_carsten":0,"port_weight":0.0396,"y":0,"asset_class":"Listed Equity","ald_sector_translation":"Power","asset_class_translation":"Listed Equity"},{"company_name":"Energisa SA","allocation":"ownership_weight","scenario_source":"WEO2023","scenario":"APS","ald_sector":"Power","year":2023,"plan_tech_share":0.8077,"plan_carsten":0,"port_weight":0.0396,"y":0,"asset_class":"Listed Equity","ald_sector_translation":"Power","asset_class_translation":"Listed Equity"},{"company_name":"Energisa SA","allocation":"ownership_weight","scenario_source":"WEO2023","scenario":"NZE_2050","ald_sector":"Power","year":2023,"plan_tech_share":0.8077,"plan_carsten":0,"port_weight":0.0396,"y":0,"asset_class":"Listed Equity","ald_sector_translation":"Power","asset_class_translation":"Listed Equity"},{"company_name":"Energisa SA","allocation":"ownership_weight","scenario_source":"WEO2023","scenario":"STEPS","ald_sector":"Power","year":2023,"plan_tech_share":0.8077,"plan_carsten":0,"port_weight":0.0396,"y":0,"asset_class":"Listed Equity","ald_sector_translation":"Power","asset_class_translation":"Listed Equity"},{"company_name":"Geely Automobile Holdings Ltd.","allocation":"ownership_weight","scenario_source":"WEO2023","scenario":"APS","ald_sector":"Automotive","year":2023,"plan_tech_share":0.34,"plan_carsten":0,"port_weight":0.0412,"y":1.7022,"asset_class":"Listed Equity","ald_sector_translation":"Automotive","asset_class_translation":"Listed Equity"},{"company_name":"Geely Automobile Holdings Ltd.","allocation":"ownership_weight","scenario_source":"WEO2023","scenario":"NZE_2050","ald_sector":"Automotive","year":2023,"plan_tech_share":0.34,"plan_carsten":0,"port_weight":0.0412,"y":1.318,"asset_class":"Listed Equity","ald_sector_translation":"Automotive","asset_class_translation":"Listed Equity"},{"company_name":"Geely Automobile Holdings Ltd.","allocation":"ownership_weight","scenario_source":"WEO2023","scenario":"STEPS","ald_sector":"Automotive","year":2023,"plan_tech_share":0.34,"plan_carsten":0,"port_weight":0.0412,"y":2.0775,"asset_class":"Listed Equity","ald_sector_translation":"Automotive","asset_class_translation":"Listed Equity"},{"company_name":"Guangzhou Automobile Group Co., Ltd.","allocation":"ownership_weight","scenario_source":"WEO2023","scenario":"APS","ald_sector":"Automotive","year":2023,"plan_tech_share":0.6324,"plan_carsten":0,"port_weight":0.0046,"y":0.373,"asset_class":"Listed Equity","ald_sector_translation":"Automotive","asset_class_translation":"Listed Equity"},{"company_name":"Guangzhou Automobile Group Co., Ltd.","allocation":"ownership_weight","scenario_source":"WEO2023","scenario":"NZE_2050","ald_sector":"Automotive","year":2023,"plan_tech_share":0.6324,"plan_carsten":0,"port_weight":0.0046,"y":0.2888,"asset_class":"Listed Equity","ald_sector_translation":"Automotive","asset_class_translation":"Listed Equity"},{"company_name":"Guangzhou Automobile Group Co., Ltd.","allocation":"ownership_weight","scenario_source":"WEO2023","scenario":"STEPS","ald_sector":"Automotive","year":2023,"plan_tech_share":0.6324,"plan_carsten":0,"port_weight":0.0046,"y":0.4552,"asset_class":"Listed Equity","ald_sector_translation":"Automotive","asset_class_translation":"Listed Equity"},{"company_name":"Hyundai Motor Co., Ltd.","allocation":"ownership_weight","scenario_source":"GECO2023","scenario":"1.5C","ald_sector":"Power","year":2023,"plan_tech_share":0,"plan_carsten":0,"port_weight":0.0399,"asset_class":"Listed Equity","ald_sector_translation":"Power","asset_class_translation":"Listed Equity"},{"company_name":"Hyundai Motor Co., Ltd.","allocation":"ownership_weight","scenario_source":"GECO2023","scenario":"NDC-LTS","ald_sector":"Power","year":2023,"plan_tech_share":0,"plan_carsten":0,"port_weight":0.0399,"asset_class":"Listed Equity","ald_sector_translation":"Power","asset_class_translation":"Listed Equity"},{"company_name":"Hyundai Motor Co., Ltd.","allocation":"ownership_weight","scenario_source":"GECO2023","scenario":"Reference","ald_sector":"Power","year":2023,"plan_tech_share":0,"plan_carsten":0,"port_weight":0.0399,"asset_class":"Listed Equity","ald_sector_translation":"Power","asset_class_translation":"Listed Equity"},{"company_name":"Hyundai Motor Co., Ltd.","allocation":"ownership_weight","scenario_source":"ISF2023","scenario":"1.5°C","ald_sector":"Power","year":2023,"plan_tech_share":0,"plan_carsten":0,"port_weight":0.0399,"asset_class":"Listed Equity","ald_sector_translation":"Power","asset_class_translation":"Listed Equity"},{"company_name":"Hyundai Motor Co., Ltd.","allocation":"ownership_weight","scenario_source":"WEO2023","scenario":"APS","ald_sector":"Automotive","year":2023,"plan_tech_share":0.0665,"plan_carsten":0,"port_weight":0.0399,"y":0.4708,"asset_class":"Listed Equity","ald_sector_translation":"Automotive","asset_class_translation":"Listed Equity"},{"company_name":"Hyundai Motor Co., Ltd.","allocation":"ownership_weight","scenario_source":"WEO2023","scenario":"NZE_2050","ald_sector":"Automotive","year":2023,"plan_tech_share":0.0665,"plan_carsten":0,"port_weight":0.0399,"y":0.3656,"asset_class":"Listed Equity","ald_sector_translation":"Automotive","asset_class_translation":"Listed Equity"},{"company_name":"Hyundai Motor Co., Ltd.","allocation":"ownership_weight","scenario_source":"WEO2023","scenario":"STEPS","ald_sector":"Automotive","year":2023,"plan_tech_share":0.0665,"plan_carsten":0,"port_weight":0.0399,"y":0.5746,"asset_class":"Listed Equity","ald_sector_translation":"Automotive","asset_class_translation":"Listed Equity"},{"company_name":"Hyundai Motor Co., Ltd.","allocation":"ownership_weight","scenario_source":"WEO2023","scenario":"APS","ald_sector":"Power","year":2023,"plan_tech_share":0,"plan_carsten":0,"port_weight":0.0399,"asset_class":"Listed Equity","ald_sector_translation":"Power","asset_class_translation":"Listed Equity"},{"company_name":"Hyundai Motor Co., Ltd.","allocation":"ownership_weight","scenario_source":"WEO2023","scenario":"NZE_2050","ald_sector":"Power","year":2023,"plan_tech_share":0,"plan_carsten":0,"port_weight":0.0399,"asset_class":"Listed Equity","ald_sector_translation":"Power","asset_class_translation":"Listed Equity"},{"company_name":"Hyundai Motor Co., Ltd.","allocation":"ownership_weight","scenario_source":"WEO2023","scenario":"STEPS","ald_sector":"Power","year":2023,"plan_tech_share":0,"plan_carsten":0,"port_weight":0.0399,"asset_class":"Listed Equity","ald_sector_translation":"Power","asset_class_translation":"Listed Equity"},{"company_name":"Innergex Renewable Energy, Inc.","allocation":"ownership_weight","scenario_source":"GECO2023","scenario":"1.5C","ald_sector":"Power","year":2023,"plan_tech_share":1,"plan_carsten":0,"port_weight":0.0364,"y":0.4864,"asset_class":"Listed Equity","ald_sector_translation":"Power","asset_class_translation":"Listed Equity"},{"company_name":"Innergex Renewable Energy, Inc.","allocation":"ownership_weight","scenario_source":"GECO2023","scenario":"NDC-LTS","ald_sector":"Power","year":2023,"plan_tech_share":1,"plan_carsten":0,"port_weight":0.0364,"y":0.639,"asset_class":"Listed Equity","ald_sector_translation":"Power","asset_class_translation":"Listed Equity"},{"company_name":"Innergex Renewable Energy, Inc.","allocation":"ownership_weight","scenario_source":"GECO2023","scenario":"Reference","ald_sector":"Power","year":2023,"plan_tech_share":1,"plan_carsten":0,"port_weight":0.0364,"y":0.7764,"asset_class":"Listed Equity","ald_sector_translation":"Power","asset_class_translation":"Listed Equity"},{"company_name":"Innergex Renewable Energy, Inc.","allocation":"ownership_weight","scenario_source":"ISF2023","scenario":"1.5°C","ald_sector":"Power","year":2023,"plan_tech_share":1,"plan_carsten":0,"port_weight":0.0364,"y":0.4069,"asset_class":"Listed Equity","ald_sector_translation":"Power","asset_class_translation":"Listed Equity"},{"company_name":"Innergex Renewable Energy, Inc.","allocation":"ownership_weight","scenario_source":"WEO2023","scenario":"APS","ald_sector":"Power","year":2023,"plan_tech_share":1,"plan_carsten":0,"port_weight":0.0364,"y":0.4153,"asset_class":"Listed Equity","ald_sector_translation":"Power","asset_class_translation":"Listed Equity"},{"company_name":"Innergex Renewable Energy, Inc.","allocation":"ownership_weight","scenario_source":"WEO2023","scenario":"NZE_2050","ald_sector":"Power","year":2023,"plan_tech_share":1,"plan_carsten":0,"port_weight":0.0364,"y":0.3513,"asset_class":"Listed Equity","ald_sector_translation":"Power","asset_class_translation":"Listed Equity"},{"company_name":"Innergex Renewable Energy, Inc.","allocation":"ownership_weight","scenario_source":"WEO2023","scenario":"STEPS","ald_sector":"Power","year":2023,"plan_tech_share":1,"plan_carsten":0,"port_weight":0.0364,"y":0.5034,"asset_class":"Listed Equity","ald_sector_translation":"Power","asset_class_translation":"Listed Equity"},{"company_name":"Mazda Motor Corp.","allocation":"ownership_weight","scenario_source":"WEO2023","scenario":"APS","ald_sector":"Automotive","year":2023,"plan_tech_share":0.0362,"plan_carsten":0,"port_weight":0.0234,"y":0.0487,"asset_class":"Listed Equity","ald_sector_translation":"Automotive","asset_class_translation":"Listed Equity"},{"company_name":"Mazda Motor Corp.","allocation":"ownership_weight","scenario_source":"WEO2023","scenario":"NZE_2050","ald_sector":"Automotive","year":2023,"plan_tech_share":0.0362,"plan_carsten":0,"port_weight":0.0234,"y":0.0377,"asset_class":"Listed Equity","ald_sector_translation":"Automotive","asset_class_translation":"Listed Equity"},{"company_name":"Mazda Motor Corp.","allocation":"ownership_weight","scenario_source":"WEO2023","scenario":"STEPS","ald_sector":"Automotive","year":2023,"plan_tech_share":0.0362,"plan_carsten":0,"port_weight":0.0234,"y":0.0594,"asset_class":"Listed Equity","ald_sector_translation":"Automotive","asset_class_translation":"Listed Equity"},{"company_name":"Renova, Inc. (Japan)","allocation":"ownership_weight","scenario_source":"GECO2023","scenario":"1.5C","ald_sector":"Power","year":2023,"plan_tech_share":0.6514,"plan_carsten":0,"port_weight":0.0015,"y":0.4901,"asset_class":"Listed Equity","ald_sector_translation":"Power","asset_class_translation":"Listed Equity"},{"company_name":"Renova, Inc. (Japan)","allocation":"ownership_weight","scenario_source":"GECO2023","scenario":"NDC-LTS","ald_sector":"Power","year":2023,"plan_tech_share":0.6514,"plan_carsten":0,"port_weight":0.0015,"y":0.6438,"asset_class":"Listed Equity","ald_sector_translation":"Power","asset_class_translation":"Listed Equity"},{"company_name":"Renova, Inc. (Japan)","allocation":"ownership_weight","scenario_source":"GECO2023","scenario":"Reference","ald_sector":"Power","year":2023,"plan_tech_share":0.6514,"plan_carsten":0,"port_weight":0.0015,"y":0.7823,"asset_class":"Listed Equity","ald_sector_translation":"Power","asset_class_translation":"Listed Equity"},{"company_name":"Renova, Inc. (Japan)","allocation":"ownership_weight","scenario_source":"ISF2023","scenario":"1.5°C","ald_sector":"Power","year":2023,"plan_tech_share":0.6514,"plan_carsten":0,"port_weight":0.0015,"y":0.4099,"asset_class":"Listed Equity","ald_sector_translation":"Power","asset_class_translation":"Listed Equity"},{"company_name":"Renova, Inc. (Japan)","allocation":"ownership_weight","scenario_source":"WEO2023","scenario":"APS","ald_sector":"Power","year":2023,"plan_tech_share":0.6514,"plan_carsten":0,"port_weight":0.0015,"y":0.4185,"asset_class":"Listed Equity","ald_sector_translation":"Power","asset_class_translation":"Listed Equity"},{"company_name":"Renova, Inc. (Japan)","allocation":"ownership_weight","scenario_source":"WEO2023","scenario":"NZE_2050","ald_sector":"Power","year":2023,"plan_tech_share":0.6514,"plan_carsten":0,"port_weight":0.0015,"y":0.354,"asset_class":"Listed Equity","ald_sector_translation":"Power","asset_class_translation":"Listed Equity"},{"company_name":"Renova, Inc. (Japan)","allocation":"ownership_weight","scenario_source":"WEO2023","scenario":"STEPS","ald_sector":"Power","year":2023,"plan_tech_share":0.6514,"plan_carsten":0,"port_weight":0.0015,"y":0.5072,"asset_class":"Listed Equity","ald_sector_translation":"Power","asset_class_translation":"Listed Equity"},{"company_name":"Shree Cement Ltd.","allocation":"ownership_weight","scenario_source":"GECO2023","scenario":"1.5C","ald_sector":"Power","year":2023,"plan_tech_share":0,"plan_carsten":0,"port_weight":0.0043,"y":0,"asset_class":"Listed Equity","ald_sector_translation":"Power","asset_class_translation":"Listed Equity"},{"company_name":"Shree Cement Ltd.","allocation":"ownership_weight","scenario_source":"GECO2023","scenario":"NDC-LTS","ald_sector":"Power","year":2023,"plan_tech_share":0,"plan_carsten":0,"port_weight":0.0043,"y":0,"asset_class":"Listed Equity","ald_sector_translation":"Power","asset_class_translation":"Listed Equity"},{"company_name":"Shree Cement Ltd.","allocation":"ownership_weight","scenario_source":"GECO2023","scenario":"Reference","ald_sector":"Power","year":2023,"plan_tech_share":0,"plan_carsten":0,"port_weight":0.0043,"y":0,"asset_class":"Listed Equity","ald_sector_translation":"Power","asset_class_translation":"Listed Equity"},{"company_name":"Shree Cement Ltd.","allocation":"ownership_weight","scenario_source":"ISF2023","scenario":"1.5°C","ald_sector":"Power","year":2023,"plan_tech_share":0,"plan_carsten":0,"port_weight":0.0043,"y":0,"asset_class":"Listed Equity","ald_sector_translation":"Power","asset_class_translation":"Listed Equity"},{"company_name":"Shree Cement Ltd.","allocation":"ownership_weight","scenario_source":"WEO2023","scenario":"APS","ald_sector":"Power","year":2023,"plan_tech_share":0,"plan_carsten":0,"port_weight":0.0043,"y":0,"asset_class":"Listed Equity","ald_sector_translation":"Power","asset_class_translation":"Listed Equity"},{"company_name":"Shree Cement Ltd.","allocation":"ownership_weight","scenario_source":"WEO2023","scenario":"NZE_2050","ald_sector":"Power","year":2023,"plan_tech_share":0,"plan_carsten":0,"port_weight":0.0043,"y":0,"asset_class":"Listed Equity","ald_sector_translation":"Power","asset_class_translation":"Listed Equity"},{"company_name":"Shree Cement Ltd.","allocation":"ownership_weight","scenario_source":"WEO2023","scenario":"STEPS","ald_sector":"Power","year":2023,"plan_tech_share":0,"plan_carsten":0,"port_weight":0.0043,"y":0,"asset_class":"Listed Equity","ald_sector_translation":"Power","asset_class_translation":"Listed Equity"},{"company_name":"Tenaris SA","allocation":"ownership_weight","scenario_source":"GECO2023","scenario":"1.5C","ald_sector":"Power","year":2023,"plan_tech_share":0,"plan_carsten":0,"port_weight":0.0006,"y":2.5891,"asset_class":"Listed Equity","ald_sector_translation":"Power","asset_class_translation":"Listed Equity"},{"company_name":"Tenaris SA","allocation":"ownership_weight","scenario_source":"GECO2023","scenario":"NDC-LTS","ald_sector":"Power","year":2023,"plan_tech_share":0,"plan_carsten":0,"port_weight":0.0006,"y":3.4014,"asset_class":"Listed Equity","ald_sector_translation":"Power","asset_class_translation":"Listed Equity"},{"company_name":"Tenaris SA","allocation":"ownership_weight","scenario_source":"GECO2023","scenario":"Reference","ald_sector":"Power","year":2023,"plan_tech_share":0,"plan_carsten":0,"port_weight":0.0006,"y":4.133,"asset_class":"Listed Equity","ald_sector_translation":"Power","asset_class_translation":"Listed Equity"},{"company_name":"Tenaris SA","allocation":"ownership_weight","scenario_source":"ISF2023","scenario":"1.5°C","ald_sector":"Power","year":2023,"plan_tech_share":0,"plan_carsten":0,"port_weight":0.0006,"y":2.1659,"asset_class":"Listed Equity","ald_sector_translation":"Power","asset_class_translation":"Listed Equity"},{"company_name":"Tenaris SA","allocation":"ownership_weight","scenario_source":"WEO2023","scenario":"APS","ald_sector":"Power","year":2023,"plan_tech_share":0,"plan_carsten":0,"port_weight":0.0006,"y":2.211,"asset_class":"Listed Equity","ald_sector_translation":"Power","asset_class_translation":"Listed Equity"},{"company_name":"Tenaris SA","allocation":"ownership_weight","scenario_source":"WEO2023","scenario":"NZE_2050","ald_sector":"Power","year":2023,"plan_tech_share":0,"plan_carsten":0,"port_weight":0.0006,"y":1.8702,"asset_class":"Listed Equity","ald_sector_translation":"Power","asset_class_translation":"Listed Equity"},{"company_name":"Tenaris SA","allocation":"ownership_weight","scenario_source":"WEO2023","scenario":"STEPS","ald_sector":"Power","year":2023,"plan_tech_share":0,"plan_carsten":0,"port_weight":0.0006,"y":2.6795,"asset_class":"Listed Equity","ald_sector_translation":"Power","asset_class_translation":"Listed Equity"},{"company_name":"Volvo AB","allocation":"ownership_weight","scenario_source":"WEO2023","scenario":"APS","ald_sector":"Automotive","year":2023,"plan_tech_share":0.2784,"plan_carsten":0,"port_weight":0.0309,"y":1.7052,"asset_class":"Listed Equity","ald_sector_translation":"Automotive","asset_class_translation":"Listed Equity"},{"company_name":"Volvo AB","allocation":"ownership_weight","scenario_source":"WEO2023","scenario":"NZE_2050","ald_sector":"Automotive","year":2023,"plan_tech_share":0.2784,"plan_carsten":0,"port_weight":0.0309,"y":1.3204,"asset_class":"Listed Equity","ald_sector_translation":"Automotive","asset_class_translation":"Listed Equity"},{"company_name":"Volvo AB","allocation":"ownership_weight","scenario_source":"WEO2023","scenario":"STEPS","ald_sector":"Automotive","year":2023,"plan_tech_share":0.2784,"plan_carsten":0,"port_weight":0.0309,"y":2.0812,"asset_class":"Listed Equity","ald_sector_translation":"Automotive","asset_class_translation":"Listed Equity"},{"company_name":"Beijing Automotive Group Co., Ltd.","allocation":"portfolio_weight","scenario_source":"WEO2023","scenario":"APS","ald_sector":"Automotive","year":2023,"plan_tech_share":0.0329,"plan_carsten":0.0002,"port_weight":0.0053,"y":0.3247,"asset_class":"Corporate Bonds","ald_sector_translation":"Automotive","asset_class_translation":"Corporate Bonds"},{"company_name":"Beijing Automotive Group Co., Ltd.","allocation":"portfolio_weight","scenario_source":"WEO2023","scenario":"NZE_2050","ald_sector":"Automotive","year":2023,"plan_tech_share":0.0329,"plan_carsten":0.0002,"port_weight":0.0053,"y":0.2514,"asset_class":"Corporate Bonds","ald_sector_translation":"Automotive","asset_class_translation":"Corporate Bonds"},{"company_name":"Beijing Automotive Group Co., Ltd.","allocation":"portfolio_weight","scenario_source":"WEO2023","scenario":"STEPS","ald_sector":"Automotive","year":2023,"plan_tech_share":0.0329,"plan_carsten":0.0002,"port_weight":0.0053,"y":0.3963,"asset_class":"Corporate Bonds","ald_sector_translation":"Automotive","asset_class_translation":"Corporate Bonds"},{"company_name":"Ford Motor Co.","allocation":"portfolio_weight","scenario_source":"WEO2023","scenario":"APS","ald_sector":"Automotive","year":2023,"plan_tech_share":0.0802,"plan_carsten":0.0021,"port_weight":0.0267,"y":0.8072,"asset_class":"Corporate Bonds","ald_sector_translation":"Automotive","asset_class_translation":"Corporate Bonds"},{"company_name":"Ford Motor Co.","allocation":"portfolio_weight","scenario_source":"WEO2023","scenario":"NZE_2050","ald_sector":"Automotive","year":2023,"plan_tech_share":0.0802,"plan_carsten":0.0021,"port_weight":0.0267,"y":0.625,"asset_class":"Corporate Bonds","ald_sector_translation":"Automotive","asset_class_translation":"Corporate Bonds"},{"company_name":"Ford Motor Co.","allocation":"portfolio_weight","scenario_source":"WEO2023","scenario":"STEPS","ald_sector":"Automotive","year":2023,"plan_tech_share":0.0802,"plan_carsten":0.0021,"port_weight":0.0267,"y":0.9852,"asset_class":"Corporate Bonds","ald_sector_translation":"Automotive","asset_class_translation":"Corporate Bonds"},{"company_name":"Hydro-Québec","allocation":"portfolio_weight","scenario_source":"GECO2023","scenario":"1.5C","ald_sector":"Power","year":2023,"plan_tech_share":0.9854,"plan_carsten":0.0454,"port_weight":0.046,"y":0.015,"asset_class":"Corporate Bonds","ald_sector_translation":"Power","asset_class_translation":"Corporate Bonds"},{"company_name":"Hydro-Québec","allocation":"portfolio_weight","scenario_source":"GECO2023","scenario":"NDC-LTS","ald_sector":"Power","year":2023,"plan_tech_share":0.9854,"plan_carsten":0.0454,"port_weight":0.046,"y":0.0197,"asset_class":"Corporate Bonds","ald_sector_translation":"Power","asset_class_translation":"Corporate Bonds"},{"company_name":"Hydro-Québec","allocation":"portfolio_weight","scenario_source":"GECO2023","scenario":"Reference","ald_sector":"Power","year":2023,"plan_tech_share":0.9854,"plan_carsten":0.0454,"port_weight":0.046,"y":0.024,"asset_class":"Corporate Bonds","ald_sector_translation":"Power","asset_class_translation":"Corporate Bonds"},{"company_name":"Hydro-Québec","allocation":"portfolio_weight","scenario_source":"ISF2023","scenario":"1.5°C","ald_sector":"Power","year":2023,"plan_tech_share":0.9854,"plan_carsten":0.0454,"port_weight":0.046,"y":0.0126,"asset_class":"Corporate Bonds","ald_sector_translation":"Power","asset_class_translation":"Corporate Bonds"},{"company_name":"Hydro-Québec","allocation":"portfolio_weight","scenario_source":"WEO2023","scenario":"APS","ald_sector":"Power","year":2023,"plan_tech_share":0.9854,"plan_carsten":0.0454,"port_weight":0.046,"y":0.0128,"asset_class":"Corporate Bonds","ald_sector_translation":"Power","asset_class_translation":"Corporate Bonds"},{"company_name":"Hydro-Québec","allocation":"portfolio_weight","scenario_source":"WEO2023","scenario":"NZE_2050","ald_sector":"Power","year":2023,"plan_tech_share":0.9854,"plan_carsten":0.0454,"port_weight":0.046,"y":0.0109,"asset_class":"Corporate Bonds","ald_sector_translation":"Power","asset_class_translation":"Corporate Bonds"},{"company_name":"Hydro-Québec","allocation":"portfolio_weight","scenario_source":"WEO2023","scenario":"STEPS","ald_sector":"Power","year":2023,"plan_tech_share":0.9854,"plan_carsten":0.0454,"port_weight":0.046,"y":0.0156,"asset_class":"Corporate Bonds","ald_sector_translation":"Power","asset_class_translation":"Corporate Bonds"},{"company_name":"Mercedes-Benz Group AG","allocation":"portfolio_weight","scenario_source":"WEO2023","scenario":"APS","ald_sector":"Automotive","year":2023,"plan_tech_share":0.1772,"plan_carsten":0.0097,"port_weight":0.0549,"y":1.3533,"asset_class":"Corporate Bonds","ald_sector_translation":"Automotive","asset_class_translation":"Corporate Bonds"},{"company_name":"Mercedes-Benz Group AG","allocation":"portfolio_weight","scenario_source":"WEO2023","scenario":"NZE_2050","ald_sector":"Automotive","year":2023,"plan_tech_share":0.1772,"plan_carsten":0.0097,"port_weight":0.0549,"y":1.0479,"asset_class":"Corporate Bonds","ald_sector_translation":"Automotive","asset_class_translation":"Corporate Bonds"},{"company_name":"Mercedes-Benz Group AG","allocation":"portfolio_weight","scenario_source":"WEO2023","scenario":"STEPS","ald_sector":"Automotive","year":2023,"plan_tech_share":0.1772,"plan_carsten":0.0097,"port_weight":0.0549,"y":1.6517,"asset_class":"Corporate Bonds","ald_sector_translation":"Automotive","asset_class_translation":"Corporate Bonds"},{"company_name":"Nuclear Power Corporation of India Ltd.","allocation":"portfolio_weight","scenario_source":"GECO2023","scenario":"1.5C","ald_sector":"Power","year":2023,"plan_tech_share":1,"plan_carsten":0.0295,"port_weight":0.0295,"y":3.3039,"asset_class":"Corporate Bonds","ald_sector_translation":"Power","asset_class_translation":"Corporate Bonds"},{"company_name":"Nuclear Power Corporation of India Ltd.","allocation":"portfolio_weight","scenario_source":"GECO2023","scenario":"NDC-LTS","ald_sector":"Power","year":2023,"plan_tech_share":1,"plan_carsten":0.0295,"port_weight":0.0295,"y":4.3404,"asset_class":"Corporate Bonds","ald_sector_translation":"Power","asset_class_translation":"Corporate Bonds"},{"company_name":"Nuclear Power Corporation of India Ltd.","allocation":"portfolio_weight","scenario_source":"GECO2023","scenario":"Reference","ald_sector":"Power","year":2023,"plan_tech_share":1,"plan_carsten":0.0295,"port_weight":0.0295,"y":5.274,"asset_class":"Corporate Bonds","ald_sector_translation":"Power","asset_class_translation":"Corporate Bonds"},{"company_name":"Nuclear Power Corporation of India Ltd.","allocation":"portfolio_weight","scenario_source":"ISF2023","scenario":"1.5°C","ald_sector":"Power","year":2023,"plan_tech_share":1,"plan_carsten":0.0295,"port_weight":0.0295,"y":2.799,"asset_class":"Corporate Bonds","ald_sector_translation":"Power","asset_class_translation":"Corporate Bonds"},{"company_name":"Nuclear Power Corporation of India Ltd.","allocation":"portfolio_weight","scenario_source":"WEO2023","scenario":"APS","ald_sector":"Power","year":2023,"plan_tech_share":1,"plan_carsten":0.0295,"port_weight":0.0295,"y":2.8213,"asset_class":"Corporate Bonds","ald_sector_translation":"Power","asset_class_translation":"Corporate Bonds"},{"company_name":"Nuclear Power Corporation of India Ltd.","allocation":"portfolio_weight","scenario_source":"WEO2023","scenario":"NZE_2050","ald_sector":"Power","year":2023,"plan_tech_share":1,"plan_carsten":0.0295,"port_weight":0.0295,"y":2.3864,"asset_class":"Corporate Bonds","ald_sector_translation":"Power","asset_class_translation":"Corporate Bonds"},{"company_name":"Nuclear Power Corporation of India Ltd.","allocation":"portfolio_weight","scenario_source":"WEO2023","scenario":"STEPS","ald_sector":"Power","year":2023,"plan_tech_share":1,"plan_carsten":0.0295,"port_weight":0.0295,"y":3.4192,"asset_class":"Corporate Bonds","ald_sector_translation":"Power","asset_class_translation":"Corporate Bonds"},{"company_name":"Puget Energy, Inc.","allocation":"portfolio_weight","scenario_source":"GECO2023","scenario":"1.5C","ald_sector":"Power","year":2023,"plan_tech_share":0,"plan_carsten":0,"port_weight":0.0034,"y":0,"asset_class":"Corporate Bonds","ald_sector_translation":"Power","asset_class_translation":"Corporate Bonds"},{"company_name":"Puget Energy, Inc.","allocation":"portfolio_weight","scenario_source":"GECO2023","scenario":"NDC-LTS","ald_sector":"Power","year":2023,"plan_tech_share":0,"plan_carsten":0,"port_weight":0.0034,"y":0,"asset_class":"Corporate Bonds","ald_sector_translation":"Power","asset_class_translation":"Corporate Bonds"},{"company_name":"Puget Energy, Inc.","allocation":"portfolio_weight","scenario_source":"GECO2023","scenario":"Reference","ald_sector":"Power","year":2023,"plan_tech_share":0,"plan_carsten":0,"port_weight":0.0034,"y":0,"asset_class":"Corporate Bonds","ald_sector_translation":"Power","asset_class_translation":"Corporate Bonds"},{"company_name":"Puget Energy, Inc.","allocation":"portfolio_weight","scenario_source":"ISF2023","scenario":"1.5°C","ald_sector":"Power","year":2023,"plan_tech_share":0,"plan_carsten":0,"port_weight":0.0034,"y":0,"asset_class":"Corporate Bonds","ald_sector_translation":"Power","asset_class_translation":"Corporate Bonds"},{"company_name":"Puget Energy, Inc.","allocation":"portfolio_weight","scenario_source":"WEO2023","scenario":"APS","ald_sector":"Power","year":2023,"plan_tech_share":0,"plan_carsten":0,"port_weight":0.0034,"y":0,"asset_class":"Corporate Bonds","ald_sector_translation":"Power","asset_class_translation":"Corporate Bonds"},{"company_name":"Puget Energy, Inc.","allocation":"portfolio_weight","scenario_source":"WEO2023","scenario":"NZE_2050","ald_sector":"Power","year":2023,"plan_tech_share":0,"plan_carsten":0,"port_weight":0.0034,"y":0,"asset_class":"Corporate Bonds","ald_sector_translation":"Power","asset_class_translation":"Corporate Bonds"},{"company_name":"Puget Energy, Inc.","allocation":"portfolio_weight","scenario_source":"WEO2023","scenario":"STEPS","ald_sector":"Power","year":2023,"plan_tech_share":0,"plan_carsten":0,"port_weight":0.0034,"y":0,"asset_class":"Corporate Bonds","ald_sector_translation":"Power","asset_class_translation":"Corporate Bonds"},{"company_name":"Stellantis NV","allocation":"portfolio_weight","scenario_source":"WEO2023","scenario":"APS","ald_sector":"Automotive","year":2023,"plan_tech_share":0.1177,"plan_carsten":0.0017,"port_weight":0.0146,"y":1.3489,"asset_class":"Corporate Bonds","ald_sector_translation":"Automotive","asset_class_translation":"Corporate Bonds"},{"company_name":"Stellantis NV","allocation":"portfolio_weight","scenario_source":"WEO2023","scenario":"NZE_2050","ald_sector":"Automotive","year":2023,"plan_tech_share":0.1177,"plan_carsten":0.0017,"port_weight":0.0146,"y":1.0445,"asset_class":"Corporate Bonds","ald_sector_translation":"Automotive","asset_class_translation":"Corporate Bonds"},{"company_name":"Stellantis NV","allocation":"portfolio_weight","scenario_source":"WEO2023","scenario":"STEPS","ald_sector":"Automotive","year":2023,"plan_tech_share":0.1177,"plan_carsten":0.0017,"port_weight":0.0146,"y":1.6464,"asset_class":"Corporate Bonds","ald_sector_translation":"Automotive","asset_class_translation":"Corporate Bonds"},{"company_name":"Tohoku Electric Power Co., Inc.","allocation":"portfolio_weight","scenario_source":"GECO2023","scenario":"1.5C","ald_sector":"Power","year":2023,"plan_tech_share":0.112,"plan_carsten":0.0051,"port_weight":0.0458,"y":0.0997,"asset_class":"Corporate Bonds","ald_sector_translation":"Power","asset_class_translation":"Corporate Bonds"},{"company_name":"Tohoku Electric Power Co., Inc.","allocation":"portfolio_weight","scenario_source":"GECO2023","scenario":"NDC-LTS","ald_sector":"Power","year":2023,"plan_tech_share":0.112,"plan_carsten":0.0051,"port_weight":0.0458,"y":0.131,"asset_class":"Corporate Bonds","ald_sector_translation":"Power","asset_class_translation":"Corporate Bonds"},{"company_name":"Tohoku Electric Power Co., Inc.","allocation":"portfolio_weight","scenario_source":"GECO2023","scenario":"Reference","ald_sector":"Power","year":2023,"plan_tech_share":0.112,"plan_carsten":0.0051,"port_weight":0.0458,"y":0.1592,"asset_class":"Corporate Bonds","ald_sector_translation":"Power","asset_class_translation":"Corporate Bonds"},{"company_name":"Tohoku Electric Power Co., Inc.","allocation":"portfolio_weight","scenario_source":"ISF2023","scenario":"1.5°C","ald_sector":"Power","year":2023,"plan_tech_share":0.112,"plan_carsten":0.0051,"port_weight":0.0458,"y":0.0834,"asset_class":"Corporate Bonds","ald_sector_translation":"Power","asset_class_translation":"Corporate Bonds"},{"company_name":"Tohoku Electric Power Co., Inc.","allocation":"portfolio_weight","scenario_source":"WEO2023","scenario":"APS","ald_sector":"Power","year":2023,"plan_tech_share":0.112,"plan_carsten":0.0051,"port_weight":0.0458,"y":0.0852,"asset_class":"Corporate Bonds","ald_sector_translation":"Power","asset_class_translation":"Corporate Bonds"},{"company_name":"Tohoku Electric Power Co., Inc.","allocation":"portfolio_weight","scenario_source":"WEO2023","scenario":"NZE_2050","ald_sector":"Power","year":2023,"plan_tech_share":0.112,"plan_carsten":0.0051,"port_weight":0.0458,"y":0.072,"asset_class":"Corporate Bonds","ald_sector_translation":"Power","asset_class_translation":"Corporate Bonds"},{"company_name":"Tohoku Electric Power Co., Inc.","allocation":"portfolio_weight","scenario_source":"WEO2023","scenario":"STEPS","ald_sector":"Power","year":2023,"plan_tech_share":0.112,"plan_carsten":0.0051,"port_weight":0.0458,"y":0.1032,"asset_class":"Corporate Bonds","ald_sector_translation":"Power","asset_class_translation":"Corporate Bonds"}]
