[{"asset_class":"Corporate Bonds","equity_market":"Global Market","portfolio_name":"Default Portfolio","this_portfolio":true,"ald_sector":"Oil&Gas","technology":"Oil","plan_carsten":0.5248,"sector_sum":0.9965,"sector_prcnt":0.5266,"cumsum":0,"sector_cumprcnt":0,"green":false,"green_sum":0.9965,"green_prcnt":1,"asset_class_translation":"Corporate Bonds","equity_market_translation":"Global Market","ald_sector_translation":"Oil & Gas","technology_translation":"Oil","portfolio_name_translation":"Default Portfolio"},{"asset_class":"Corporate Bonds","equity_market":"Global Market","portfolio_name":"Default Portfolio","this_portfolio":true,"ald_sector":"Oil&Gas","technology":"Gas","plan_carsten":0.4718,"sector_sum":0.9965,"sector_prcnt":0.4734,"cumsum":0.5248,"sector_cumprcnt":0.5266,"green":false,"green_sum":0.9965,"green_prcnt":1,"asset_class_translation":"Corporate Bonds","equity_market_translation":"Global Market","ald_sector_translation":"Oil & Gas","technology_translation":"Gas","portfolio_name_translation":"Default Portfolio"},{"asset_class":"Corporate Bonds","equity_market":"Global Market","portfolio_name":"iShares Global Corp Bond UCITS ETF","this_portfolio":false,"ald_sector":"Oil&Gas","technology":"Oil","plan_carsten":0.0157,"sector_sum":0.0275,"sector_prcnt":0.5696,"cumsum":0,"sector_cumprcnt":0,"green":false,"green_sum":0.0275,"green_prcnt":1,"asset_class_translation":"Corporate Bonds","equity_market_translation":"Global Market","ald_sector_translation":"Oil & Gas","technology_translation":"Oil","portfolio_name_translation":"iShares Global Corp Bond UCITS ETF"},{"asset_class":"Corporate Bonds","equity_market":"Global Market","portfolio_name":"iShares Global Corp Bond UCITS ETF","this_portfolio":false,"ald_sector":"Oil&Gas","technology":"Gas","plan_carsten":0.0118,"sector_sum":0.0275,"sector_prcnt":0.4304,"cumsum":0.0157,"sector_cumprcnt":0.5696,"green":false,"green_sum":0.0275,"green_prcnt":1,"asset_class_translation":"Corporate Bonds","equity_market_translation":"Global Market","ald_sector_translation":"Oil & Gas","technology_translation":"Gas","portfolio_name_translation":"iShares Global Corp Bond UCITS ETF"}]
