id,ald_sector,technology,plan_tech_share,port_weight,scenario,scenario_source,allocation,year,asset_class,ald_sector_translation,asset_class_translation,technology_translation,id_translation
Portfolio,Power,CoalCap,0.0354,1,1.5C,GECO2023,portfolio_weight,2028,Listed Equity,Power,Listed Equity,Coal Power,Portfolio
Aligned* Portfolio,Power,CoalCap,0.06,1,1.5C,GECO2023,portfolio_weight,2028,Listed Equity,Power,Listed Equity,Coal Power,Aligned* Portfolio
Portfolio,Power,GasCap,0.3187,1,1.5C,GECO2023,portfolio_weight,2028,Listed Equity,Power,Listed Equity,Gas Power,Portfolio
Aligned* Portfolio,Power,GasCap,0.1759,1,1.5C,GECO2023,portfolio_weight,2028,Listed Equity,Power,Listed Equity,Gas Power,Aligned* Portfolio
Portfolio,Power,HydroCap,0.1028,1,1.5C,GECO2023,portfolio_weight,2028,Listed Equity,Power,Listed Equity,Hydropower,Portfolio
Aligned* Portfolio,Power,HydroCap,0.1139,1,1.5C,GECO2023,portfolio_weight,2028,Listed Equity,Power,Listed Equity,Hydropower,Aligned* Portfolio
Portfolio,Power,NuclearCap,0,1,1.5C,GECO2023,portfolio_weight,2028,Listed Equity,Power,Listed Equity,Nuclear Power,Portfolio
Aligned* Portfolio,Power,NuclearCap,0.0029,1,1.5C,GECO2023,portfolio_weight,2028,Listed Equity,Power,Listed Equity,Nuclear Power,Aligned* Portfolio
Portfolio,Power,OilCap,0.0073,1,1.5C,GECO2023,portfolio_weight,2028,Listed Equity,Power,Listed Equity,Oil Power,Portfolio
Aligned* Portfolio,Power,OilCap,0.0048,1,1.5C,GECO2023,portfolio_weight,2028,Listed Equity,Power,Listed Equity,Oil Power,Aligned* Portfolio
Portfolio,Power,RenewablesCap,0.5358,1,1.5C,GECO2023,portfolio_weight,2028,Listed Equity,Power,Listed Equity,Renewables,Portfolio
Aligned* Portfolio,Power,RenewablesCap,0.6425,1,1.5C,GECO2023,portfolio_weight,2028,Listed Equity,Power,Listed Equity,Renewables,Aligned* Portfolio
Portfolio,Power,CoalCap,0.0354,1,NDC-LTS,GECO2023,portfolio_weight,2028,Listed Equity,Power,Listed Equity,Coal Power,Portfolio
Aligned* Portfolio,Power,CoalCap,0.0707,1,NDC-LTS,GECO2023,portfolio_weight,2028,Listed Equity,Power,Listed Equity,Coal Power,Aligned* Portfolio
Portfolio,Power,GasCap,0.3187,1,NDC-LTS,GECO2023,portfolio_weight,2028,Listed Equity,Power,Listed Equity,Gas Power,Portfolio
Aligned* Portfolio,Power,GasCap,0.2236,1,NDC-LTS,GECO2023,portfolio_weight,2028,Listed Equity,Power,Listed Equity,Gas Power,Aligned* Portfolio
Portfolio,Power,HydroCap,0.1028,1,NDC-LTS,GECO2023,portfolio_weight,2028,Listed Equity,Power,Listed Equity,Hydropower,Portfolio
Aligned* Portfolio,Power,HydroCap,0.0963,1,NDC-LTS,GECO2023,portfolio_weight,2028,Listed Equity,Power,Listed Equity,Hydropower,Aligned* Portfolio
Portfolio,Power,NuclearCap,0,1,NDC-LTS,GECO2023,portfolio_weight,2028,Listed Equity,Power,Listed Equity,Nuclear Power,Portfolio
Aligned* Portfolio,Power,NuclearCap,0.0029,1,NDC-LTS,GECO2023,portfolio_weight,2028,Listed Equity,Power,Listed Equity,Nuclear Power,Aligned* Portfolio
Portfolio,Power,OilCap,0.0073,1,NDC-LTS,GECO2023,portfolio_weight,2028,Listed Equity,Power,Listed Equity,Oil Power,Portfolio
Aligned* Portfolio,Power,OilCap,0.0053,1,NDC-LTS,GECO2023,portfolio_weight,2028,Listed Equity,Power,Listed Equity,Oil Power,Aligned* Portfolio
Portfolio,Power,RenewablesCap,0.5358,1,NDC-LTS,GECO2023,portfolio_weight,2028,Listed Equity,Power,Listed Equity,Renewables,Portfolio
Aligned* Portfolio,Power,RenewablesCap,0.6011,1,NDC-LTS,GECO2023,portfolio_weight,2028,Listed Equity,Power,Listed Equity,Renewables,Aligned* Portfolio
Portfolio,Power,CoalCap,0.0354,1,Reference,GECO2023,portfolio_weight,2028,Listed Equity,Power,Listed Equity,Coal Power,Portfolio
Aligned* Portfolio,Power,CoalCap,0.0758,1,Reference,GECO2023,portfolio_weight,2028,Listed Equity,Power,Listed Equity,Coal Power,Aligned* Portfolio
Portfolio,Power,GasCap,0.3187,1,Reference,GECO2023,portfolio_weight,2028,Listed Equity,Power,Listed Equity,Gas Power,Portfolio
Aligned* Portfolio,Power,GasCap,0.2455,1,Reference,GECO2023,portfolio_weight,2028,Listed Equity,Power,Listed Equity,Gas Power,Aligned* Portfolio
Portfolio,Power,HydroCap,0.1028,1,Reference,GECO2023,portfolio_weight,2028,Listed Equity,Power,Listed Equity,Hydropower,Portfolio
Aligned* Portfolio,Power,HydroCap,0.0969,1,Reference,GECO2023,portfolio_weight,2028,Listed Equity,Power,Listed Equity,Hydropower,Aligned* Portfolio
Portfolio,Power,NuclearCap,0,1,Reference,GECO2023,portfolio_weight,2028,Listed Equity,Power,Listed Equity,Nuclear Power,Portfolio
Aligned* Portfolio,Power,NuclearCap,0.003,1,Reference,GECO2023,portfolio_weight,2028,Listed Equity,Power,Listed Equity,Nuclear Power,Aligned* Portfolio
Portfolio,Power,OilCap,0.0073,1,Reference,GECO2023,portfolio_weight,2028,Listed Equity,Power,Listed Equity,Oil Power,Portfolio
Aligned* Portfolio,Power,OilCap,0.0055,1,Reference,GECO2023,portfolio_weight,2028,Listed Equity,Power,Listed Equity,Oil Power,Aligned* Portfolio
Portfolio,Power,RenewablesCap,0.5358,1,Reference,GECO2023,portfolio_weight,2028,Listed Equity,Power,Listed Equity,Renewables,Portfolio
Aligned* Portfolio,Power,RenewablesCap,0.5732,1,Reference,GECO2023,portfolio_weight,2028,Listed Equity,Power,Listed Equity,Renewables,Aligned* Portfolio
Portfolio,Power,CoalCap,0.0354,1,1.5°C,ISF2023,portfolio_weight,2028,Listed Equity,Power,Listed Equity,Coal Power,Portfolio
Aligned* Portfolio,Power,CoalCap,0.0397,1,1.5°C,ISF2023,portfolio_weight,2028,Listed Equity,Power,Listed Equity,Coal Power,Aligned* Portfolio
Portfolio,Power,GasCap,0.3187,1,1.5°C,ISF2023,portfolio_weight,2028,Listed Equity,Power,Listed Equity,Gas Power,Portfolio
Aligned* Portfolio,Power,GasCap,0.1574,1,1.5°C,ISF2023,portfolio_weight,2028,Listed Equity,Power,Listed Equity,Gas Power,Aligned* Portfolio
Portfolio,Power,HydroCap,0.1028,1,1.5°C,ISF2023,portfolio_weight,2028,Listed Equity,Power,Listed Equity,Hydropower,Portfolio
Aligned* Portfolio,Power,HydroCap,0.0894,1,1.5°C,ISF2023,portfolio_weight,2028,Listed Equity,Power,Listed Equity,Hydropower,Aligned* Portfolio
Portfolio,Power,NuclearCap,0,1,1.5°C,ISF2023,portfolio_weight,2028,Listed Equity,Power,Listed Equity,Nuclear Power,Portfolio
Aligned* Portfolio,Power,NuclearCap,0,1,1.5°C,ISF2023,portfolio_weight,2028,Listed Equity,Power,Listed Equity,Nuclear Power,Aligned* Portfolio
Portfolio,Power,OilCap,0.0073,1,1.5°C,ISF2023,portfolio_weight,2028,Listed Equity,Power,Listed Equity,Oil Power,Portfolio
Aligned* Portfolio,Power,OilCap,0.0049,1,1.5°C,ISF2023,portfolio_weight,2028,Listed Equity,Power,Listed Equity,Oil Power,Aligned* Portfolio
Portfolio,Power,RenewablesCap,0.5358,1,1.5°C,ISF2023,portfolio_weight,2028,Listed Equity,Power,Listed Equity,Renewables,Portfolio
Aligned* Portfolio,Power,RenewablesCap,0.7085,1,1.5°C,ISF2023,portfolio_weight,2028,Listed Equity,Power,Listed Equity,Renewables,Aligned* Portfolio
Portfolio,Automotive,Electric,0.3043,1,APS,WEO2023,portfolio_weight,2028,Listed Equity,Automotive,Listed Equity,LDV: Electric,Portfolio
Aligned* Portfolio,Automotive,Electric,0.2662,1,APS,WEO2023,portfolio_weight,2028,Listed Equity,Automotive,Listed Equity,LDV: Electric,Aligned* Portfolio
Portfolio,Automotive,FuelCell,6e-4,1,APS,WEO2023,portfolio_weight,2028,Listed Equity,Automotive,Listed Equity,LDV: Fuel Cell,Portfolio
Aligned* Portfolio,Automotive,FuelCell,0.0254,1,APS,WEO2023,portfolio_weight,2028,Listed Equity,Automotive,Listed Equity,LDV: Fuel Cell,Aligned* Portfolio
Portfolio,Automotive,Hybrid,0.0631,1,APS,WEO2023,portfolio_weight,2028,Listed Equity,Automotive,Listed Equity,LDV: Hybrid,Portfolio
Aligned* Portfolio,Automotive,Hybrid,0.0824,1,APS,WEO2023,portfolio_weight,2028,Listed Equity,Automotive,Listed Equity,LDV: Hybrid,Aligned* Portfolio
Portfolio,Automotive,ICE,0.6321,1,APS,WEO2023,portfolio_weight,2028,Listed Equity,Automotive,Listed Equity,LDV: ICE,Portfolio
Aligned* Portfolio,Automotive,ICE,0.626,1,APS,WEO2023,portfolio_weight,2028,Listed Equity,Automotive,Listed Equity,LDV: ICE,Aligned* Portfolio
Portfolio,Power,CoalCap,0.0354,1,APS,WEO2023,portfolio_weight,2028,Listed Equity,Power,Listed Equity,Coal Power,Portfolio
Aligned* Portfolio,Power,CoalCap,0.0677,1,APS,WEO2023,portfolio_weight,2028,Listed Equity,Power,Listed Equity,Coal Power,Aligned* Portfolio
Portfolio,Power,GasCap,0.3187,1,APS,WEO2023,portfolio_weight,2028,Listed Equity,Power,Listed Equity,Gas Power,Portfolio
Aligned* Portfolio,Power,GasCap,0.184,1,APS,WEO2023,portfolio_weight,2028,Listed Equity,Power,Listed Equity,Gas Power,Aligned* Portfolio
Portfolio,Power,HydroCap,0.1028,1,APS,WEO2023,portfolio_weight,2028,Listed Equity,Power,Listed Equity,Hydropower,Portfolio
Aligned* Portfolio,Power,HydroCap,0.0807,1,APS,WEO2023,portfolio_weight,2028,Listed Equity,Power,Listed Equity,Hydropower,Aligned* Portfolio
Portfolio,Power,NuclearCap,0,1,APS,WEO2023,portfolio_weight,2028,Listed Equity,Power,Listed Equity,Nuclear Power,Portfolio
Aligned* Portfolio,Power,NuclearCap,0.0023,1,APS,WEO2023,portfolio_weight,2028,Listed Equity,Power,Listed Equity,Nuclear Power,Aligned* Portfolio
Portfolio,Power,OilCap,0.0073,1,APS,WEO2023,portfolio_weight,2028,Listed Equity,Power,Listed Equity,Oil Power,Portfolio
Aligned* Portfolio,Power,OilCap,0.0042,1,APS,WEO2023,portfolio_weight,2028,Listed Equity,Power,Listed Equity,Oil Power,Aligned* Portfolio
Portfolio,Power,RenewablesCap,0.5358,1,APS,WEO2023,portfolio_weight,2028,Listed Equity,Power,Listed Equity,Renewables,Portfolio
Aligned* Portfolio,Power,RenewablesCap,0.6612,1,APS,WEO2023,portfolio_weight,2028,Listed Equity,Power,Listed Equity,Renewables,Aligned* Portfolio
Portfolio,Automotive,Electric,0.3043,1,NZE_2050,WEO2023,portfolio_weight,2028,Listed Equity,Automotive,Listed Equity,LDV: Electric,Portfolio
Aligned* Portfolio,Automotive,Electric,0.3822,1,NZE_2050,WEO2023,portfolio_weight,2028,Listed Equity,Automotive,Listed Equity,LDV: Electric,Aligned* Portfolio
Portfolio,Automotive,FuelCell,6e-4,1,NZE_2050,WEO2023,portfolio_weight,2028,Listed Equity,Automotive,Listed Equity,LDV: Fuel Cell,Portfolio
Aligned* Portfolio,Automotive,FuelCell,0,1,NZE_2050,WEO2023,portfolio_weight,2028,Listed Equity,Automotive,Listed Equity,LDV: Fuel Cell,Aligned* Portfolio
Portfolio,Automotive,Hybrid,0.0631,1,NZE_2050,WEO2023,portfolio_weight,2028,Listed Equity,Automotive,Listed Equity,LDV: Hybrid,Portfolio
Aligned* Portfolio,Automotive,Hybrid,0.1168,1,NZE_2050,WEO2023,portfolio_weight,2028,Listed Equity,Automotive,Listed Equity,LDV: Hybrid,Aligned* Portfolio
Portfolio,Automotive,ICE,0.6321,1,NZE_2050,WEO2023,portfolio_weight,2028,Listed Equity,Automotive,Listed Equity,LDV: ICE,Portfolio
Aligned* Portfolio,Automotive,ICE,0.501,1,NZE_2050,WEO2023,portfolio_weight,2028,Listed Equity,Automotive,Listed Equity,LDV: ICE,Aligned* Portfolio
Portfolio,Power,CoalCap,0.0354,1,NZE_2050,WEO2023,portfolio_weight,2028,Listed Equity,Power,Listed Equity,Coal Power,Portfolio
Aligned* Portfolio,Power,CoalCap,0.0537,1,NZE_2050,WEO2023,portfolio_weight,2028,Listed Equity,Power,Listed Equity,Coal Power,Aligned* Portfolio
Portfolio,Power,GasCap,0.3187,1,NZE_2050,WEO2023,portfolio_weight,2028,Listed Equity,Power,Listed Equity,Gas Power,Portfolio
Aligned* Portfolio,Power,GasCap,0.1673,1,NZE_2050,WEO2023,portfolio_weight,2028,Listed Equity,Power,Listed Equity,Gas Power,Aligned* Portfolio
Portfolio,Power,HydroCap,0.1028,1,NZE_2050,WEO2023,portfolio_weight,2028,Listed Equity,Power,Listed Equity,Hydropower,Portfolio
Aligned* Portfolio,Power,HydroCap,0.0811,1,NZE_2050,WEO2023,portfolio_weight,2028,Listed Equity,Power,Listed Equity,Hydropower,Aligned* Portfolio
Portfolio,Power,NuclearCap,0,1,NZE_2050,WEO2023,portfolio_weight,2028,Listed Equity,Power,Listed Equity,Nuclear Power,Portfolio
Aligned* Portfolio,Power,NuclearCap,0.0034,1,NZE_2050,WEO2023,portfolio_weight,2028,Listed Equity,Power,Listed Equity,Nuclear Power,Aligned* Portfolio
Portfolio,Power,OilCap,0.0073,1,NZE_2050,WEO2023,portfolio_weight,2028,Listed Equity,Power,Listed Equity,Oil Power,Portfolio
Aligned* Portfolio,Power,OilCap,0.0035,1,NZE_2050,WEO2023,portfolio_weight,2028,Listed Equity,Power,Listed Equity,Oil Power,Aligned* Portfolio
Portfolio,Power,RenewablesCap,0.5358,1,NZE_2050,WEO2023,portfolio_weight,2028,Listed Equity,Power,Listed Equity,Renewables,Portfolio
Aligned* Portfolio,Power,RenewablesCap,0.6909,1,NZE_2050,WEO2023,portfolio_weight,2028,Listed Equity,Power,Listed Equity,Renewables,Aligned* Portfolio
Portfolio,Automotive,Electric,0.3043,1,STEPS,WEO2023,portfolio_weight,2028,Listed Equity,Automotive,Listed Equity,LDV: Electric,Portfolio
Aligned* Portfolio,Automotive,Electric,0.2454,1,STEPS,WEO2023,portfolio_weight,2028,Listed Equity,Automotive,Listed Equity,LDV: Electric,Aligned* Portfolio
Portfolio,Automotive,FuelCell,6e-4,1,STEPS,WEO2023,portfolio_weight,2028,Listed Equity,Automotive,Listed Equity,LDV: Fuel Cell,Portfolio
Aligned* Portfolio,Automotive,FuelCell,0.0117,1,STEPS,WEO2023,portfolio_weight,2028,Listed Equity,Automotive,Listed Equity,LDV: Fuel Cell,Aligned* Portfolio
Portfolio,Automotive,Hybrid,0.0631,1,STEPS,WEO2023,portfolio_weight,2028,Listed Equity,Automotive,Listed Equity,LDV: Hybrid,Portfolio
Aligned* Portfolio,Automotive,Hybrid,0.0718,1,STEPS,WEO2023,portfolio_weight,2028,Listed Equity,Automotive,Listed Equity,LDV: Hybrid,Aligned* Portfolio
Portfolio,Automotive,ICE,0.6321,1,STEPS,WEO2023,portfolio_weight,2028,Listed Equity,Automotive,Listed Equity,LDV: ICE,Portfolio
Aligned* Portfolio,Automotive,ICE,0.6711,1,STEPS,WEO2023,portfolio_weight,2028,Listed Equity,Automotive,Listed Equity,LDV: ICE,Aligned* Portfolio
Portfolio,Power,CoalCap,0.0354,1,STEPS,WEO2023,portfolio_weight,2028,Listed Equity,Power,Listed Equity,Coal Power,Portfolio
Aligned* Portfolio,Power,CoalCap,0.0733,1,STEPS,WEO2023,portfolio_weight,2028,Listed Equity,Power,Listed Equity,Coal Power,Aligned* Portfolio
Portfolio,Power,GasCap,0.3187,1,STEPS,WEO2023,portfolio_weight,2028,Listed Equity,Power,Listed Equity,Gas Power,Portfolio
Aligned* Portfolio,Power,GasCap,0.2042,1,STEPS,WEO2023,portfolio_weight,2028,Listed Equity,Power,Listed Equity,Gas Power,Aligned* Portfolio
Portfolio,Power,HydroCap,0.1028,1,STEPS,WEO2023,portfolio_weight,2028,Listed Equity,Power,Listed Equity,Hydropower,Portfolio
Aligned* Portfolio,Power,HydroCap,0.0837,1,STEPS,WEO2023,portfolio_weight,2028,Listed Equity,Power,Listed Equity,Hydropower,Aligned* Portfolio
Portfolio,Power,NuclearCap,0,1,STEPS,WEO2023,portfolio_weight,2028,Listed Equity,Power,Listed Equity,Nuclear Power,Portfolio
Aligned* Portfolio,Power,NuclearCap,0.0021,1,STEPS,WEO2023,portfolio_weight,2028,Listed Equity,Power,Listed Equity,Nuclear Power,Aligned* Portfolio
Portfolio,Power,OilCap,0.0073,1,STEPS,WEO2023,portfolio_weight,2028,Listed Equity,Power,Listed Equity,Oil Power,Portfolio
Aligned* Portfolio,Power,OilCap,0.0045,1,STEPS,WEO2023,portfolio_weight,2028,Listed Equity,Power,Listed Equity,Oil Power,Aligned* Portfolio
Portfolio,Power,RenewablesCap,0.5358,1,STEPS,WEO2023,portfolio_weight,2028,Listed Equity,Power,Listed Equity,Renewables,Portfolio
Aligned* Portfolio,Power,RenewablesCap,0.6323,1,STEPS,WEO2023,portfolio_weight,2028,Listed Equity,Power,Listed Equity,Renewables,Aligned* Portfolio
Portfolio,Power,CoalCap,0.0177,1,1.5C,GECO2023,ownership_weight,2028,Listed Equity,Power,Listed Equity,Coal Power,Portfolio
Aligned* Portfolio,Power,CoalCap,0.0249,1,1.5C,GECO2023,ownership_weight,2028,Listed Equity,Power,Listed Equity,Coal Power,Aligned* Portfolio
Portfolio,Power,GasCap,0.2078,1,1.5C,GECO2023,ownership_weight,2028,Listed Equity,Power,Listed Equity,Gas Power,Portfolio
Aligned* Portfolio,Power,GasCap,0.0658,1,1.5C,GECO2023,ownership_weight,2028,Listed Equity,Power,Listed Equity,Gas Power,Aligned* Portfolio
Portfolio,Power,HydroCap,0.1484,1,1.5C,GECO2023,ownership_weight,2028,Listed Equity,Power,Listed Equity,Hydropower,Portfolio
Aligned* Portfolio,Power,HydroCap,0.1572,1,1.5C,GECO2023,ownership_weight,2028,Listed Equity,Power,Listed Equity,Hydropower,Aligned* Portfolio
Portfolio,Power,NuclearCap,0,1,1.5C,GECO2023,ownership_weight,2028,Listed Equity,Power,Listed Equity,Nuclear Power,Portfolio
Aligned* Portfolio,Power,NuclearCap,0.0028,1,1.5C,GECO2023,ownership_weight,2028,Listed Equity,Power,Listed Equity,Nuclear Power,Aligned* Portfolio
Portfolio,Power,OilCap,0.0053,1,1.5C,GECO2023,ownership_weight,2028,Listed Equity,Power,Listed Equity,Oil Power,Portfolio
Aligned* Portfolio,Power,OilCap,0.0037,1,1.5C,GECO2023,ownership_weight,2028,Listed Equity,Power,Listed Equity,Oil Power,Aligned* Portfolio
Portfolio,Power,RenewablesCap,0.6209,1,1.5C,GECO2023,ownership_weight,2028,Listed Equity,Power,Listed Equity,Renewables,Portfolio
Aligned* Portfolio,Power,RenewablesCap,0.7456,1,1.5C,GECO2023,ownership_weight,2028,Listed Equity,Power,Listed Equity,Renewables,Aligned* Portfolio
Portfolio,Power,CoalCap,0.0177,1,NDC-LTS,GECO2023,ownership_weight,2028,Listed Equity,Power,Listed Equity,Coal Power,Portfolio
Aligned* Portfolio,Power,CoalCap,0.0302,1,NDC-LTS,GECO2023,ownership_weight,2028,Listed Equity,Power,Listed Equity,Coal Power,Aligned* Portfolio
Portfolio,Power,GasCap,0.2078,1,NDC-LTS,GECO2023,ownership_weight,2028,Listed Equity,Power,Listed Equity,Gas Power,Portfolio
Aligned* Portfolio,Power,GasCap,0.0862,1,NDC-LTS,GECO2023,ownership_weight,2028,Listed Equity,Power,Listed Equity,Gas Power,Aligned* Portfolio
Portfolio,Power,HydroCap,0.1484,1,NDC-LTS,GECO2023,ownership_weight,2028,Listed Equity,Power,Listed Equity,Hydropower,Portfolio
Aligned* Portfolio,Power,HydroCap,0.1459,1,NDC-LTS,GECO2023,ownership_weight,2028,Listed Equity,Power,Listed Equity,Hydropower,Aligned* Portfolio
Portfolio,Power,NuclearCap,0,1,NDC-LTS,GECO2023,ownership_weight,2028,Listed Equity,Power,Listed Equity,Nuclear Power,Portfolio
Aligned* Portfolio,Power,NuclearCap,0.003,1,NDC-LTS,GECO2023,ownership_weight,2028,Listed Equity,Power,Listed Equity,Nuclear Power,Aligned* Portfolio
Portfolio,Power,OilCap,0.0053,1,NDC-LTS,GECO2023,ownership_weight,2028,Listed Equity,Power,Listed Equity,Oil Power,Portfolio
Aligned* Portfolio,Power,OilCap,0.0042,1,NDC-LTS,GECO2023,ownership_weight,2028,Listed Equity,Power,Listed Equity,Oil Power,Aligned* Portfolio
Portfolio,Power,RenewablesCap,0.6209,1,NDC-LTS,GECO2023,ownership_weight,2028,Listed Equity,Power,Listed Equity,Renewables,Portfolio
Aligned* Portfolio,Power,RenewablesCap,0.7306,1,NDC-LTS,GECO2023,ownership_weight,2028,Listed Equity,Power,Listed Equity,Renewables,Aligned* Portfolio
Portfolio,Power,CoalCap,0.0177,1,Reference,GECO2023,ownership_weight,2028,Listed Equity,Power,Listed Equity,Coal Power,Portfolio
Aligned* Portfolio,Power,CoalCap,0.0327,1,Reference,GECO2023,ownership_weight,2028,Listed Equity,Power,Listed Equity,Coal Power,Aligned* Portfolio
Portfolio,Power,GasCap,0.2078,1,Reference,GECO2023,ownership_weight,2028,Listed Equity,Power,Listed Equity,Gas Power,Portfolio
Aligned* Portfolio,Power,GasCap,0.0957,1,Reference,GECO2023,ownership_weight,2028,Listed Equity,Power,Listed Equity,Gas Power,Aligned* Portfolio
Portfolio,Power,HydroCap,0.1484,1,Reference,GECO2023,ownership_weight,2028,Listed Equity,Power,Listed Equity,Hydropower,Portfolio
Aligned* Portfolio,Power,HydroCap,0.1497,1,Reference,GECO2023,ownership_weight,2028,Listed Equity,Power,Listed Equity,Hydropower,Aligned* Portfolio
Portfolio,Power,NuclearCap,0,1,Reference,GECO2023,ownership_weight,2028,Listed Equity,Power,Listed Equity,Nuclear Power,Portfolio
Aligned* Portfolio,Power,NuclearCap,0.0031,1,Reference,GECO2023,ownership_weight,2028,Listed Equity,Power,Listed Equity,Nuclear Power,Aligned* Portfolio
Portfolio,Power,OilCap,0.0053,1,Reference,GECO2023,ownership_weight,2028,Listed Equity,Power,Listed Equity,Oil Power,Portfolio
Aligned* Portfolio,Power,OilCap,0.0044,1,Reference,GECO2023,ownership_weight,2028,Listed Equity,Power,Listed Equity,Oil Power,Aligned* Portfolio
Portfolio,Power,RenewablesCap,0.6209,1,Reference,GECO2023,ownership_weight,2028,Listed Equity,Power,Listed Equity,Renewables,Portfolio
Aligned* Portfolio,Power,RenewablesCap,0.7144,1,Reference,GECO2023,ownership_weight,2028,Listed Equity,Power,Listed Equity,Renewables,Aligned* Portfolio
Portfolio,Power,CoalCap,0.0177,1,1.5°C,ISF2023,ownership_weight,2028,Listed Equity,Power,Listed Equity,Coal Power,Portfolio
Aligned* Portfolio,Power,CoalCap,0.0162,1,1.5°C,ISF2023,ownership_weight,2028,Listed Equity,Power,Listed Equity,Coal Power,Aligned* Portfolio
Portfolio,Power,GasCap,0.2078,1,1.5°C,ISF2023,ownership_weight,2028,Listed Equity,Power,Listed Equity,Gas Power,Portfolio
Aligned* Portfolio,Power,GasCap,0.0579,1,1.5°C,ISF2023,ownership_weight,2028,Listed Equity,Power,Listed Equity,Gas Power,Aligned* Portfolio
Portfolio,Power,HydroCap,0.1484,1,1.5°C,ISF2023,ownership_weight,2028,Listed Equity,Power,Listed Equity,Hydropower,Portfolio
Aligned* Portfolio,Power,HydroCap,0.1296,1,1.5°C,ISF2023,ownership_weight,2028,Listed Equity,Power,Listed Equity,Hydropower,Aligned* Portfolio
Portfolio,Power,NuclearCap,0,1,1.5°C,ISF2023,ownership_weight,2028,Listed Equity,Power,Listed Equity,Nuclear Power,Portfolio
Aligned* Portfolio,Power,NuclearCap,0,1,1.5°C,ISF2023,ownership_weight,2028,Listed Equity,Power,Listed Equity,Nuclear Power,Aligned* Portfolio
Portfolio,Power,OilCap,0.0053,1,1.5°C,ISF2023,ownership_weight,2028,Listed Equity,Power,Listed Equity,Oil Power,Portfolio
Aligned* Portfolio,Power,OilCap,0.0037,1,1.5°C,ISF2023,ownership_weight,2028,Listed Equity,Power,Listed Equity,Oil Power,Aligned* Portfolio
Portfolio,Power,RenewablesCap,0.6209,1,1.5°C,ISF2023,ownership_weight,2028,Listed Equity,Power,Listed Equity,Renewables,Portfolio
Aligned* Portfolio,Power,RenewablesCap,0.7926,1,1.5°C,ISF2023,ownership_weight,2028,Listed Equity,Power,Listed Equity,Renewables,Aligned* Portfolio
Portfolio,Automotive,Electric,0.3322,1,APS,WEO2023,ownership_weight,2028,Listed Equity,Automotive,Listed Equity,LDV: Electric,Portfolio
Aligned* Portfolio,Automotive,Electric,0.2823,1,APS,WEO2023,ownership_weight,2028,Listed Equity,Automotive,Listed Equity,LDV: Electric,Aligned* Portfolio
Portfolio,Automotive,FuelCell,1e-4,1,APS,WEO2023,ownership_weight,2028,Listed Equity,Automotive,Listed Equity,LDV: Fuel Cell,Portfolio
Aligned* Portfolio,Automotive,FuelCell,0.0248,1,APS,WEO2023,ownership_weight,2028,Listed Equity,Automotive,Listed Equity,LDV: Fuel Cell,Aligned* Portfolio
Portfolio,Automotive,Hybrid,0.0929,1,APS,WEO2023,ownership_weight,2028,Listed Equity,Automotive,Listed Equity,LDV: Hybrid,Portfolio
Aligned* Portfolio,Automotive,Hybrid,0.1058,1,APS,WEO2023,ownership_weight,2028,Listed Equity,Automotive,Listed Equity,LDV: Hybrid,Aligned* Portfolio
Portfolio,Automotive,ICE,0.5747,1,APS,WEO2023,ownership_weight,2028,Listed Equity,Automotive,Listed Equity,LDV: ICE,Portfolio
Aligned* Portfolio,Automotive,ICE,0.5871,1,APS,WEO2023,ownership_weight,2028,Listed Equity,Automotive,Listed Equity,LDV: ICE,Aligned* Portfolio
Portfolio,Power,CoalCap,0.0177,1,APS,WEO2023,ownership_weight,2028,Listed Equity,Power,Listed Equity,Coal Power,Portfolio
Aligned* Portfolio,Power,CoalCap,0.0287,1,APS,WEO2023,ownership_weight,2028,Listed Equity,Power,Listed Equity,Coal Power,Aligned* Portfolio
Portfolio,Power,GasCap,0.2078,1,APS,WEO2023,ownership_weight,2028,Listed Equity,Power,Listed Equity,Gas Power,Portfolio
Aligned* Portfolio,Power,GasCap,0.0705,1,APS,WEO2023,ownership_weight,2028,Listed Equity,Power,Listed Equity,Gas Power,Aligned* Portfolio
Portfolio,Power,HydroCap,0.1484,1,APS,WEO2023,ownership_weight,2028,Listed Equity,Power,Listed Equity,Hydropower,Portfolio
Aligned* Portfolio,Power,HydroCap,0.1237,1,APS,WEO2023,ownership_weight,2028,Listed Equity,Power,Listed Equity,Hydropower,Aligned* Portfolio
Portfolio,Power,NuclearCap,0,1,APS,WEO2023,ownership_weight,2028,Listed Equity,Power,Listed Equity,Nuclear Power,Portfolio
Aligned* Portfolio,Power,NuclearCap,0.0023,1,APS,WEO2023,ownership_weight,2028,Listed Equity,Power,Listed Equity,Nuclear Power,Aligned* Portfolio
Portfolio,Power,OilCap,0.0053,1,APS,WEO2023,ownership_weight,2028,Listed Equity,Power,Listed Equity,Oil Power,Portfolio
Aligned* Portfolio,Power,OilCap,0.0033,1,APS,WEO2023,ownership_weight,2028,Listed Equity,Power,Listed Equity,Oil Power,Aligned* Portfolio
Portfolio,Power,RenewablesCap,0.6209,1,APS,WEO2023,ownership_weight,2028,Listed Equity,Power,Listed Equity,Renewables,Portfolio
Aligned* Portfolio,Power,RenewablesCap,0.7715,1,APS,WEO2023,ownership_weight,2028,Listed Equity,Power,Listed Equity,Renewables,Aligned* Portfolio
Portfolio,Automotive,Electric,0.3322,1,NZE_2050,WEO2023,ownership_weight,2028,Listed Equity,Automotive,Listed Equity,LDV: Electric,Portfolio
Aligned* Portfolio,Automotive,Electric,0.3949,1,NZE_2050,WEO2023,ownership_weight,2028,Listed Equity,Automotive,Listed Equity,LDV: Electric,Aligned* Portfolio
Portfolio,Automotive,FuelCell,1e-4,1,NZE_2050,WEO2023,ownership_weight,2028,Listed Equity,Automotive,Listed Equity,LDV: Fuel Cell,Portfolio
Aligned* Portfolio,Automotive,FuelCell,0,1,NZE_2050,WEO2023,ownership_weight,2028,Listed Equity,Automotive,Listed Equity,LDV: Fuel Cell,Aligned* Portfolio
Portfolio,Automotive,Hybrid,0.0929,1,NZE_2050,WEO2023,ownership_weight,2028,Listed Equity,Automotive,Listed Equity,LDV: Hybrid,Portfolio
Aligned* Portfolio,Automotive,Hybrid,0.1412,1,NZE_2050,WEO2023,ownership_weight,2028,Listed Equity,Automotive,Listed Equity,LDV: Hybrid,Aligned* Portfolio
Portfolio,Automotive,ICE,0.5747,1,NZE_2050,WEO2023,ownership_weight,2028,Listed Equity,Automotive,Listed Equity,LDV: ICE,Portfolio
Aligned* Portfolio,Automotive,ICE,0.4639,1,NZE_2050,WEO2023,ownership_weight,2028,Listed Equity,Automotive,Listed Equity,LDV: ICE,Aligned* Portfolio
Portfolio,Power,CoalCap,0.0177,1,NZE_2050,WEO2023,ownership_weight,2028,Listed Equity,Power,Listed Equity,Coal Power,Portfolio
Aligned* Portfolio,Power,CoalCap,0.0225,1,NZE_2050,WEO2023,ownership_weight,2028,Listed Equity,Power,Listed Equity,Coal Power,Aligned* Portfolio
Portfolio,Power,GasCap,0.2078,1,NZE_2050,WEO2023,ownership_weight,2028,Listed Equity,Power,Listed Equity,Gas Power,Portfolio
Aligned* Portfolio,Power,GasCap,0.0634,1,NZE_2050,WEO2023,ownership_weight,2028,Listed Equity,Power,Listed Equity,Gas Power,Aligned* Portfolio
Portfolio,Power,HydroCap,0.1484,1,NZE_2050,WEO2023,ownership_weight,2028,Listed Equity,Power,Listed Equity,Hydropower,Portfolio
Aligned* Portfolio,Power,HydroCap,0.1208,1,NZE_2050,WEO2023,ownership_weight,2028,Listed Equity,Power,Listed Equity,Hydropower,Aligned* Portfolio
Portfolio,Power,NuclearCap,0,1,NZE_2050,WEO2023,ownership_weight,2028,Listed Equity,Power,Listed Equity,Nuclear Power,Portfolio
Aligned* Portfolio,Power,NuclearCap,0.0034,1,NZE_2050,WEO2023,ownership_weight,2028,Listed Equity,Power,Listed Equity,Nuclear Power,Aligned* Portfolio
Portfolio,Power,OilCap,0.0053,1,NZE_2050,WEO2023,ownership_weight,2028,Listed Equity,Power,Listed Equity,Oil Power,Portfolio
Aligned* Portfolio,Power,OilCap,0.0027,1,NZE_2050,WEO2023,ownership_weight,2028,Listed Equity,Power,Listed Equity,Oil Power,Aligned* Portfolio
Portfolio,Power,RenewablesCap,0.6209,1,NZE_2050,WEO2023,ownership_weight,2028,Listed Equity,Power,Listed Equity,Renewables,Portfolio
Aligned* Portfolio,Power,RenewablesCap,0.7872,1,NZE_2050,WEO2023,ownership_weight,2028,Listed Equity,Power,Listed Equity,Renewables,Aligned* Portfolio
Portfolio,Automotive,Electric,0.3322,1,STEPS,WEO2023,ownership_weight,2028,Listed Equity,Automotive,Listed Equity,LDV: Electric,Portfolio
Aligned* Portfolio,Automotive,Electric,0.2622,1,STEPS,WEO2023,ownership_weight,2028,Listed Equity,Automotive,Listed Equity,LDV: Electric,Aligned* Portfolio
Portfolio,Automotive,FuelCell,1e-4,1,STEPS,WEO2023,ownership_weight,2028,Listed Equity,Automotive,Listed Equity,LDV: Fuel Cell,Portfolio
Aligned* Portfolio,Automotive,FuelCell,0.0113,1,STEPS,WEO2023,ownership_weight,2028,Listed Equity,Automotive,Listed Equity,LDV: Fuel Cell,Aligned* Portfolio
Portfolio,Automotive,Hybrid,0.0929,1,STEPS,WEO2023,ownership_weight,2028,Listed Equity,Automotive,Listed Equity,LDV: Hybrid,Portfolio
Aligned* Portfolio,Automotive,Hybrid,0.0955,1,STEPS,WEO2023,ownership_weight,2028,Listed Equity,Automotive,Listed Equity,LDV: Hybrid,Aligned* Portfolio
Portfolio,Automotive,ICE,0.5747,1,STEPS,WEO2023,ownership_weight,2028,Listed Equity,Automotive,Listed Equity,LDV: ICE,Portfolio
Aligned* Portfolio,Automotive,ICE,0.6311,1,STEPS,WEO2023,ownership_weight,2028,Listed Equity,Automotive,Listed Equity,LDV: ICE,Aligned* Portfolio
Portfolio,Power,CoalCap,0.0177,1,STEPS,WEO2023,ownership_weight,2028,Listed Equity,Power,Listed Equity,Coal Power,Portfolio
Aligned* Portfolio,Power,CoalCap,0.0313,1,STEPS,WEO2023,ownership_weight,2028,Listed Equity,Power,Listed Equity,Coal Power,Aligned* Portfolio
Portfolio,Power,GasCap,0.2078,1,STEPS,WEO2023,ownership_weight,2028,Listed Equity,Power,Listed Equity,Gas Power,Portfolio
Aligned* Portfolio,Power,GasCap,0.0788,1,STEPS,WEO2023,ownership_weight,2028,Listed Equity,Power,Listed Equity,Gas Power,Aligned* Portfolio
Portfolio,Power,HydroCap,0.1484,1,STEPS,WEO2023,ownership_weight,2028,Listed Equity,Power,Listed Equity,Hydropower,Portfolio
Aligned* Portfolio,Power,HydroCap,0.1299,1,STEPS,WEO2023,ownership_weight,2028,Listed Equity,Power,Listed Equity,Hydropower,Aligned* Portfolio
Portfolio,Power,NuclearCap,0,1,STEPS,WEO2023,ownership_weight,2028,Listed Equity,Power,Listed Equity,Nuclear Power,Portfolio
Aligned* Portfolio,Power,NuclearCap,0.0021,1,STEPS,WEO2023,ownership_weight,2028,Listed Equity,Power,Listed Equity,Nuclear Power,Aligned* Portfolio
Portfolio,Power,OilCap,0.0053,1,STEPS,WEO2023,ownership_weight,2028,Listed Equity,Power,Listed Equity,Oil Power,Portfolio
Aligned* Portfolio,Power,OilCap,0.0036,1,STEPS,WEO2023,ownership_weight,2028,Listed Equity,Power,Listed Equity,Oil Power,Aligned* Portfolio
Portfolio,Power,RenewablesCap,0.6209,1,STEPS,WEO2023,ownership_weight,2028,Listed Equity,Power,Listed Equity,Renewables,Portfolio
Aligned* Portfolio,Power,RenewablesCap,0.7542,1,STEPS,WEO2023,ownership_weight,2028,Listed Equity,Power,Listed Equity,Renewables,Aligned* Portfolio
Portfolio,Power,RenewablesCap,0.0161,1,1.5C,GECO2023,portfolio_weight,2028,Corporate Bonds,Power,Corporate Bonds,Renewables,Portfolio
Aligned* Portfolio,Power,RenewablesCap,0.3036,1,1.5C,GECO2023,portfolio_weight,2028,Corporate Bonds,Power,Corporate Bonds,Renewables,Aligned* Portfolio
Portfolio,Power,RenewablesCap,0.0161,1,NDC-LTS,GECO2023,portfolio_weight,2028,Corporate Bonds,Power,Corporate Bonds,Renewables,Portfolio
Aligned* Portfolio,Power,RenewablesCap,0.2591,1,NDC-LTS,GECO2023,portfolio_weight,2028,Corporate Bonds,Power,Corporate Bonds,Renewables,Aligned* Portfolio
Portfolio,Power,RenewablesCap,0.0161,1,Reference,GECO2023,portfolio_weight,2028,Corporate Bonds,Power,Corporate Bonds,Renewables,Portfolio
Aligned* Portfolio,Power,RenewablesCap,0.2226,1,Reference,GECO2023,portfolio_weight,2028,Corporate Bonds,Power,Corporate Bonds,Renewables,Aligned* Portfolio
Portfolio,Power,RenewablesCap,0.0161,1,1.5°C,ISF2023,portfolio_weight,2028,Corporate Bonds,Power,Corporate Bonds,Renewables,Portfolio
Aligned* Portfolio,Power,RenewablesCap,0.3744,1,1.5°C,ISF2023,portfolio_weight,2028,Corporate Bonds,Power,Corporate Bonds,Renewables,Aligned* Portfolio
Portfolio,Power,RenewablesCap,0.0161,1,APS,WEO2023,portfolio_weight,2028,Corporate Bonds,Power,Corporate Bonds,Renewables,Portfolio
Aligned* Portfolio,Power,RenewablesCap,0.3585,1,APS,WEO2023,portfolio_weight,2028,Corporate Bonds,Power,Corporate Bonds,Renewables,Aligned* Portfolio
Portfolio,Power,RenewablesCap,0.0161,1,NZE_2050,WEO2023,portfolio_weight,2028,Corporate Bonds,Power,Corporate Bonds,Renewables,Portfolio
Aligned* Portfolio,Power,RenewablesCap,0.3979,1,NZE_2050,WEO2023,portfolio_weight,2028,Corporate Bonds,Power,Corporate Bonds,Renewables,Aligned* Portfolio
Portfolio,Power,RenewablesCap,0.0161,1,STEPS,WEO2023,portfolio_weight,2028,Corporate Bonds,Power,Corporate Bonds,Renewables,Portfolio
Aligned* Portfolio,Power,RenewablesCap,0.315,1,STEPS,WEO2023,portfolio_weight,2028,Corporate Bonds,Power,Corporate Bonds,Renewables,Aligned* Portfolio
Portfolio,Power,HydroCap,0.6262,1,1.5C,GECO2023,portfolio_weight,2028,Corporate Bonds,Power,Corporate Bonds,Hydropower,Portfolio
Aligned* Portfolio,Power,HydroCap,0.5227,1,1.5C,GECO2023,portfolio_weight,2028,Corporate Bonds,Power,Corporate Bonds,Hydropower,Aligned* Portfolio
Portfolio,Power,HydroCap,0.6262,1,NDC-LTS,GECO2023,portfolio_weight,2028,Corporate Bonds,Power,Corporate Bonds,Hydropower,Portfolio
Aligned* Portfolio,Power,HydroCap,0.5329,1,NDC-LTS,GECO2023,portfolio_weight,2028,Corporate Bonds,Power,Corporate Bonds,Hydropower,Aligned* Portfolio
Portfolio,Power,HydroCap,0.6262,1,Reference,GECO2023,portfolio_weight,2028,Corporate Bonds,Power,Corporate Bonds,Hydropower,Portfolio
Aligned* Portfolio,Power,HydroCap,0.5524,1,Reference,GECO2023,portfolio_weight,2028,Corporate Bonds,Power,Corporate Bonds,Hydropower,Aligned* Portfolio
Portfolio,Power,HydroCap,0.6262,1,1.5°C,ISF2023,portfolio_weight,2028,Corporate Bonds,Power,Corporate Bonds,Hydropower,Portfolio
Aligned* Portfolio,Power,HydroCap,0.4786,1,1.5°C,ISF2023,portfolio_weight,2028,Corporate Bonds,Power,Corporate Bonds,Hydropower,Aligned* Portfolio
Portfolio,Power,HydroCap,0.6262,1,APS,WEO2023,portfolio_weight,2028,Corporate Bonds,Power,Corporate Bonds,Hydropower,Portfolio
Aligned* Portfolio,Power,HydroCap,0.4628,1,APS,WEO2023,portfolio_weight,2028,Corporate Bonds,Power,Corporate Bonds,Hydropower,Aligned* Portfolio
Portfolio,Power,HydroCap,0.6262,1,NZE_2050,WEO2023,portfolio_weight,2028,Corporate Bonds,Power,Corporate Bonds,Hydropower,Portfolio
Aligned* Portfolio,Power,HydroCap,0.4431,1,NZE_2050,WEO2023,portfolio_weight,2028,Corporate Bonds,Power,Corporate Bonds,Hydropower,Aligned* Portfolio
Portfolio,Power,HydroCap,0.6262,1,STEPS,WEO2023,portfolio_weight,2028,Corporate Bonds,Power,Corporate Bonds,Hydropower,Portfolio
Aligned* Portfolio,Power,HydroCap,0.4898,1,STEPS,WEO2023,portfolio_weight,2028,Corporate Bonds,Power,Corporate Bonds,Hydropower,Aligned* Portfolio
Portfolio,Power,NuclearCap,0.1657,1,1.5C,GECO2023,portfolio_weight,2028,Corporate Bonds,Power,Corporate Bonds,Nuclear Power,Portfolio
Aligned* Portfolio,Power,NuclearCap,0.0532,1,1.5C,GECO2023,portfolio_weight,2028,Corporate Bonds,Power,Corporate Bonds,Nuclear Power,Aligned* Portfolio
Portfolio,Power,NuclearCap,0.1657,1,NDC-LTS,GECO2023,portfolio_weight,2028,Corporate Bonds,Power,Corporate Bonds,Nuclear Power,Portfolio
Aligned* Portfolio,Power,NuclearCap,0.0564,1,NDC-LTS,GECO2023,portfolio_weight,2028,Corporate Bonds,Power,Corporate Bonds,Nuclear Power,Aligned* Portfolio
Portfolio,Power,NuclearCap,0.1657,1,Reference,GECO2023,portfolio_weight,2028,Corporate Bonds,Power,Corporate Bonds,Nuclear Power,Portfolio
Aligned* Portfolio,Power,NuclearCap,0.0588,1,Reference,GECO2023,portfolio_weight,2028,Corporate Bonds,Power,Corporate Bonds,Nuclear Power,Aligned* Portfolio
Portfolio,Power,NuclearCap,0.1657,1,1.5°C,ISF2023,portfolio_weight,2028,Corporate Bonds,Power,Corporate Bonds,Nuclear Power,Portfolio
Aligned* Portfolio,Power,NuclearCap,0.0477,1,1.5°C,ISF2023,portfolio_weight,2028,Corporate Bonds,Power,Corporate Bonds,Nuclear Power,Aligned* Portfolio
Portfolio,Power,NuclearCap,0.1657,1,APS,WEO2023,portfolio_weight,2028,Corporate Bonds,Power,Corporate Bonds,Nuclear Power,Portfolio
Aligned* Portfolio,Power,NuclearCap,0.0492,1,APS,WEO2023,portfolio_weight,2028,Corporate Bonds,Power,Corporate Bonds,Nuclear Power,Aligned* Portfolio
Portfolio,Power,NuclearCap,0.1657,1,NZE_2050,WEO2023,portfolio_weight,2028,Corporate Bonds,Power,Corporate Bonds,Nuclear Power,Portfolio
Aligned* Portfolio,Power,NuclearCap,0.0479,1,NZE_2050,WEO2023,portfolio_weight,2028,Corporate Bonds,Power,Corporate Bonds,Nuclear Power,Aligned* Portfolio
Portfolio,Power,NuclearCap,0.1657,1,STEPS,WEO2023,portfolio_weight,2028,Corporate Bonds,Power,Corporate Bonds,Nuclear Power,Portfolio
Aligned* Portfolio,Power,NuclearCap,0.0518,1,STEPS,WEO2023,portfolio_weight,2028,Corporate Bonds,Power,Corporate Bonds,Nuclear Power,Aligned* Portfolio
Portfolio,Power,GasCap,0.1107,1,1.5C,GECO2023,portfolio_weight,2028,Corporate Bonds,Power,Corporate Bonds,Gas Power,Portfolio
Aligned* Portfolio,Power,GasCap,0.0704,1,1.5C,GECO2023,portfolio_weight,2028,Corporate Bonds,Power,Corporate Bonds,Gas Power,Aligned* Portfolio
Portfolio,Power,GasCap,0.1107,1,NDC-LTS,GECO2023,portfolio_weight,2028,Corporate Bonds,Power,Corporate Bonds,Gas Power,Portfolio
Aligned* Portfolio,Power,GasCap,0.0919,1,NDC-LTS,GECO2023,portfolio_weight,2028,Corporate Bonds,Power,Corporate Bonds,Gas Power,Aligned* Portfolio
Portfolio,Power,GasCap,0.1107,1,Reference,GECO2023,portfolio_weight,2028,Corporate Bonds,Power,Corporate Bonds,Gas Power,Portfolio
Aligned* Portfolio,Power,GasCap,0.1019,1,Reference,GECO2023,portfolio_weight,2028,Corporate Bonds,Power,Corporate Bonds,Gas Power,Aligned* Portfolio
Portfolio,Power,GasCap,0.1107,1,1.5°C,ISF2023,portfolio_weight,2028,Corporate Bonds,Power,Corporate Bonds,Gas Power,Portfolio
Aligned* Portfolio,Power,GasCap,0.0622,1,1.5°C,ISF2023,portfolio_weight,2028,Corporate Bonds,Power,Corporate Bonds,Gas Power,Aligned* Portfolio
Portfolio,Power,GasCap,0.1107,1,APS,WEO2023,portfolio_weight,2028,Corporate Bonds,Power,Corporate Bonds,Gas Power,Portfolio
Aligned* Portfolio,Power,GasCap,0.0751,1,APS,WEO2023,portfolio_weight,2028,Corporate Bonds,Power,Corporate Bonds,Gas Power,Aligned* Portfolio
Portfolio,Power,GasCap,0.1107,1,NZE_2050,WEO2023,portfolio_weight,2028,Corporate Bonds,Power,Corporate Bonds,Gas Power,Portfolio
Aligned* Portfolio,Power,GasCap,0.0678,1,NZE_2050,WEO2023,portfolio_weight,2028,Corporate Bonds,Power,Corporate Bonds,Gas Power,Aligned* Portfolio
Portfolio,Power,GasCap,0.1107,1,STEPS,WEO2023,portfolio_weight,2028,Corporate Bonds,Power,Corporate Bonds,Gas Power,Portfolio
Aligned* Portfolio,Power,GasCap,0.0839,1,STEPS,WEO2023,portfolio_weight,2028,Corporate Bonds,Power,Corporate Bonds,Gas Power,Aligned* Portfolio
Portfolio,Power,OilCap,0.0187,1,1.5C,GECO2023,portfolio_weight,2028,Corporate Bonds,Power,Corporate Bonds,Oil Power,Portfolio
Aligned* Portfolio,Power,OilCap,0.0121,1,1.5C,GECO2023,portfolio_weight,2028,Corporate Bonds,Power,Corporate Bonds,Oil Power,Aligned* Portfolio
Portfolio,Power,OilCap,0.0187,1,NDC-LTS,GECO2023,portfolio_weight,2028,Corporate Bonds,Power,Corporate Bonds,Oil Power,Portfolio
Aligned* Portfolio,Power,OilCap,0.0138,1,NDC-LTS,GECO2023,portfolio_weight,2028,Corporate Bonds,Power,Corporate Bonds,Oil Power,Aligned* Portfolio
Portfolio,Power,OilCap,0.0187,1,Reference,GECO2023,portfolio_weight,2028,Corporate Bonds,Power,Corporate Bonds,Oil Power,Portfolio
Aligned* Portfolio,Power,OilCap,0.0146,1,Reference,GECO2023,portfolio_weight,2028,Corporate Bonds,Power,Corporate Bonds,Oil Power,Aligned* Portfolio
Portfolio,Power,OilCap,0.0187,1,1.5°C,ISF2023,portfolio_weight,2028,Corporate Bonds,Power,Corporate Bonds,Oil Power,Portfolio
Aligned* Portfolio,Power,OilCap,0.0124,1,1.5°C,ISF2023,portfolio_weight,2028,Corporate Bonds,Power,Corporate Bonds,Oil Power,Aligned* Portfolio
Portfolio,Power,OilCap,0.0187,1,APS,WEO2023,portfolio_weight,2028,Corporate Bonds,Power,Corporate Bonds,Oil Power,Portfolio
Aligned* Portfolio,Power,OilCap,0.0108,1,APS,WEO2023,portfolio_weight,2028,Corporate Bonds,Power,Corporate Bonds,Oil Power,Aligned* Portfolio
Portfolio,Power,OilCap,0.0187,1,NZE_2050,WEO2023,portfolio_weight,2028,Corporate Bonds,Power,Corporate Bonds,Oil Power,Portfolio
Aligned* Portfolio,Power,OilCap,0.0089,1,NZE_2050,WEO2023,portfolio_weight,2028,Corporate Bonds,Power,Corporate Bonds,Oil Power,Aligned* Portfolio
Portfolio,Power,OilCap,0.0187,1,STEPS,WEO2023,portfolio_weight,2028,Corporate Bonds,Power,Corporate Bonds,Oil Power,Portfolio
Aligned* Portfolio,Power,OilCap,0.0118,1,STEPS,WEO2023,portfolio_weight,2028,Corporate Bonds,Power,Corporate Bonds,Oil Power,Aligned* Portfolio
Portfolio,Power,CoalCap,0.0626,1,1.5C,GECO2023,portfolio_weight,2028,Corporate Bonds,Power,Corporate Bonds,Coal Power,Portfolio
Aligned* Portfolio,Power,CoalCap,0.038,1,1.5C,GECO2023,portfolio_weight,2028,Corporate Bonds,Power,Corporate Bonds,Coal Power,Aligned* Portfolio
Portfolio,Power,CoalCap,0.0626,1,NDC-LTS,GECO2023,portfolio_weight,2028,Corporate Bonds,Power,Corporate Bonds,Coal Power,Portfolio
Aligned* Portfolio,Power,CoalCap,0.0459,1,NDC-LTS,GECO2023,portfolio_weight,2028,Corporate Bonds,Power,Corporate Bonds,Coal Power,Aligned* Portfolio
Portfolio,Power,CoalCap,0.0626,1,Reference,GECO2023,portfolio_weight,2028,Corporate Bonds,Power,Corporate Bonds,Coal Power,Portfolio
Aligned* Portfolio,Power,CoalCap,0.0497,1,Reference,GECO2023,portfolio_weight,2028,Corporate Bonds,Power,Corporate Bonds,Coal Power,Aligned* Portfolio
Portfolio,Power,CoalCap,0.0626,1,1.5°C,ISF2023,portfolio_weight,2028,Corporate Bonds,Power,Corporate Bonds,Coal Power,Portfolio
Aligned* Portfolio,Power,CoalCap,0.0248,1,1.5°C,ISF2023,portfolio_weight,2028,Corporate Bonds,Power,Corporate Bonds,Coal Power,Aligned* Portfolio
Portfolio,Power,CoalCap,0.0626,1,APS,WEO2023,portfolio_weight,2028,Corporate Bonds,Power,Corporate Bonds,Coal Power,Portfolio
Aligned* Portfolio,Power,CoalCap,0.0437,1,APS,WEO2023,portfolio_weight,2028,Corporate Bonds,Power,Corporate Bonds,Coal Power,Aligned* Portfolio
Portfolio,Power,CoalCap,0.0626,1,NZE_2050,WEO2023,portfolio_weight,2028,Corporate Bonds,Power,Corporate Bonds,Coal Power,Portfolio
Aligned* Portfolio,Power,CoalCap,0.0344,1,NZE_2050,WEO2023,portfolio_weight,2028,Corporate Bonds,Power,Corporate Bonds,Coal Power,Aligned* Portfolio
Portfolio,Power,CoalCap,0.0626,1,STEPS,WEO2023,portfolio_weight,2028,Corporate Bonds,Power,Corporate Bonds,Coal Power,Portfolio
Aligned* Portfolio,Power,CoalCap,0.0476,1,STEPS,WEO2023,portfolio_weight,2028,Corporate Bonds,Power,Corporate Bonds,Coal Power,Aligned* Portfolio
Portfolio,Automotive,Electric,0.3401,1,APS,WEO2023,portfolio_weight,2028,Corporate Bonds,Automotive,Corporate Bonds,LDV: Electric,Portfolio
Aligned* Portfolio,Automotive,Electric,0.2433,1,APS,WEO2023,portfolio_weight,2028,Corporate Bonds,Automotive,Corporate Bonds,LDV: Electric,Aligned* Portfolio
Portfolio,Automotive,Electric,0.3401,1,NZE_2050,WEO2023,portfolio_weight,2028,Corporate Bonds,Automotive,Corporate Bonds,LDV: Electric,Portfolio
Aligned* Portfolio,Automotive,Electric,0.3591,1,NZE_2050,WEO2023,portfolio_weight,2028,Corporate Bonds,Automotive,Corporate Bonds,LDV: Electric,Aligned* Portfolio
Portfolio,Automotive,Electric,0.3401,1,STEPS,WEO2023,portfolio_weight,2028,Corporate Bonds,Automotive,Corporate Bonds,LDV: Electric,Portfolio
Aligned* Portfolio,Automotive,Electric,0.2221,1,STEPS,WEO2023,portfolio_weight,2028,Corporate Bonds,Automotive,Corporate Bonds,LDV: Electric,Aligned* Portfolio
Portfolio,Automotive,FuelCell,0,1,APS,WEO2023,portfolio_weight,2028,Corporate Bonds,Automotive,Corporate Bonds,LDV: Fuel Cell,Portfolio
Aligned* Portfolio,Automotive,FuelCell,0.0249,1,APS,WEO2023,portfolio_weight,2028,Corporate Bonds,Automotive,Corporate Bonds,LDV: Fuel Cell,Aligned* Portfolio
Portfolio,Automotive,FuelCell,0,1,NZE_2050,WEO2023,portfolio_weight,2028,Corporate Bonds,Automotive,Corporate Bonds,LDV: Fuel Cell,Portfolio
Aligned* Portfolio,Automotive,FuelCell,0,1,NZE_2050,WEO2023,portfolio_weight,2028,Corporate Bonds,Automotive,Corporate Bonds,LDV: Fuel Cell,Aligned* Portfolio
Portfolio,Automotive,FuelCell,0,1,STEPS,WEO2023,portfolio_weight,2028,Corporate Bonds,Automotive,Corporate Bonds,LDV: Fuel Cell,Portfolio
Aligned* Portfolio,Automotive,FuelCell,0.0111,1,STEPS,WEO2023,portfolio_weight,2028,Corporate Bonds,Automotive,Corporate Bonds,LDV: Fuel Cell,Aligned* Portfolio
Portfolio,Automotive,Hybrid,0.086,1,APS,WEO2023,portfolio_weight,2028,Corporate Bonds,Automotive,Corporate Bonds,LDV: Hybrid,Portfolio
Aligned* Portfolio,Automotive,Hybrid,0.0817,1,APS,WEO2023,portfolio_weight,2028,Corporate Bonds,Automotive,Corporate Bonds,LDV: Hybrid,Aligned* Portfolio
Portfolio,Automotive,Hybrid,0.086,1,NZE_2050,WEO2023,portfolio_weight,2028,Corporate Bonds,Automotive,Corporate Bonds,LDV: Hybrid,Portfolio
Aligned* Portfolio,Automotive,Hybrid,0.1169,1,NZE_2050,WEO2023,portfolio_weight,2028,Corporate Bonds,Automotive,Corporate Bonds,LDV: Hybrid,Aligned* Portfolio
Portfolio,Automotive,Hybrid,0.086,1,STEPS,WEO2023,portfolio_weight,2028,Corporate Bonds,Automotive,Corporate Bonds,LDV: Hybrid,Portfolio
Aligned* Portfolio,Automotive,Hybrid,0.071,1,STEPS,WEO2023,portfolio_weight,2028,Corporate Bonds,Automotive,Corporate Bonds,LDV: Hybrid,Aligned* Portfolio
Portfolio,Automotive,ICE,0.5739,1,APS,WEO2023,portfolio_weight,2028,Corporate Bonds,Automotive,Corporate Bonds,LDV: ICE,Portfolio
Aligned* Portfolio,Automotive,ICE,0.6502,1,APS,WEO2023,portfolio_weight,2028,Corporate Bonds,Automotive,Corporate Bonds,LDV: ICE,Aligned* Portfolio
Portfolio,Automotive,ICE,0.5739,1,NZE_2050,WEO2023,portfolio_weight,2028,Corporate Bonds,Automotive,Corporate Bonds,LDV: ICE,Portfolio
Aligned* Portfolio,Automotive,ICE,0.524,1,NZE_2050,WEO2023,portfolio_weight,2028,Corporate Bonds,Automotive,Corporate Bonds,LDV: ICE,Aligned* Portfolio
Portfolio,Automotive,ICE,0.5739,1,STEPS,WEO2023,portfolio_weight,2028,Corporate Bonds,Automotive,Corporate Bonds,LDV: ICE,Portfolio
Aligned* Portfolio,Automotive,ICE,0.6958,1,STEPS,WEO2023,portfolio_weight,2028,Corporate Bonds,Automotive,Corporate Bonds,LDV: ICE,Aligned* Portfolio
