[{"asset_class":"Listed Equity","equity_market":"Global Market","portfolio_name":"Default Portfolio","this_portfolio":true,"ald_sector":"Oil&Gas","technology":"Oil","plan_carsten":0.4977,"sector_sum":0.9966,"sector_prcnt":0.4994,"cumsum":0,"sector_cumprcnt":0,"green":false,"green_sum":0.9966,"green_prcnt":1,"asset_class_translation":"Listed Equity","equity_market_translation":"Global Market","ald_sector_translation":"Oil & Gas","technology_translation":"Oil","portfolio_name_translation":"Default Portfolio"},{"asset_class":"Listed Equity","equity_market":"Global Market","portfolio_name":"Default Portfolio","this_portfolio":true,"ald_sector":"Oil&Gas","technology":"Gas","plan_carsten":0.4989,"sector_sum":0.9966,"sector_prcnt":0.5006,"cumsum":0.4977,"sector_cumprcnt":0.4994,"green":false,"green_sum":0.9966,"green_prcnt":1,"asset_class_translation":"Listed Equity","equity_market_translation":"Global Market","ald_sector_translation":"Oil & Gas","technology_translation":"Gas","portfolio_name_translation":"Default Portfolio"},{"asset_class":"Listed Equity","equity_market":"Global Market","portfolio_name":"iShares Core S&P 500 ETF","this_portfolio":false,"ald_sector":"Power","technology":"RenewablesCap","plan_carsten":0.0064,"sector_sum":0.0236,"sector_prcnt":0.2696,"cumsum":0,"sector_cumprcnt":0,"green":true,"green_sum":0.0109,"green_prcnt":0.4609,"asset_class_translation":"Listed Equity","equity_market_translation":"Global Market","ald_sector_translation":"Power","technology_translation":"Renewables","portfolio_name_translation":"iShares Core S&P 500 ETF"},{"asset_class":"Listed Equity","equity_market":"Global Market","portfolio_name":"iShares Core S&P 500 ETF","this_portfolio":false,"ald_sector":"Power","technology":"HydroCap","plan_carsten":0.0012,"sector_sum":0.0236,"sector_prcnt":0.052,"cumsum":0.0064,"sector_cumprcnt":0.2696,"green":true,"green_sum":0.0109,"green_prcnt":0.4609,"asset_class_translation":"Listed Equity","equity_market_translation":"Global Market","ald_sector_translation":"Power","technology_translation":"Hydropower","portfolio_name_translation":"iShares Core S&P 500 ETF"},{"asset_class":"Listed Equity","equity_market":"Global Market","portfolio_name":"iShares Core S&P 500 ETF","this_portfolio":false,"ald_sector":"Power","technology":"NuclearCap","plan_carsten":0.0033,"sector_sum":0.0236,"sector_prcnt":0.1393,"cumsum":0.0076,"sector_cumprcnt":0.3216,"green":true,"green_sum":0.0109,"green_prcnt":0.4609,"asset_class_translation":"Listed Equity","equity_market_translation":"Global Market","ald_sector_translation":"Power","technology_translation":"Nuclear Power","portfolio_name_translation":"iShares Core S&P 500 ETF"},{"asset_class":"Listed Equity","equity_market":"Global Market","portfolio_name":"iShares Core S&P 500 ETF","this_portfolio":false,"ald_sector":"Power","technology":"GasCap","plan_carsten":0.0078,"sector_sum":0.0236,"sector_prcnt":0.3291,"cumsum":0.0109,"sector_cumprcnt":0.4609,"green":false,"green_sum":0.0127,"green_prcnt":0.5391,"asset_class_translation":"Listed Equity","equity_market_translation":"Global Market","ald_sector_translation":"Power","technology_translation":"Gas Power","portfolio_name_translation":"iShares Core S&P 500 ETF"},{"asset_class":"Listed Equity","equity_market":"Global Market","portfolio_name":"iShares Core S&P 500 ETF","this_portfolio":false,"ald_sector":"Power","technology":"OilCap","plan_carsten":0.0008,"sector_sum":0.0236,"sector_prcnt":0.0344,"cumsum":0.0186,"sector_cumprcnt":0.79,"green":false,"green_sum":0.0127,"green_prcnt":0.5391,"asset_class_translation":"Listed Equity","equity_market_translation":"Global Market","ald_sector_translation":"Power","technology_translation":"Oil Power","portfolio_name_translation":"iShares Core S&P 500 ETF"},{"asset_class":"Listed Equity","equity_market":"Global Market","portfolio_name":"iShares Core S&P 500 ETF","this_portfolio":false,"ald_sector":"Power","technology":"CoalCap","plan_carsten":0.0041,"sector_sum":0.0236,"sector_prcnt":0.1756,"cumsum":0.0194,"sector_cumprcnt":0.8244,"green":false,"green_sum":0.0127,"green_prcnt":0.5391,"asset_class_translation":"Listed Equity","equity_market_translation":"Global Market","ald_sector_translation":"Power","technology_translation":"Coal Power","portfolio_name_translation":"iShares Core S&P 500 ETF"},{"asset_class":"Listed Equity","equity_market":"Global Market","portfolio_name":"iShares Core S&P 500 ETF","this_portfolio":false,"ald_sector":"Oil&Gas","technology":"Oil","plan_carsten":0.0153,"sector_sum":0.0256,"sector_prcnt":0.6002,"cumsum":0,"sector_cumprcnt":0,"green":false,"green_sum":0.0256,"green_prcnt":1,"asset_class_translation":"Listed Equity","equity_market_translation":"Global Market","ald_sector_translation":"Oil & Gas","technology_translation":"Oil","portfolio_name_translation":"iShares Core S&P 500 ETF"},{"asset_class":"Listed Equity","equity_market":"Global Market","portfolio_name":"iShares Core S&P 500 ETF","this_portfolio":false,"ald_sector":"Oil&Gas","technology":"Gas","plan_carsten":0.0102,"sector_sum":0.0256,"sector_prcnt":0.3998,"cumsum":0.0153,"sector_cumprcnt":0.6002,"green":false,"green_sum":0.0256,"green_prcnt":1,"asset_class_translation":"Listed Equity","equity_market_translation":"Global Market","ald_sector_translation":"Oil & Gas","technology_translation":"Gas","portfolio_name_translation":"iShares Core S&P 500 ETF"},{"asset_class":"Listed Equity","equity_market":"Global Market","portfolio_name":"iShares MSCI ACWI ETF","this_portfolio":false,"ald_sector":"Power","technology":"RenewablesCap","plan_carsten":0.0084,"sector_sum":0.0284,"sector_prcnt":0.2952,"cumsum":0,"sector_cumprcnt":0,"green":true,"green_sum":0.0134,"green_prcnt":0.4733,"asset_class_translation":"Listed Equity","equity_market_translation":"Global Market","ald_sector_translation":"Power","technology_translation":"Renewables","portfolio_name_translation":"iShares MSCI ACWI ETF"},{"asset_class":"Listed Equity","equity_market":"Global Market","portfolio_name":"iShares MSCI ACWI ETF","this_portfolio":false,"ald_sector":"Power","technology":"HydroCap","plan_carsten":0.0026,"sector_sum":0.0284,"sector_prcnt":0.0931,"cumsum":0.0084,"sector_cumprcnt":0.2952,"green":true,"green_sum":0.0134,"green_prcnt":0.4733,"asset_class_translation":"Listed Equity","equity_market_translation":"Global Market","ald_sector_translation":"Power","technology_translation":"Hydropower","portfolio_name_translation":"iShares MSCI ACWI ETF"},{"asset_class":"Listed Equity","equity_market":"Global Market","portfolio_name":"iShares MSCI ACWI ETF","this_portfolio":false,"ald_sector":"Power","technology":"NuclearCap","plan_carsten":0.0024,"sector_sum":0.0284,"sector_prcnt":0.085,"cumsum":0.011,"sector_cumprcnt":0.3883,"green":true,"green_sum":0.0134,"green_prcnt":0.4733,"asset_class_translation":"Listed Equity","equity_market_translation":"Global Market","ald_sector_translation":"Power","technology_translation":"Nuclear Power","portfolio_name_translation":"iShares MSCI ACWI ETF"},{"asset_class":"Listed Equity","equity_market":"Global Market","portfolio_name":"iShares MSCI ACWI ETF","this_portfolio":false,"ald_sector":"Power","technology":"GasCap","plan_carsten":0.0086,"sector_sum":0.0284,"sector_prcnt":0.3024,"cumsum":0.0134,"sector_cumprcnt":0.4733,"green":false,"green_sum":0.0149,"green_prcnt":0.5267,"asset_class_translation":"Listed Equity","equity_market_translation":"Global Market","ald_sector_translation":"Power","technology_translation":"Gas Power","portfolio_name_translation":"iShares MSCI ACWI ETF"},{"asset_class":"Listed Equity","equity_market":"Global Market","portfolio_name":"iShares MSCI ACWI ETF","this_portfolio":false,"ald_sector":"Power","technology":"OilCap","plan_carsten":0.0011,"sector_sum":0.0284,"sector_prcnt":0.0403,"cumsum":0.022,"sector_cumprcnt":0.7757,"green":false,"green_sum":0.0149,"green_prcnt":0.5267,"asset_class_translation":"Listed Equity","equity_market_translation":"Global Market","ald_sector_translation":"Power","technology_translation":"Oil Power","portfolio_name_translation":"iShares MSCI ACWI ETF"},{"asset_class":"Listed Equity","equity_market":"Global Market","portfolio_name":"iShares MSCI ACWI ETF","this_portfolio":false,"ald_sector":"Power","technology":"CoalCap","plan_carsten":0.0052,"sector_sum":0.0284,"sector_prcnt":0.1839,"cumsum":0.0232,"sector_cumprcnt":0.8161,"green":false,"green_sum":0.0149,"green_prcnt":0.5267,"asset_class_translation":"Listed Equity","equity_market_translation":"Global Market","ald_sector_translation":"Power","technology_translation":"Coal Power","portfolio_name_translation":"iShares MSCI ACWI ETF"},{"asset_class":"Listed Equity","equity_market":"Global Market","portfolio_name":"iShares MSCI ACWI ETF","this_portfolio":false,"ald_sector":"Oil&Gas","technology":"Oil","plan_carsten":0.02,"sector_sum":0.0354,"sector_prcnt":0.5651,"cumsum":0,"sector_cumprcnt":0,"green":false,"green_sum":0.0354,"green_prcnt":1,"asset_class_translation":"Listed Equity","equity_market_translation":"Global Market","ald_sector_translation":"Oil & Gas","technology_translation":"Oil","portfolio_name_translation":"iShares MSCI ACWI ETF"},{"asset_class":"Listed Equity","equity_market":"Global Market","portfolio_name":"iShares MSCI ACWI ETF","this_portfolio":false,"ald_sector":"Oil&Gas","technology":"Gas","plan_carsten":0.0154,"sector_sum":0.0354,"sector_prcnt":0.4349,"cumsum":0.02,"sector_cumprcnt":0.5651,"green":false,"green_sum":0.0354,"green_prcnt":1,"asset_class_translation":"Listed Equity","equity_market_translation":"Global Market","ald_sector_translation":"Oil & Gas","technology_translation":"Gas","portfolio_name_translation":"iShares MSCI ACWI ETF"},{"asset_class":"Listed Equity","equity_market":"Global Market","portfolio_name":"iShares MSCI EM UCITS ETF USD (Acc)","this_portfolio":false,"ald_sector":"Power","technology":"RenewablesCap","plan_carsten":0.0071,"sector_sum":0.0342,"sector_prcnt":0.2065,"cumsum":0,"sector_cumprcnt":0,"green":true,"green_sum":0.0172,"green_prcnt":0.503,"asset_class_translation":"Listed Equity","equity_market_translation":"Global Market","ald_sector_translation":"Power","technology_translation":"Renewables","portfolio_name_translation":"iShares MSCI EM UCITS ETF USD (Acc)"},{"asset_class":"Listed Equity","equity_market":"Global Market","portfolio_name":"iShares MSCI EM UCITS ETF USD (Acc)","this_portfolio":false,"ald_sector":"Power","technology":"HydroCap","plan_carsten":0.0094,"sector_sum":0.0342,"sector_prcnt":0.2748,"cumsum":0.0071,"sector_cumprcnt":0.2065,"green":true,"green_sum":0.0172,"green_prcnt":0.503,"asset_class_translation":"Listed Equity","equity_market_translation":"Global Market","ald_sector_translation":"Power","technology_translation":"Hydropower","portfolio_name_translation":"iShares MSCI EM UCITS ETF USD (Acc)"},{"asset_class":"Listed Equity","equity_market":"Global Market","portfolio_name":"iShares MSCI EM UCITS ETF USD (Acc)","this_portfolio":false,"ald_sector":"Power","technology":"NuclearCap","plan_carsten":0.0007,"sector_sum":0.0342,"sector_prcnt":0.0217,"cumsum":0.0165,"sector_cumprcnt":0.4813,"green":true,"green_sum":0.0172,"green_prcnt":0.503,"asset_class_translation":"Listed Equity","equity_market_translation":"Global Market","ald_sector_translation":"Power","technology_translation":"Nuclear Power","portfolio_name_translation":"iShares MSCI EM UCITS ETF USD (Acc)"},{"asset_class":"Listed Equity","equity_market":"Global Market","portfolio_name":"iShares MSCI EM UCITS ETF USD (Acc)","this_portfolio":false,"ald_sector":"Power","technology":"GasCap","plan_carsten":0.0072,"sector_sum":0.0342,"sector_prcnt":0.2103,"cumsum":0.0172,"sector_cumprcnt":0.503,"green":false,"green_sum":0.017,"green_prcnt":0.497,"asset_class_translation":"Listed Equity","equity_market_translation":"Global Market","ald_sector_translation":"Power","technology_translation":"Gas Power","portfolio_name_translation":"iShares MSCI EM UCITS ETF USD (Acc)"},{"asset_class":"Listed Equity","equity_market":"Global Market","portfolio_name":"iShares MSCI EM UCITS ETF USD (Acc)","this_portfolio":false,"ald_sector":"Power","technology":"OilCap","plan_carsten":0.0021,"sector_sum":0.0342,"sector_prcnt":0.0614,"cumsum":0.0244,"sector_cumprcnt":0.7133,"green":false,"green_sum":0.017,"green_prcnt":0.497,"asset_class_translation":"Listed Equity","equity_market_translation":"Global Market","ald_sector_translation":"Power","technology_translation":"Oil Power","portfolio_name_translation":"iShares MSCI EM UCITS ETF USD (Acc)"},{"asset_class":"Listed Equity","equity_market":"Global Market","portfolio_name":"iShares MSCI EM UCITS ETF USD (Acc)","this_portfolio":false,"ald_sector":"Power","technology":"CoalCap","plan_carsten":0.0077,"sector_sum":0.0342,"sector_prcnt":0.2252,"cumsum":0.0265,"sector_cumprcnt":0.7748,"green":false,"green_sum":0.017,"green_prcnt":0.497,"asset_class_translation":"Listed Equity","equity_market_translation":"Global Market","ald_sector_translation":"Power","technology_translation":"Coal Power","portfolio_name_translation":"iShares MSCI EM UCITS ETF USD (Acc)"},{"asset_class":"Listed Equity","equity_market":"Global Market","portfolio_name":"iShares MSCI EM UCITS ETF USD (Acc)","this_portfolio":false,"ald_sector":"Oil&Gas","technology":"Oil","plan_carsten":0.0361,"sector_sum":0.0454,"sector_prcnt":0.7959,"cumsum":0,"sector_cumprcnt":0,"green":false,"green_sum":0.0454,"green_prcnt":1,"asset_class_translation":"Listed Equity","equity_market_translation":"Global Market","ald_sector_translation":"Oil & Gas","technology_translation":"Oil","portfolio_name_translation":"iShares MSCI EM UCITS ETF USD (Acc)"},{"asset_class":"Listed Equity","equity_market":"Global Market","portfolio_name":"iShares MSCI EM UCITS ETF USD (Acc)","this_portfolio":false,"ald_sector":"Oil&Gas","technology":"Gas","plan_carsten":0.0093,"sector_sum":0.0454,"sector_prcnt":0.2041,"cumsum":0.0361,"sector_cumprcnt":0.7959,"green":false,"green_sum":0.0454,"green_prcnt":1,"asset_class_translation":"Listed Equity","equity_market_translation":"Global Market","ald_sector_translation":"Oil & Gas","technology_translation":"Gas","portfolio_name_translation":"iShares MSCI EM UCITS ETF USD (Acc)"},{"asset_class":"Listed Equity","equity_market":"Global Market","portfolio_name":"iShares MSCI World ETF","this_portfolio":false,"ald_sector":"Power","technology":"RenewablesCap","plan_carsten":0.0085,"sector_sum":0.0282,"sector_prcnt":0.3016,"cumsum":0,"sector_cumprcnt":0,"green":true,"green_sum":0.0134,"green_prcnt":0.477,"asset_class_translation":"Listed Equity","equity_market_translation":"Global Market","ald_sector_translation":"Power","technology_translation":"Renewables","portfolio_name_translation":"iShares MSCI World ETF"},{"asset_class":"Listed Equity","equity_market":"Global Market","portfolio_name":"iShares MSCI World ETF","this_portfolio":false,"ald_sector":"Power","technology":"HydroCap","plan_carsten":0.0023,"sector_sum":0.0282,"sector_prcnt":0.0829,"cumsum":0.0085,"sector_cumprcnt":0.3016,"green":true,"green_sum":0.0134,"green_prcnt":0.477,"asset_class_translation":"Listed Equity","equity_market_translation":"Global Market","ald_sector_translation":"Power","technology_translation":"Hydropower","portfolio_name_translation":"iShares MSCI World ETF"},{"asset_class":"Listed Equity","equity_market":"Global Market","portfolio_name":"iShares MSCI World ETF","this_portfolio":false,"ald_sector":"Power","technology":"NuclearCap","plan_carsten":0.0026,"sector_sum":0.0282,"sector_prcnt":0.0925,"cumsum":0.0108,"sector_cumprcnt":0.3845,"green":true,"green_sum":0.0134,"green_prcnt":0.477,"asset_class_translation":"Listed Equity","equity_market_translation":"Global Market","ald_sector_translation":"Power","technology_translation":"Nuclear Power","portfolio_name_translation":"iShares MSCI World ETF"},{"asset_class":"Listed Equity","equity_market":"Global Market","portfolio_name":"iShares MSCI World ETF","this_portfolio":false,"ald_sector":"Power","technology":"GasCap","plan_carsten":0.0086,"sector_sum":0.0282,"sector_prcnt":0.3045,"cumsum":0.0134,"sector_cumprcnt":0.477,"green":false,"green_sum":0.0147,"green_prcnt":0.523,"asset_class_translation":"Listed Equity","equity_market_translation":"Global Market","ald_sector_translation":"Power","technology_translation":"Gas Power","portfolio_name_translation":"iShares MSCI World ETF"},{"asset_class":"Listed Equity","equity_market":"Global Market","portfolio_name":"iShares MSCI World ETF","this_portfolio":false,"ald_sector":"Power","technology":"OilCap","plan_carsten":0.0011,"sector_sum":0.0282,"sector_prcnt":0.0408,"cumsum":0.022,"sector_cumprcnt":0.7815,"green":false,"green_sum":0.0147,"green_prcnt":0.523,"asset_class_translation":"Listed Equity","equity_market_translation":"Global Market","ald_sector_translation":"Power","technology_translation":"Oil Power","portfolio_name_translation":"iShares MSCI World ETF"},{"asset_class":"Listed Equity","equity_market":"Global Market","portfolio_name":"iShares MSCI World ETF","this_portfolio":false,"ald_sector":"Power","technology":"CoalCap","plan_carsten":0.005,"sector_sum":0.0282,"sector_prcnt":0.1778,"cumsum":0.0232,"sector_cumprcnt":0.8222,"green":false,"green_sum":0.0147,"green_prcnt":0.523,"asset_class_translation":"Listed Equity","equity_market_translation":"Global Market","ald_sector_translation":"Power","technology_translation":"Coal Power","portfolio_name_translation":"iShares MSCI World ETF"},{"asset_class":"Listed Equity","equity_market":"Global Market","portfolio_name":"iShares MSCI World ETF","this_portfolio":false,"ald_sector":"Oil&Gas","technology":"Oil","plan_carsten":0.0189,"sector_sum":0.0333,"sector_prcnt":0.5692,"cumsum":0,"sector_cumprcnt":0,"green":false,"green_sum":0.0333,"green_prcnt":1,"asset_class_translation":"Listed Equity","equity_market_translation":"Global Market","ald_sector_translation":"Oil & Gas","technology_translation":"Oil","portfolio_name_translation":"iShares MSCI World ETF"},{"asset_class":"Listed Equity","equity_market":"Global Market","portfolio_name":"iShares MSCI World ETF","this_portfolio":false,"ald_sector":"Oil&Gas","technology":"Gas","plan_carsten":0.0143,"sector_sum":0.0333,"sector_prcnt":0.4308,"cumsum":0.0189,"sector_cumprcnt":0.5692,"green":false,"green_sum":0.0333,"green_prcnt":1,"asset_class_translation":"Listed Equity","equity_market_translation":"Global Market","ald_sector_translation":"Oil & Gas","technology_translation":"Gas","portfolio_name_translation":"iShares MSCI World ETF"}]
