[{"id":"Portfolio","ald_sector":"Power","technology":"CoalCap","plan_tech_share":0,"port_weight":1,"scenario":"1.5C","scenario_source":"GECO2023","allocation":"ownership_weight","year":2028,"asset_class":"Listed Equity","ald_sector_translation":"Power","asset_class_translation":"Listed Equity","technology_translation":"Coal Power","id_translation":"Portfolio"},{"id":"Aligned* Portfolio","ald_sector":"Power","technology":"CoalCap","plan_tech_share":0,"port_weight":1,"scenario":"1.5C","scenario_source":"GECO2023","allocation":"ownership_weight","year":2028,"asset_class":"Listed Equity","ald_sector_translation":"Power","asset_class_translation":"Listed Equity","technology_translation":"Coal Power","id_translation":"Aligned* Portfolio"},{"id":"Portfolio","ald_sector":"Power","technology":"GasCap","plan_tech_share":0.3857,"port_weight":1,"scenario":"1.5C","scenario_source":"GECO2023","allocation":"ownership_weight","year":2028,"asset_class":"Listed Equity","ald_sector_translation":"Power","asset_class_translation":"Listed Equity","technology_translation":"Gas Power","id_translation":"Portfolio"},{"id":"Aligned* Portfolio","ald_sector":"Power","technology":"GasCap","plan_tech_share":0.3827,"port_weight":1,"scenario":"1.5C","scenario_source":"GECO2023","allocation":"ownership_weight","year":2028,"asset_class":"Listed Equity","ald_sector_translation":"Power","asset_class_translation":"Listed Equity","technology_translation":"Gas Power","id_translation":"Aligned* Portfolio"},{"id":"Portfolio","ald_sector":"Power","technology":"HydroCap","plan_tech_share":0,"port_weight":1,"scenario":"1.5C","scenario_source":"GECO2023","allocation":"ownership_weight","year":2028,"asset_class":"Listed Equity","ald_sector_translation":"Power","asset_class_translation":"Listed Equity","technology_translation":"Hydropower","id_translation":"Portfolio"},{"id":"Aligned* Portfolio","ald_sector":"Power","technology":"HydroCap","plan_tech_share":0.033,"port_weight":1,"scenario":"1.5C","scenario_source":"GECO2023","allocation":"ownership_weight","year":2028,"asset_class":"Listed Equity","ald_sector_translation":"Power","asset_class_translation":"Listed Equity","technology_translation":"Hydropower","id_translation":"Aligned* Portfolio"},{"id":"Portfolio","ald_sector":"Power","technology":"NuclearCap","plan_tech_share":0,"port_weight":1,"scenario":"1.5C","scenario_source":"GECO2023","allocation":"ownership_weight","year":2028,"asset_class":"Listed Equity","ald_sector_translation":"Power","asset_class_translation":"Listed Equity","technology_translation":"Nuclear Power","id_translation":"Portfolio"},{"id":"Aligned* Portfolio","ald_sector":"Power","technology":"NuclearCap","plan_tech_share":0.0029,"port_weight":1,"scenario":"1.5C","scenario_source":"GECO2023","allocation":"ownership_weight","year":2028,"asset_class":"Listed Equity","ald_sector_translation":"Power","asset_class_translation":"Listed Equity","technology_translation":"Nuclear Power","id_translation":"Aligned* Portfolio"},{"id":"Portfolio","ald_sector":"Power","technology":"OilCap","plan_tech_share":0.0212,"port_weight":1,"scenario":"1.5C","scenario_source":"GECO2023","allocation":"ownership_weight","year":2028,"asset_class":"Listed Equity","ald_sector_translation":"Power","asset_class_translation":"Listed Equity","technology_translation":"Oil Power","id_translation":"Portfolio"},{"id":"Aligned* Portfolio","ald_sector":"Power","technology":"OilCap","plan_tech_share":0.0154,"port_weight":1,"scenario":"1.5C","scenario_source":"GECO2023","allocation":"ownership_weight","year":2028,"asset_class":"Listed Equity","ald_sector_translation":"Power","asset_class_translation":"Listed Equity","technology_translation":"Oil Power","id_translation":"Aligned* Portfolio"},{"id":"Portfolio","ald_sector":"Power","technology":"RenewablesCap","plan_tech_share":0.5931,"port_weight":1,"scenario":"1.5C","scenario_source":"GECO2023","allocation":"ownership_weight","year":2028,"asset_class":"Listed Equity","ald_sector_translation":"Power","asset_class_translation":"Listed Equity","technology_translation":"Renewables","id_translation":"Portfolio"},{"id":"Aligned* Portfolio","ald_sector":"Power","technology":"RenewablesCap","plan_tech_share":0.5661,"port_weight":1,"scenario":"1.5C","scenario_source":"GECO2023","allocation":"ownership_weight","year":2028,"asset_class":"Listed Equity","ald_sector_translation":"Power","asset_class_translation":"Listed Equity","technology_translation":"Renewables","id_translation":"Aligned* Portfolio"},{"id":"Portfolio","ald_sector":"Power","technology":"CoalCap","plan_tech_share":0,"port_weight":1,"scenario":"NDC-LTS","scenario_source":"GECO2023","allocation":"ownership_weight","year":2028,"asset_class":"Listed Equity","ald_sector_translation":"Power","asset_class_translation":"Listed Equity","technology_translation":"Coal Power","id_translation":"Portfolio"},{"id":"Aligned* Portfolio","ald_sector":"Power","technology":"CoalCap","plan_tech_share":0,"port_weight":1,"scenario":"NDC-LTS","scenario_source":"GECO2023","allocation":"ownership_weight","year":2028,"asset_class":"Listed Equity","ald_sector_translation":"Power","asset_class_translation":"Listed Equity","technology_translation":"Coal Power","id_translation":"Aligned* Portfolio"},{"id":"Portfolio","ald_sector":"Power","technology":"GasCap","plan_tech_share":0.3857,"port_weight":1,"scenario":"NDC-LTS","scenario_source":"GECO2023","allocation":"ownership_weight","year":2028,"asset_class":"Listed Equity","ald_sector_translation":"Power","asset_class_translation":"Listed Equity","technology_translation":"Gas Power","id_translation":"Portfolio"},{"id":"Aligned* Portfolio","ald_sector":"Power","technology":"GasCap","plan_tech_share":0.4676,"port_weight":1,"scenario":"NDC-LTS","scenario_source":"GECO2023","allocation":"ownership_weight","year":2028,"asset_class":"Listed Equity","ald_sector_translation":"Power","asset_class_translation":"Listed Equity","technology_translation":"Gas Power","id_translation":"Aligned* Portfolio"},{"id":"Portfolio","ald_sector":"Power","technology":"HydroCap","plan_tech_share":0,"port_weight":1,"scenario":"NDC-LTS","scenario_source":"GECO2023","allocation":"ownership_weight","year":2028,"asset_class":"Listed Equity","ald_sector_translation":"Power","asset_class_translation":"Listed Equity","technology_translation":"Hydropower","id_translation":"Portfolio"},{"id":"Aligned* Portfolio","ald_sector":"Power","technology":"HydroCap","plan_tech_share":0.012,"port_weight":1,"scenario":"NDC-LTS","scenario_source":"GECO2023","allocation":"ownership_weight","year":2028,"asset_class":"Listed Equity","ald_sector_translation":"Power","asset_class_translation":"Listed Equity","technology_translation":"Hydropower","id_translation":"Aligned* Portfolio"},{"id":"Portfolio","ald_sector":"Power","technology":"NuclearCap","plan_tech_share":0,"port_weight":1,"scenario":"NDC-LTS","scenario_source":"GECO2023","allocation":"ownership_weight","year":2028,"asset_class":"Listed Equity","ald_sector_translation":"Power","asset_class_translation":"Listed Equity","technology_translation":"Nuclear Power","id_translation":"Portfolio"},{"id":"Aligned* Portfolio","ald_sector":"Power","technology":"NuclearCap","plan_tech_share":0.0029,"port_weight":1,"scenario":"NDC-LTS","scenario_source":"GECO2023","allocation":"ownership_weight","year":2028,"asset_class":"Listed Equity","ald_sector_translation":"Power","asset_class_translation":"Listed Equity","technology_translation":"Nuclear Power","id_translation":"Aligned* Portfolio"},{"id":"Portfolio","ald_sector":"Power","technology":"OilCap","plan_tech_share":0.0212,"port_weight":1,"scenario":"NDC-LTS","scenario_source":"GECO2023","allocation":"ownership_weight","year":2028,"asset_class":"Listed Equity","ald_sector_translation":"Power","asset_class_translation":"Listed Equity","technology_translation":"Oil Power","id_translation":"Portfolio"},{"id":"Aligned* Portfolio","ald_sector":"Power","technology":"OilCap","plan_tech_share":0.0163,"port_weight":1,"scenario":"NDC-LTS","scenario_source":"GECO2023","allocation":"ownership_weight","year":2028,"asset_class":"Listed Equity","ald_sector_translation":"Power","asset_class_translation":"Listed Equity","technology_translation":"Oil Power","id_translation":"Aligned* Portfolio"},{"id":"Portfolio","ald_sector":"Power","technology":"RenewablesCap","plan_tech_share":0.5931,"port_weight":1,"scenario":"NDC-LTS","scenario_source":"GECO2023","allocation":"ownership_weight","year":2028,"asset_class":"Listed Equity","ald_sector_translation":"Power","asset_class_translation":"Listed Equity","technology_translation":"Renewables","id_translation":"Portfolio"},{"id":"Aligned* Portfolio","ald_sector":"Power","technology":"RenewablesCap","plan_tech_share":0.5011,"port_weight":1,"scenario":"NDC-LTS","scenario_source":"GECO2023","allocation":"ownership_weight","year":2028,"asset_class":"Listed Equity","ald_sector_translation":"Power","asset_class_translation":"Listed Equity","technology_translation":"Renewables","id_translation":"Aligned* Portfolio"},{"id":"Portfolio","ald_sector":"Power","technology":"CoalCap","plan_tech_share":0,"port_weight":1,"scenario":"Reference","scenario_source":"GECO2023","allocation":"ownership_weight","year":2028,"asset_class":"Listed Equity","ald_sector_translation":"Power","asset_class_translation":"Listed Equity","technology_translation":"Coal Power","id_translation":"Portfolio"},{"id":"Aligned* Portfolio","ald_sector":"Power","technology":"CoalCap","plan_tech_share":0,"port_weight":1,"scenario":"Reference","scenario_source":"GECO2023","allocation":"ownership_weight","year":2028,"asset_class":"Listed Equity","ald_sector_translation":"Power","asset_class_translation":"Listed Equity","technology_translation":"Coal Power","id_translation":"Aligned* Portfolio"},{"id":"Portfolio","ald_sector":"Power","technology":"GasCap","plan_tech_share":0.3857,"port_weight":1,"scenario":"Reference","scenario_source":"GECO2023","allocation":"ownership_weight","year":2028,"asset_class":"Listed Equity","ald_sector_translation":"Power","asset_class_translation":"Listed Equity","technology_translation":"Gas Power","id_translation":"Portfolio"},{"id":"Aligned* Portfolio","ald_sector":"Power","technology":"GasCap","plan_tech_share":0.5057,"port_weight":1,"scenario":"Reference","scenario_source":"GECO2023","allocation":"ownership_weight","year":2028,"asset_class":"Listed Equity","ald_sector_translation":"Power","asset_class_translation":"Listed Equity","technology_translation":"Gas Power","id_translation":"Aligned* Portfolio"},{"id":"Portfolio","ald_sector":"Power","technology":"HydroCap","plan_tech_share":0,"port_weight":1,"scenario":"Reference","scenario_source":"GECO2023","allocation":"ownership_weight","year":2028,"asset_class":"Listed Equity","ald_sector_translation":"Power","asset_class_translation":"Listed Equity","technology_translation":"Hydropower","id_translation":"Portfolio"},{"id":"Aligned* Portfolio","ald_sector":"Power","technology":"HydroCap","plan_tech_share":0.0099,"port_weight":1,"scenario":"Reference","scenario_source":"GECO2023","allocation":"ownership_weight","year":2028,"asset_class":"Listed Equity","ald_sector_translation":"Power","asset_class_translation":"Listed Equity","technology_translation":"Hydropower","id_translation":"Aligned* Portfolio"},{"id":"Portfolio","ald_sector":"Power","technology":"NuclearCap","plan_tech_share":0,"port_weight":1,"scenario":"Reference","scenario_source":"GECO2023","allocation":"ownership_weight","year":2028,"asset_class":"Listed Equity","ald_sector_translation":"Power","asset_class_translation":"Listed Equity","technology_translation":"Nuclear Power","id_translation":"Portfolio"},{"id":"Aligned* Portfolio","ald_sector":"Power","technology":"NuclearCap","plan_tech_share":0.0029,"port_weight":1,"scenario":"Reference","scenario_source":"GECO2023","allocation":"ownership_weight","year":2028,"asset_class":"Listed Equity","ald_sector_translation":"Power","asset_class_translation":"Listed Equity","technology_translation":"Nuclear Power","id_translation":"Aligned* Portfolio"},{"id":"Portfolio","ald_sector":"Power","technology":"OilCap","plan_tech_share":0.0212,"port_weight":1,"scenario":"Reference","scenario_source":"GECO2023","allocation":"ownership_weight","year":2028,"asset_class":"Listed Equity","ald_sector_translation":"Power","asset_class_translation":"Listed Equity","technology_translation":"Oil Power","id_translation":"Portfolio"},{"id":"Aligned* Portfolio","ald_sector":"Power","technology":"OilCap","plan_tech_share":0.0169,"port_weight":1,"scenario":"Reference","scenario_source":"GECO2023","allocation":"ownership_weight","year":2028,"asset_class":"Listed Equity","ald_sector_translation":"Power","asset_class_translation":"Listed Equity","technology_translation":"Oil Power","id_translation":"Aligned* Portfolio"},{"id":"Portfolio","ald_sector":"Power","technology":"RenewablesCap","plan_tech_share":0.5931,"port_weight":1,"scenario":"Reference","scenario_source":"GECO2023","allocation":"ownership_weight","year":2028,"asset_class":"Listed Equity","ald_sector_translation":"Power","asset_class_translation":"Listed Equity","technology_translation":"Renewables","id_translation":"Portfolio"},{"id":"Aligned* Portfolio","ald_sector":"Power","technology":"RenewablesCap","plan_tech_share":0.4645,"port_weight":1,"scenario":"Reference","scenario_source":"GECO2023","allocation":"ownership_weight","year":2028,"asset_class":"Listed Equity","ald_sector_translation":"Power","asset_class_translation":"Listed Equity","technology_translation":"Renewables","id_translation":"Aligned* Portfolio"},{"id":"Portfolio","ald_sector":"Power","technology":"CoalCap","plan_tech_share":0,"port_weight":1,"scenario":"1.5°C","scenario_source":"ISF2023","allocation":"ownership_weight","year":2028,"asset_class":"Listed Equity","ald_sector_translation":"Power","asset_class_translation":"Listed Equity","technology_translation":"Coal Power","id_translation":"Portfolio"},{"id":"Aligned* Portfolio","ald_sector":"Power","technology":"CoalCap","plan_tech_share":0,"port_weight":1,"scenario":"1.5°C","scenario_source":"ISF2023","allocation":"ownership_weight","year":2028,"asset_class":"Listed Equity","ald_sector_translation":"Power","asset_class_translation":"Listed Equity","technology_translation":"Coal Power","id_translation":"Aligned* Portfolio"},{"id":"Portfolio","ald_sector":"Power","technology":"GasCap","plan_tech_share":0.3857,"port_weight":1,"scenario":"1.5°C","scenario_source":"ISF2023","allocation":"ownership_weight","year":2028,"asset_class":"Listed Equity","ald_sector_translation":"Power","asset_class_translation":"Listed Equity","technology_translation":"Gas Power","id_translation":"Portfolio"},{"id":"Aligned* Portfolio","ald_sector":"Power","technology":"GasCap","plan_tech_share":0.3408,"port_weight":1,"scenario":"1.5°C","scenario_source":"ISF2023","allocation":"ownership_weight","year":2028,"asset_class":"Listed Equity","ald_sector_translation":"Power","asset_class_translation":"Listed Equity","technology_translation":"Gas Power","id_translation":"Aligned* Portfolio"},{"id":"Portfolio","ald_sector":"Power","technology":"HydroCap","plan_tech_share":0,"port_weight":1,"scenario":"1.5°C","scenario_source":"ISF2023","allocation":"ownership_weight","year":2028,"asset_class":"Listed Equity","ald_sector_translation":"Power","asset_class_translation":"Listed Equity","technology_translation":"Hydropower","id_translation":"Portfolio"},{"id":"Aligned* Portfolio","ald_sector":"Power","technology":"HydroCap","plan_tech_share":0.0109,"port_weight":1,"scenario":"1.5°C","scenario_source":"ISF2023","allocation":"ownership_weight","year":2028,"asset_class":"Listed Equity","ald_sector_translation":"Power","asset_class_translation":"Listed Equity","technology_translation":"Hydropower","id_translation":"Aligned* Portfolio"},{"id":"Portfolio","ald_sector":"Power","technology":"NuclearCap","plan_tech_share":0,"port_weight":1,"scenario":"1.5°C","scenario_source":"ISF2023","allocation":"ownership_weight","year":2028,"asset_class":"Listed Equity","ald_sector_translation":"Power","asset_class_translation":"Listed Equity","technology_translation":"Nuclear Power","id_translation":"Portfolio"},{"id":"Aligned* Portfolio","ald_sector":"Power","technology":"NuclearCap","plan_tech_share":0,"port_weight":1,"scenario":"1.5°C","scenario_source":"ISF2023","allocation":"ownership_weight","year":2028,"asset_class":"Listed Equity","ald_sector_translation":"Power","asset_class_translation":"Listed Equity","technology_translation":"Nuclear Power","id_translation":"Aligned* Portfolio"},{"id":"Portfolio","ald_sector":"Power","technology":"OilCap","plan_tech_share":0.0212,"port_weight":1,"scenario":"1.5°C","scenario_source":"ISF2023","allocation":"ownership_weight","year":2028,"asset_class":"Listed Equity","ald_sector_translation":"Power","asset_class_translation":"Listed Equity","technology_translation":"Oil Power","id_translation":"Portfolio"},{"id":"Aligned* Portfolio","ald_sector":"Power","technology":"OilCap","plan_tech_share":0.0158,"port_weight":1,"scenario":"1.5°C","scenario_source":"ISF2023","allocation":"ownership_weight","year":2028,"asset_class":"Listed Equity","ald_sector_translation":"Power","asset_class_translation":"Listed Equity","technology_translation":"Oil Power","id_translation":"Aligned* Portfolio"},{"id":"Portfolio","ald_sector":"Power","technology":"RenewablesCap","plan_tech_share":0.5931,"port_weight":1,"scenario":"1.5°C","scenario_source":"ISF2023","allocation":"ownership_weight","year":2028,"asset_class":"Listed Equity","ald_sector_translation":"Power","asset_class_translation":"Listed Equity","technology_translation":"Renewables","id_translation":"Portfolio"},{"id":"Aligned* Portfolio","ald_sector":"Power","technology":"RenewablesCap","plan_tech_share":0.6325,"port_weight":1,"scenario":"1.5°C","scenario_source":"ISF2023","allocation":"ownership_weight","year":2028,"asset_class":"Listed Equity","ald_sector_translation":"Power","asset_class_translation":"Listed Equity","technology_translation":"Renewables","id_translation":"Aligned* Portfolio"},{"id":"Portfolio","ald_sector":"Power","technology":"CoalCap","plan_tech_share":0,"port_weight":1,"scenario":"APS","scenario_source":"WEO2023","allocation":"ownership_weight","year":2028,"asset_class":"Listed Equity","ald_sector_translation":"Power","asset_class_translation":"Listed Equity","technology_translation":"Coal Power","id_translation":"Portfolio"},{"id":"Aligned* Portfolio","ald_sector":"Power","technology":"CoalCap","plan_tech_share":0,"port_weight":1,"scenario":"APS","scenario_source":"WEO2023","allocation":"ownership_weight","year":2028,"asset_class":"Listed Equity","ald_sector_translation":"Power","asset_class_translation":"Listed Equity","technology_translation":"Coal Power","id_translation":"Aligned* Portfolio"},{"id":"Portfolio","ald_sector":"Power","technology":"GasCap","plan_tech_share":0.3857,"port_weight":1,"scenario":"APS","scenario_source":"WEO2023","allocation":"ownership_weight","year":2028,"asset_class":"Listed Equity","ald_sector_translation":"Power","asset_class_translation":"Listed Equity","technology_translation":"Gas Power","id_translation":"Portfolio"},{"id":"Aligned* Portfolio","ald_sector":"Power","technology":"GasCap","plan_tech_share":0.3943,"port_weight":1,"scenario":"APS","scenario_source":"WEO2023","allocation":"ownership_weight","year":2028,"asset_class":"Listed Equity","ald_sector_translation":"Power","asset_class_translation":"Listed Equity","technology_translation":"Gas Power","id_translation":"Aligned* Portfolio"},{"id":"Portfolio","ald_sector":"Power","technology":"HydroCap","plan_tech_share":0,"port_weight":1,"scenario":"APS","scenario_source":"WEO2023","allocation":"ownership_weight","year":2028,"asset_class":"Listed Equity","ald_sector_translation":"Power","asset_class_translation":"Listed Equity","technology_translation":"Hydropower","id_translation":"Portfolio"},{"id":"Aligned* Portfolio","ald_sector":"Power","technology":"HydroCap","plan_tech_share":0.0066,"port_weight":1,"scenario":"APS","scenario_source":"WEO2023","allocation":"ownership_weight","year":2028,"asset_class":"Listed Equity","ald_sector_translation":"Power","asset_class_translation":"Listed Equity","technology_translation":"Hydropower","id_translation":"Aligned* Portfolio"},{"id":"Portfolio","ald_sector":"Power","technology":"NuclearCap","plan_tech_share":0,"port_weight":1,"scenario":"APS","scenario_source":"WEO2023","allocation":"ownership_weight","year":2028,"asset_class":"Listed Equity","ald_sector_translation":"Power","asset_class_translation":"Listed Equity","technology_translation":"Nuclear Power","id_translation":"Portfolio"},{"id":"Aligned* Portfolio","ald_sector":"Power","technology":"NuclearCap","plan_tech_share":0.0023,"port_weight":1,"scenario":"APS","scenario_source":"WEO2023","allocation":"ownership_weight","year":2028,"asset_class":"Listed Equity","ald_sector_translation":"Power","asset_class_translation":"Listed Equity","technology_translation":"Nuclear Power","id_translation":"Aligned* Portfolio"},{"id":"Portfolio","ald_sector":"Power","technology":"OilCap","plan_tech_share":0.0212,"port_weight":1,"scenario":"APS","scenario_source":"WEO2023","allocation":"ownership_weight","year":2028,"asset_class":"Listed Equity","ald_sector_translation":"Power","asset_class_translation":"Listed Equity","technology_translation":"Oil Power","id_translation":"Portfolio"},{"id":"Aligned* Portfolio","ald_sector":"Power","technology":"OilCap","plan_tech_share":0.0132,"port_weight":1,"scenario":"APS","scenario_source":"WEO2023","allocation":"ownership_weight","year":2028,"asset_class":"Listed Equity","ald_sector_translation":"Power","asset_class_translation":"Listed Equity","technology_translation":"Oil Power","id_translation":"Aligned* Portfolio"},{"id":"Portfolio","ald_sector":"Power","technology":"RenewablesCap","plan_tech_share":0.5931,"port_weight":1,"scenario":"APS","scenario_source":"WEO2023","allocation":"ownership_weight","year":2028,"asset_class":"Listed Equity","ald_sector_translation":"Power","asset_class_translation":"Listed Equity","technology_translation":"Renewables","id_translation":"Portfolio"},{"id":"Aligned* Portfolio","ald_sector":"Power","technology":"RenewablesCap","plan_tech_share":0.5836,"port_weight":1,"scenario":"APS","scenario_source":"WEO2023","allocation":"ownership_weight","year":2028,"asset_class":"Listed Equity","ald_sector_translation":"Power","asset_class_translation":"Listed Equity","technology_translation":"Renewables","id_translation":"Aligned* Portfolio"},{"id":"Portfolio","ald_sector":"Power","technology":"CoalCap","plan_tech_share":0,"port_weight":1,"scenario":"NZE_2050","scenario_source":"WEO2023","allocation":"ownership_weight","year":2028,"asset_class":"Listed Equity","ald_sector_translation":"Power","asset_class_translation":"Listed Equity","technology_translation":"Coal Power","id_translation":"Portfolio"},{"id":"Aligned* Portfolio","ald_sector":"Power","technology":"CoalCap","plan_tech_share":0,"port_weight":1,"scenario":"NZE_2050","scenario_source":"WEO2023","allocation":"ownership_weight","year":2028,"asset_class":"Listed Equity","ald_sector_translation":"Power","asset_class_translation":"Listed Equity","technology_translation":"Coal Power","id_translation":"Aligned* Portfolio"},{"id":"Portfolio","ald_sector":"Power","technology":"GasCap","plan_tech_share":0.3857,"port_weight":1,"scenario":"NZE_2050","scenario_source":"WEO2023","allocation":"ownership_weight","year":2028,"asset_class":"Listed Equity","ald_sector_translation":"Power","asset_class_translation":"Listed Equity","technology_translation":"Gas Power","id_translation":"Portfolio"},{"id":"Aligned* Portfolio","ald_sector":"Power","technology":"GasCap","plan_tech_share":0.3588,"port_weight":1,"scenario":"NZE_2050","scenario_source":"WEO2023","allocation":"ownership_weight","year":2028,"asset_class":"Listed Equity","ald_sector_translation":"Power","asset_class_translation":"Listed Equity","technology_translation":"Gas Power","id_translation":"Aligned* Portfolio"},{"id":"Portfolio","ald_sector":"Power","technology":"HydroCap","plan_tech_share":0,"port_weight":1,"scenario":"NZE_2050","scenario_source":"WEO2023","allocation":"ownership_weight","year":2028,"asset_class":"Listed Equity","ald_sector_translation":"Power","asset_class_translation":"Listed Equity","technology_translation":"Hydropower","id_translation":"Portfolio"},{"id":"Aligned* Portfolio","ald_sector":"Power","technology":"HydroCap","plan_tech_share":0.0102,"port_weight":1,"scenario":"NZE_2050","scenario_source":"WEO2023","allocation":"ownership_weight","year":2028,"asset_class":"Listed Equity","ald_sector_translation":"Power","asset_class_translation":"Listed Equity","technology_translation":"Hydropower","id_translation":"Aligned* Portfolio"},{"id":"Portfolio","ald_sector":"Power","technology":"NuclearCap","plan_tech_share":0,"port_weight":1,"scenario":"NZE_2050","scenario_source":"WEO2023","allocation":"ownership_weight","year":2028,"asset_class":"Listed Equity","ald_sector_translation":"Power","asset_class_translation":"Listed Equity","technology_translation":"Nuclear Power","id_translation":"Portfolio"},{"id":"Aligned* Portfolio","ald_sector":"Power","technology":"NuclearCap","plan_tech_share":0.0034,"port_weight":1,"scenario":"NZE_2050","scenario_source":"WEO2023","allocation":"ownership_weight","year":2028,"asset_class":"Listed Equity","ald_sector_translation":"Power","asset_class_translation":"Listed Equity","technology_translation":"Nuclear Power","id_translation":"Aligned* Portfolio"},{"id":"Portfolio","ald_sector":"Power","technology":"OilCap","plan_tech_share":0.0212,"port_weight":1,"scenario":"NZE_2050","scenario_source":"WEO2023","allocation":"ownership_weight","year":2028,"asset_class":"Listed Equity","ald_sector_translation":"Power","asset_class_translation":"Listed Equity","technology_translation":"Oil Power","id_translation":"Portfolio"},{"id":"Aligned* Portfolio","ald_sector":"Power","technology":"OilCap","plan_tech_share":0.011,"port_weight":1,"scenario":"NZE_2050","scenario_source":"WEO2023","allocation":"ownership_weight","year":2028,"asset_class":"Listed Equity","ald_sector_translation":"Power","asset_class_translation":"Listed Equity","technology_translation":"Oil Power","id_translation":"Aligned* Portfolio"},{"id":"Portfolio","ald_sector":"Power","technology":"RenewablesCap","plan_tech_share":0.5931,"port_weight":1,"scenario":"NZE_2050","scenario_source":"WEO2023","allocation":"ownership_weight","year":2028,"asset_class":"Listed Equity","ald_sector_translation":"Power","asset_class_translation":"Listed Equity","technology_translation":"Renewables","id_translation":"Portfolio"},{"id":"Aligned* Portfolio","ald_sector":"Power","technology":"RenewablesCap","plan_tech_share":0.6166,"port_weight":1,"scenario":"NZE_2050","scenario_source":"WEO2023","allocation":"ownership_weight","year":2028,"asset_class":"Listed Equity","ald_sector_translation":"Power","asset_class_translation":"Listed Equity","technology_translation":"Renewables","id_translation":"Aligned* Portfolio"},{"id":"Portfolio","ald_sector":"Power","technology":"CoalCap","plan_tech_share":0,"port_weight":1,"scenario":"STEPS","scenario_source":"WEO2023","allocation":"ownership_weight","year":2028,"asset_class":"Listed Equity","ald_sector_translation":"Power","asset_class_translation":"Listed Equity","technology_translation":"Coal Power","id_translation":"Portfolio"},{"id":"Aligned* Portfolio","ald_sector":"Power","technology":"CoalCap","plan_tech_share":0,"port_weight":1,"scenario":"STEPS","scenario_source":"WEO2023","allocation":"ownership_weight","year":2028,"asset_class":"Listed Equity","ald_sector_translation":"Power","asset_class_translation":"Listed Equity","technology_translation":"Coal Power","id_translation":"Aligned* Portfolio"},{"id":"Portfolio","ald_sector":"Power","technology":"GasCap","plan_tech_share":0.3857,"port_weight":1,"scenario":"STEPS","scenario_source":"WEO2023","allocation":"ownership_weight","year":2028,"asset_class":"Listed Equity","ald_sector_translation":"Power","asset_class_translation":"Listed Equity","technology_translation":"Gas Power","id_translation":"Portfolio"},{"id":"Aligned* Portfolio","ald_sector":"Power","technology":"GasCap","plan_tech_share":0.4331,"port_weight":1,"scenario":"STEPS","scenario_source":"WEO2023","allocation":"ownership_weight","year":2028,"asset_class":"Listed Equity","ald_sector_translation":"Power","asset_class_translation":"Listed Equity","technology_translation":"Gas Power","id_translation":"Aligned* Portfolio"},{"id":"Portfolio","ald_sector":"Power","technology":"HydroCap","plan_tech_share":0,"port_weight":1,"scenario":"STEPS","scenario_source":"WEO2023","allocation":"ownership_weight","year":2028,"asset_class":"Listed Equity","ald_sector_translation":"Power","asset_class_translation":"Listed Equity","technology_translation":"Hydropower","id_translation":"Portfolio"},{"id":"Aligned* Portfolio","ald_sector":"Power","technology":"HydroCap","plan_tech_share":0.0055,"port_weight":1,"scenario":"STEPS","scenario_source":"WEO2023","allocation":"ownership_weight","year":2028,"asset_class":"Listed Equity","ald_sector_translation":"Power","asset_class_translation":"Listed Equity","technology_translation":"Hydropower","id_translation":"Aligned* Portfolio"},{"id":"Portfolio","ald_sector":"Power","technology":"NuclearCap","plan_tech_share":0,"port_weight":1,"scenario":"STEPS","scenario_source":"WEO2023","allocation":"ownership_weight","year":2028,"asset_class":"Listed Equity","ald_sector_translation":"Power","asset_class_translation":"Listed Equity","technology_translation":"Nuclear Power","id_translation":"Portfolio"},{"id":"Aligned* Portfolio","ald_sector":"Power","technology":"NuclearCap","plan_tech_share":0.002,"port_weight":1,"scenario":"STEPS","scenario_source":"WEO2023","allocation":"ownership_weight","year":2028,"asset_class":"Listed Equity","ald_sector_translation":"Power","asset_class_translation":"Listed Equity","technology_translation":"Nuclear Power","id_translation":"Aligned* Portfolio"},{"id":"Portfolio","ald_sector":"Power","technology":"OilCap","plan_tech_share":0.0212,"port_weight":1,"scenario":"STEPS","scenario_source":"WEO2023","allocation":"ownership_weight","year":2028,"asset_class":"Listed Equity","ald_sector_translation":"Power","asset_class_translation":"Listed Equity","technology_translation":"Oil Power","id_translation":"Portfolio"},{"id":"Aligned* Portfolio","ald_sector":"Power","technology":"OilCap","plan_tech_share":0.0143,"port_weight":1,"scenario":"STEPS","scenario_source":"WEO2023","allocation":"ownership_weight","year":2028,"asset_class":"Listed Equity","ald_sector_translation":"Power","asset_class_translation":"Listed Equity","technology_translation":"Oil Power","id_translation":"Aligned* Portfolio"},{"id":"Portfolio","ald_sector":"Power","technology":"RenewablesCap","plan_tech_share":0.5931,"port_weight":1,"scenario":"STEPS","scenario_source":"WEO2023","allocation":"ownership_weight","year":2028,"asset_class":"Listed Equity","ald_sector_translation":"Power","asset_class_translation":"Listed Equity","technology_translation":"Renewables","id_translation":"Portfolio"},{"id":"Aligned* Portfolio","ald_sector":"Power","technology":"RenewablesCap","plan_tech_share":0.5451,"port_weight":1,"scenario":"STEPS","scenario_source":"WEO2023","allocation":"ownership_weight","year":2028,"asset_class":"Listed Equity","ald_sector_translation":"Power","asset_class_translation":"Listed Equity","technology_translation":"Renewables","id_translation":"Aligned* Portfolio"}]
