[{"key":"Automotive","value":94370.7126,"exploded":true,"key_translation":"Automotive"},{"key":"Aviation","value":86423.7714,"exploded":true,"key_translation":"Aviation"},{"key":"Cement","value":1282714.5006,"exploded":true,"key_translation":"Cement"},{"key":"Coal","value":319357.1619,"exploded":true,"key_translation":"Coal"},{"key":"Oil&Gas","value":65397.3154,"exploded":true,"key_translation":"Oil&Gas"},{"key":"Power","value":35405.1237,"exploded":true,"key_translation":"Power"},{"key":"Steel","value":51528.6153,"exploded":true,"key_translation":"Steel"},{"key":"HDV","value":167256.1079,"exploded":false,"key_translation":"HDV"},{"key":"Shipping","value":120403.887,"exploded":false,"key_translation":"Shipping"}]
