[{"id":"Geely Automobile Holdings Ltd.","ald_sector":"Automotive","technology":"Electric","plan_tech_share":0.4949,"port_weight":0.0412,"allocation":"portfolio_weight","scenario_source":"WEO2023","scenario":"APS","year":2028,"asset_class":"Listed Equity","ald_sector_translation":"Automotive","asset_class_translation":"Listed Equity","technology_translation":"LDV: Electric"},{"id":"Geely Automobile Holdings Ltd.","ald_sector":"Automotive","technology":"Electric","plan_tech_share":0.4949,"port_weight":0.0412,"allocation":"portfolio_weight","scenario_source":"WEO2023","scenario":"NZE_2050","year":2028,"asset_class":"Listed Equity","ald_sector_translation":"Automotive","asset_class_translation":"Listed Equity","technology_translation":"LDV: Electric"},{"id":"Geely Automobile Holdings Ltd.","ald_sector":"Automotive","technology":"Electric","plan_tech_share":0.4949,"port_weight":0.0412,"allocation":"portfolio_weight","scenario_source":"WEO2023","scenario":"STEPS","year":2028,"asset_class":"Listed Equity","ald_sector_translation":"Automotive","asset_class_translation":"Listed Equity","technology_translation":"LDV: Electric"},{"id":"Geely Automobile Holdings Ltd.","ald_sector":"Automotive","technology":"Electric","plan_tech_share":0.4949,"port_weight":0.0412,"allocation":"ownership_weight","scenario_source":"WEO2023","scenario":"APS","year":2028,"asset_class":"Listed Equity","ald_sector_translation":"Automotive","asset_class_translation":"Listed Equity","technology_translation":"LDV: Electric"},{"id":"Geely Automobile Holdings Ltd.","ald_sector":"Automotive","technology":"Electric","plan_tech_share":0.4949,"port_weight":0.0412,"allocation":"ownership_weight","scenario_source":"WEO2023","scenario":"NZE_2050","year":2028,"asset_class":"Listed Equity","ald_sector_translation":"Automotive","asset_class_translation":"Listed Equity","technology_translation":"LDV: Electric"},{"id":"Geely Automobile Holdings Ltd.","ald_sector":"Automotive","technology":"Electric","plan_tech_share":0.4949,"port_weight":0.0412,"allocation":"ownership_weight","scenario_source":"WEO2023","scenario":"STEPS","year":2028,"asset_class":"Listed Equity","ald_sector_translation":"Automotive","asset_class_translation":"Listed Equity","technology_translation":"LDV: Electric"},{"id":"Hyundai Motor Co., Ltd.","ald_sector":"Automotive","technology":"Electric","plan_tech_share":0.1927,"port_weight":0.0399,"allocation":"portfolio_weight","scenario_source":"WEO2023","scenario":"APS","year":2028,"asset_class":"Listed Equity","ald_sector_translation":"Automotive","asset_class_translation":"Listed Equity","technology_translation":"LDV: Electric"},{"id":"Hyundai Motor Co., Ltd.","ald_sector":"Automotive","technology":"Electric","plan_tech_share":0.1927,"port_weight":0.0399,"allocation":"portfolio_weight","scenario_source":"WEO2023","scenario":"NZE_2050","year":2028,"asset_class":"Listed Equity","ald_sector_translation":"Automotive","asset_class_translation":"Listed Equity","technology_translation":"LDV: Electric"},{"id":"Hyundai Motor Co., Ltd.","ald_sector":"Automotive","technology":"Electric","plan_tech_share":0.1927,"port_weight":0.0399,"allocation":"portfolio_weight","scenario_source":"WEO2023","scenario":"STEPS","year":2028,"asset_class":"Listed Equity","ald_sector_translation":"Automotive","asset_class_translation":"Listed Equity","technology_translation":"LDV: Electric"},{"id":"Hyundai Motor Co., Ltd.","ald_sector":"Automotive","technology":"Electric","plan_tech_share":0.1927,"port_weight":0.0399,"allocation":"ownership_weight","scenario_source":"WEO2023","scenario":"APS","year":2028,"asset_class":"Listed Equity","ald_sector_translation":"Automotive","asset_class_translation":"Listed Equity","technology_translation":"LDV: Electric"},{"id":"Hyundai Motor Co., Ltd.","ald_sector":"Automotive","technology":"Electric","plan_tech_share":0.1927,"port_weight":0.0399,"allocation":"ownership_weight","scenario_source":"WEO2023","scenario":"NZE_2050","year":2028,"asset_class":"Listed Equity","ald_sector_translation":"Automotive","asset_class_translation":"Listed Equity","technology_translation":"LDV: Electric"},{"id":"Hyundai Motor Co., Ltd.","ald_sector":"Automotive","technology":"Electric","plan_tech_share":0.1927,"port_weight":0.0399,"allocation":"ownership_weight","scenario_source":"WEO2023","scenario":"STEPS","year":2028,"asset_class":"Listed Equity","ald_sector_translation":"Automotive","asset_class_translation":"Listed Equity","technology_translation":"LDV: Electric"},{"id":"Volvo AB","ald_sector":"Automotive","technology":"Electric","plan_tech_share":0.5346,"port_weight":0.0309,"allocation":"ownership_weight","scenario_source":"WEO2023","scenario":"APS","year":2028,"asset_class":"Listed Equity","ald_sector_translation":"Automotive","asset_class_translation":"Listed Equity","technology_translation":"LDV: Electric"},{"id":"Volvo AB","ald_sector":"Automotive","technology":"Electric","plan_tech_share":0.5346,"port_weight":0.0309,"allocation":"ownership_weight","scenario_source":"WEO2023","scenario":"NZE_2050","year":2028,"asset_class":"Listed Equity","ald_sector_translation":"Automotive","asset_class_translation":"Listed Equity","technology_translation":"LDV: Electric"},{"id":"Volvo AB","ald_sector":"Automotive","technology":"Electric","plan_tech_share":0.5346,"port_weight":0.0309,"allocation":"ownership_weight","scenario_source":"WEO2023","scenario":"STEPS","year":2028,"asset_class":"Listed Equity","ald_sector_translation":"Automotive","asset_class_translation":"Listed Equity","technology_translation":"LDV: Electric"},{"id":"Geely Automobile Holdings Ltd.","ald_sector":"Automotive","technology":"FuelCell","plan_tech_share":0,"port_weight":0.0412,"allocation":"portfolio_weight","scenario_source":"WEO2023","scenario":"APS","year":2028,"asset_class":"Listed Equity","ald_sector_translation":"Automotive","asset_class_translation":"Listed Equity","technology_translation":"LDV: Fuel Cell"},{"id":"Geely Automobile Holdings Ltd.","ald_sector":"Automotive","technology":"FuelCell","plan_tech_share":0,"port_weight":0.0412,"allocation":"portfolio_weight","scenario_source":"WEO2023","scenario":"NZE_2050","year":2028,"asset_class":"Listed Equity","ald_sector_translation":"Automotive","asset_class_translation":"Listed Equity","technology_translation":"LDV: Fuel Cell"},{"id":"Geely Automobile Holdings Ltd.","ald_sector":"Automotive","technology":"FuelCell","plan_tech_share":0,"port_weight":0.0412,"allocation":"portfolio_weight","scenario_source":"WEO2023","scenario":"STEPS","year":2028,"asset_class":"Listed Equity","ald_sector_translation":"Automotive","asset_class_translation":"Listed Equity","technology_translation":"LDV: Fuel Cell"},{"id":"Geely Automobile Holdings Ltd.","ald_sector":"Automotive","technology":"FuelCell","plan_tech_share":0,"port_weight":0.0412,"allocation":"ownership_weight","scenario_source":"WEO2023","scenario":"APS","year":2028,"asset_class":"Listed Equity","ald_sector_translation":"Automotive","asset_class_translation":"Listed Equity","technology_translation":"LDV: Fuel Cell"},{"id":"Geely Automobile Holdings Ltd.","ald_sector":"Automotive","technology":"FuelCell","plan_tech_share":0,"port_weight":0.0412,"allocation":"ownership_weight","scenario_source":"WEO2023","scenario":"NZE_2050","year":2028,"asset_class":"Listed Equity","ald_sector_translation":"Automotive","asset_class_translation":"Listed Equity","technology_translation":"LDV: Fuel Cell"},{"id":"Geely Automobile Holdings Ltd.","ald_sector":"Automotive","technology":"FuelCell","plan_tech_share":0,"port_weight":0.0412,"allocation":"ownership_weight","scenario_source":"WEO2023","scenario":"STEPS","year":2028,"asset_class":"Listed Equity","ald_sector_translation":"Automotive","asset_class_translation":"Listed Equity","technology_translation":"LDV: Fuel Cell"},{"id":"Hyundai Motor Co., Ltd.","ald_sector":"Automotive","technology":"FuelCell","plan_tech_share":0.001,"port_weight":0.0399,"allocation":"portfolio_weight","scenario_source":"WEO2023","scenario":"APS","year":2028,"asset_class":"Listed Equity","ald_sector_translation":"Automotive","asset_class_translation":"Listed Equity","technology_translation":"LDV: Fuel Cell"},{"id":"Hyundai Motor Co., Ltd.","ald_sector":"Automotive","technology":"FuelCell","plan_tech_share":0.001,"port_weight":0.0399,"allocation":"portfolio_weight","scenario_source":"WEO2023","scenario":"NZE_2050","year":2028,"asset_class":"Listed Equity","ald_sector_translation":"Automotive","asset_class_translation":"Listed Equity","technology_translation":"LDV: Fuel Cell"},{"id":"Hyundai Motor Co., Ltd.","ald_sector":"Automotive","technology":"FuelCell","plan_tech_share":0.001,"port_weight":0.0399,"allocation":"portfolio_weight","scenario_source":"WEO2023","scenario":"STEPS","year":2028,"asset_class":"Listed Equity","ald_sector_translation":"Automotive","asset_class_translation":"Listed Equity","technology_translation":"LDV: Fuel Cell"},{"id":"Hyundai Motor Co., Ltd.","ald_sector":"Automotive","technology":"FuelCell","plan_tech_share":0.001,"port_weight":0.0399,"allocation":"ownership_weight","scenario_source":"WEO2023","scenario":"APS","year":2028,"asset_class":"Listed Equity","ald_sector_translation":"Automotive","asset_class_translation":"Listed Equity","technology_translation":"LDV: Fuel Cell"},{"id":"Hyundai Motor Co., Ltd.","ald_sector":"Automotive","technology":"FuelCell","plan_tech_share":0.001,"port_weight":0.0399,"allocation":"ownership_weight","scenario_source":"WEO2023","scenario":"NZE_2050","year":2028,"asset_class":"Listed Equity","ald_sector_translation":"Automotive","asset_class_translation":"Listed Equity","technology_translation":"LDV: Fuel Cell"},{"id":"Hyundai Motor Co., Ltd.","ald_sector":"Automotive","technology":"FuelCell","plan_tech_share":0.001,"port_weight":0.0399,"allocation":"ownership_weight","scenario_source":"WEO2023","scenario":"STEPS","year":2028,"asset_class":"Listed Equity","ald_sector_translation":"Automotive","asset_class_translation":"Listed Equity","technology_translation":"LDV: Fuel Cell"},{"id":"Volvo AB","ald_sector":"Automotive","technology":"FuelCell","plan_tech_share":0,"port_weight":0.0309,"allocation":"ownership_weight","scenario_source":"WEO2023","scenario":"APS","year":2028,"asset_class":"Listed Equity","ald_sector_translation":"Automotive","asset_class_translation":"Listed Equity","technology_translation":"LDV: Fuel Cell"},{"id":"Volvo AB","ald_sector":"Automotive","technology":"FuelCell","plan_tech_share":0,"port_weight":0.0309,"allocation":"ownership_weight","scenario_source":"WEO2023","scenario":"NZE_2050","year":2028,"asset_class":"Listed Equity","ald_sector_translation":"Automotive","asset_class_translation":"Listed Equity","technology_translation":"LDV: Fuel Cell"},{"id":"Volvo AB","ald_sector":"Automotive","technology":"FuelCell","plan_tech_share":0,"port_weight":0.0309,"allocation":"ownership_weight","scenario_source":"WEO2023","scenario":"STEPS","year":2028,"asset_class":"Listed Equity","ald_sector_translation":"Automotive","asset_class_translation":"Listed Equity","technology_translation":"LDV: Fuel Cell"},{"id":"Geely Automobile Holdings Ltd.","ald_sector":"Automotive","technology":"Hybrid","plan_tech_share":0.1417,"port_weight":0.0412,"allocation":"portfolio_weight","scenario_source":"WEO2023","scenario":"APS","year":2028,"asset_class":"Listed Equity","ald_sector_translation":"Automotive","asset_class_translation":"Listed Equity","technology_translation":"LDV: Hybrid"},{"id":"Geely Automobile Holdings Ltd.","ald_sector":"Automotive","technology":"Hybrid","plan_tech_share":0.1417,"port_weight":0.0412,"allocation":"portfolio_weight","scenario_source":"WEO2023","scenario":"NZE_2050","year":2028,"asset_class":"Listed Equity","ald_sector_translation":"Automotive","asset_class_translation":"Listed Equity","technology_translation":"LDV: Hybrid"},{"id":"Geely Automobile Holdings Ltd.","ald_sector":"Automotive","technology":"Hybrid","plan_tech_share":0.1417,"port_weight":0.0412,"allocation":"portfolio_weight","scenario_source":"WEO2023","scenario":"STEPS","year":2028,"asset_class":"Listed Equity","ald_sector_translation":"Automotive","asset_class_translation":"Listed Equity","technology_translation":"LDV: Hybrid"},{"id":"Geely Automobile Holdings Ltd.","ald_sector":"Automotive","technology":"Hybrid","plan_tech_share":0.1417,"port_weight":0.0412,"allocation":"ownership_weight","scenario_source":"WEO2023","scenario":"APS","year":2028,"asset_class":"Listed Equity","ald_sector_translation":"Automotive","asset_class_translation":"Listed Equity","technology_translation":"LDV: Hybrid"},{"id":"Geely Automobile Holdings Ltd.","ald_sector":"Automotive","technology":"Hybrid","plan_tech_share":0.1417,"port_weight":0.0412,"allocation":"ownership_weight","scenario_source":"WEO2023","scenario":"NZE_2050","year":2028,"asset_class":"Listed Equity","ald_sector_translation":"Automotive","asset_class_translation":"Listed Equity","technology_translation":"LDV: Hybrid"},{"id":"Geely Automobile Holdings Ltd.","ald_sector":"Automotive","technology":"Hybrid","plan_tech_share":0.1417,"port_weight":0.0412,"allocation":"ownership_weight","scenario_source":"WEO2023","scenario":"STEPS","year":2028,"asset_class":"Listed Equity","ald_sector_translation":"Automotive","asset_class_translation":"Listed Equity","technology_translation":"LDV: Hybrid"},{"id":"Hyundai Motor Co., Ltd.","ald_sector":"Automotive","technology":"Hybrid","plan_tech_share":0.0107,"port_weight":0.0399,"allocation":"portfolio_weight","scenario_source":"WEO2023","scenario":"APS","year":2028,"asset_class":"Listed Equity","ald_sector_translation":"Automotive","asset_class_translation":"Listed Equity","technology_translation":"LDV: Hybrid"},{"id":"Hyundai Motor Co., Ltd.","ald_sector":"Automotive","technology":"Hybrid","plan_tech_share":0.0107,"port_weight":0.0399,"allocation":"portfolio_weight","scenario_source":"WEO2023","scenario":"NZE_2050","year":2028,"asset_class":"Listed Equity","ald_sector_translation":"Automotive","asset_class_translation":"Listed Equity","technology_translation":"LDV: Hybrid"},{"id":"Hyundai Motor Co., Ltd.","ald_sector":"Automotive","technology":"Hybrid","plan_tech_share":0.0107,"port_weight":0.0399,"allocation":"portfolio_weight","scenario_source":"WEO2023","scenario":"STEPS","year":2028,"asset_class":"Listed Equity","ald_sector_translation":"Automotive","asset_class_translation":"Listed Equity","technology_translation":"LDV: Hybrid"},{"id":"Hyundai Motor Co., Ltd.","ald_sector":"Automotive","technology":"Hybrid","plan_tech_share":0.0107,"port_weight":0.0399,"allocation":"ownership_weight","scenario_source":"WEO2023","scenario":"APS","year":2028,"asset_class":"Listed Equity","ald_sector_translation":"Automotive","asset_class_translation":"Listed Equity","technology_translation":"LDV: Hybrid"},{"id":"Hyundai Motor Co., Ltd.","ald_sector":"Automotive","technology":"Hybrid","plan_tech_share":0.0107,"port_weight":0.0399,"allocation":"ownership_weight","scenario_source":"WEO2023","scenario":"NZE_2050","year":2028,"asset_class":"Listed Equity","ald_sector_translation":"Automotive","asset_class_translation":"Listed Equity","technology_translation":"LDV: Hybrid"},{"id":"Hyundai Motor Co., Ltd.","ald_sector":"Automotive","technology":"Hybrid","plan_tech_share":0.0107,"port_weight":0.0399,"allocation":"ownership_weight","scenario_source":"WEO2023","scenario":"STEPS","year":2028,"asset_class":"Listed Equity","ald_sector_translation":"Automotive","asset_class_translation":"Listed Equity","technology_translation":"LDV: Hybrid"},{"id":"Volvo AB","ald_sector":"Automotive","technology":"Hybrid","plan_tech_share":0,"port_weight":0.0309,"allocation":"ownership_weight","scenario_source":"WEO2023","scenario":"APS","year":2028,"asset_class":"Listed Equity","ald_sector_translation":"Automotive","asset_class_translation":"Listed Equity","technology_translation":"LDV: Hybrid"},{"id":"Volvo AB","ald_sector":"Automotive","technology":"Hybrid","plan_tech_share":0,"port_weight":0.0309,"allocation":"ownership_weight","scenario_source":"WEO2023","scenario":"NZE_2050","year":2028,"asset_class":"Listed Equity","ald_sector_translation":"Automotive","asset_class_translation":"Listed Equity","technology_translation":"LDV: Hybrid"},{"id":"Volvo AB","ald_sector":"Automotive","technology":"Hybrid","plan_tech_share":0,"port_weight":0.0309,"allocation":"ownership_weight","scenario_source":"WEO2023","scenario":"STEPS","year":2028,"asset_class":"Listed Equity","ald_sector_translation":"Automotive","asset_class_translation":"Listed Equity","technology_translation":"LDV: Hybrid"},{"id":"Geely Automobile Holdings Ltd.","ald_sector":"Automotive","technology":"ICE","plan_tech_share":0.3634,"port_weight":0.0412,"allocation":"portfolio_weight","scenario_source":"WEO2023","scenario":"APS","year":2028,"asset_class":"Listed Equity","ald_sector_translation":"Automotive","asset_class_translation":"Listed Equity","technology_translation":"LDV: ICE"},{"id":"Geely Automobile Holdings Ltd.","ald_sector":"Automotive","technology":"ICE","plan_tech_share":0.3634,"port_weight":0.0412,"allocation":"portfolio_weight","scenario_source":"WEO2023","scenario":"NZE_2050","year":2028,"asset_class":"Listed Equity","ald_sector_translation":"Automotive","asset_class_translation":"Listed Equity","technology_translation":"LDV: ICE"},{"id":"Geely Automobile Holdings Ltd.","ald_sector":"Automotive","technology":"ICE","plan_tech_share":0.3634,"port_weight":0.0412,"allocation":"portfolio_weight","scenario_source":"WEO2023","scenario":"STEPS","year":2028,"asset_class":"Listed Equity","ald_sector_translation":"Automotive","asset_class_translation":"Listed Equity","technology_translation":"LDV: ICE"},{"id":"Geely Automobile Holdings Ltd.","ald_sector":"Automotive","technology":"ICE","plan_tech_share":0.3634,"port_weight":0.0412,"allocation":"ownership_weight","scenario_source":"WEO2023","scenario":"APS","year":2028,"asset_class":"Listed Equity","ald_sector_translation":"Automotive","asset_class_translation":"Listed Equity","technology_translation":"LDV: ICE"},{"id":"Geely Automobile Holdings Ltd.","ald_sector":"Automotive","technology":"ICE","plan_tech_share":0.3634,"port_weight":0.0412,"allocation":"ownership_weight","scenario_source":"WEO2023","scenario":"NZE_2050","year":2028,"asset_class":"Listed Equity","ald_sector_translation":"Automotive","asset_class_translation":"Listed Equity","technology_translation":"LDV: ICE"},{"id":"Geely Automobile Holdings Ltd.","ald_sector":"Automotive","technology":"ICE","plan_tech_share":0.3634,"port_weight":0.0412,"allocation":"ownership_weight","scenario_source":"WEO2023","scenario":"STEPS","year":2028,"asset_class":"Listed Equity","ald_sector_translation":"Automotive","asset_class_translation":"Listed Equity","technology_translation":"LDV: ICE"},{"id":"Hyundai Motor Co., Ltd.","ald_sector":"Automotive","technology":"ICE","plan_tech_share":0.7956,"port_weight":0.0399,"allocation":"portfolio_weight","scenario_source":"WEO2023","scenario":"APS","year":2028,"asset_class":"Listed Equity","ald_sector_translation":"Automotive","asset_class_translation":"Listed Equity","technology_translation":"LDV: ICE"},{"id":"Hyundai Motor Co., Ltd.","ald_sector":"Automotive","technology":"ICE","plan_tech_share":0.7956,"port_weight":0.0399,"allocation":"portfolio_weight","scenario_source":"WEO2023","scenario":"NZE_2050","year":2028,"asset_class":"Listed Equity","ald_sector_translation":"Automotive","asset_class_translation":"Listed Equity","technology_translation":"LDV: ICE"},{"id":"Hyundai Motor Co., Ltd.","ald_sector":"Automotive","technology":"ICE","plan_tech_share":0.7956,"port_weight":0.0399,"allocation":"portfolio_weight","scenario_source":"WEO2023","scenario":"STEPS","year":2028,"asset_class":"Listed Equity","ald_sector_translation":"Automotive","asset_class_translation":"Listed Equity","technology_translation":"LDV: ICE"},{"id":"Hyundai Motor Co., Ltd.","ald_sector":"Automotive","technology":"ICE","plan_tech_share":0.7956,"port_weight":0.0399,"allocation":"ownership_weight","scenario_source":"WEO2023","scenario":"APS","year":2028,"asset_class":"Listed Equity","ald_sector_translation":"Automotive","asset_class_translation":"Listed Equity","technology_translation":"LDV: ICE"},{"id":"Hyundai Motor Co., Ltd.","ald_sector":"Automotive","technology":"ICE","plan_tech_share":0.7956,"port_weight":0.0399,"allocation":"ownership_weight","scenario_source":"WEO2023","scenario":"NZE_2050","year":2028,"asset_class":"Listed Equity","ald_sector_translation":"Automotive","asset_class_translation":"Listed Equity","technology_translation":"LDV: ICE"},{"id":"Hyundai Motor Co., Ltd.","ald_sector":"Automotive","technology":"ICE","plan_tech_share":0.7956,"port_weight":0.0399,"allocation":"ownership_weight","scenario_source":"WEO2023","scenario":"STEPS","year":2028,"asset_class":"Listed Equity","ald_sector_translation":"Automotive","asset_class_translation":"Listed Equity","technology_translation":"LDV: ICE"},{"id":"Volvo AB","ald_sector":"Automotive","technology":"ICE","plan_tech_share":0.4654,"port_weight":0.0309,"allocation":"ownership_weight","scenario_source":"WEO2023","scenario":"APS","year":2028,"asset_class":"Listed Equity","ald_sector_translation":"Automotive","asset_class_translation":"Listed Equity","technology_translation":"LDV: ICE"},{"id":"Volvo AB","ald_sector":"Automotive","technology":"ICE","plan_tech_share":0.4654,"port_weight":0.0309,"allocation":"ownership_weight","scenario_source":"WEO2023","scenario":"NZE_2050","year":2028,"asset_class":"Listed Equity","ald_sector_translation":"Automotive","asset_class_translation":"Listed Equity","technology_translation":"LDV: ICE"},{"id":"Volvo AB","ald_sector":"Automotive","technology":"ICE","plan_tech_share":0.4654,"port_weight":0.0309,"allocation":"ownership_weight","scenario_source":"WEO2023","scenario":"STEPS","year":2028,"asset_class":"Listed Equity","ald_sector_translation":"Automotive","asset_class_translation":"Listed Equity","technology_translation":"LDV: ICE"},{"id":"Hyundai Motor Co., Ltd.","ald_sector":"Power","technology":"CoalCap","plan_tech_share":0,"port_weight":0.0399,"allocation":"ownership_weight","scenario_source":"GECO2023","scenario":"1.5C","year":2028,"asset_class":"Listed Equity","ald_sector_translation":"Power","asset_class_translation":"Listed Equity","technology_translation":"Coal Power"},{"id":"Hyundai Motor Co., Ltd.","ald_sector":"Power","technology":"CoalCap","plan_tech_share":0,"port_weight":0.0399,"allocation":"ownership_weight","scenario_source":"GECO2023","scenario":"NDC-LTS","year":2028,"asset_class":"Listed Equity","ald_sector_translation":"Power","asset_class_translation":"Listed Equity","technology_translation":"Coal Power"},{"id":"Hyundai Motor Co., Ltd.","ald_sector":"Power","technology":"CoalCap","plan_tech_share":0,"port_weight":0.0399,"allocation":"ownership_weight","scenario_source":"GECO2023","scenario":"Reference","year":2028,"asset_class":"Listed Equity","ald_sector_translation":"Power","asset_class_translation":"Listed Equity","technology_translation":"Coal Power"},{"id":"Hyundai Motor Co., Ltd.","ald_sector":"Power","technology":"CoalCap","plan_tech_share":0,"port_weight":0.0399,"allocation":"ownership_weight","scenario_source":"ISF2023","scenario":"1.5°C","year":2028,"asset_class":"Listed Equity","ald_sector_translation":"Power","asset_class_translation":"Listed Equity","technology_translation":"Coal Power"},{"id":"Hyundai Motor Co., Ltd.","ald_sector":"Power","technology":"CoalCap","plan_tech_share":0,"port_weight":0.0399,"allocation":"ownership_weight","scenario_source":"WEO2023","scenario":"APS","year":2028,"asset_class":"Listed Equity","ald_sector_translation":"Power","asset_class_translation":"Listed Equity","technology_translation":"Coal Power"},{"id":"Hyundai Motor Co., Ltd.","ald_sector":"Power","technology":"CoalCap","plan_tech_share":0,"port_weight":0.0399,"allocation":"ownership_weight","scenario_source":"WEO2023","scenario":"NZE_2050","year":2028,"asset_class":"Listed Equity","ald_sector_translation":"Power","asset_class_translation":"Listed Equity","technology_translation":"Coal Power"},{"id":"Hyundai Motor Co., Ltd.","ald_sector":"Power","technology":"CoalCap","plan_tech_share":0,"port_weight":0.0399,"allocation":"ownership_weight","scenario_source":"WEO2023","scenario":"STEPS","year":2028,"asset_class":"Listed Equity","ald_sector_translation":"Power","asset_class_translation":"Listed Equity","technology_translation":"Coal Power"},{"id":"Energisa SA","ald_sector":"Power","technology":"CoalCap","plan_tech_share":0,"port_weight":0.0396,"allocation":"portfolio_weight","scenario_source":"GECO2023","scenario":"1.5C","year":2028,"asset_class":"Listed Equity","ald_sector_translation":"Power","asset_class_translation":"Listed Equity","technology_translation":"Coal Power"},{"id":"Energisa SA","ald_sector":"Power","technology":"CoalCap","plan_tech_share":0,"port_weight":0.0396,"allocation":"portfolio_weight","scenario_source":"GECO2023","scenario":"NDC-LTS","year":2028,"asset_class":"Listed Equity","ald_sector_translation":"Power","asset_class_translation":"Listed Equity","technology_translation":"Coal Power"},{"id":"Energisa SA","ald_sector":"Power","technology":"CoalCap","plan_tech_share":0,"port_weight":0.0396,"allocation":"portfolio_weight","scenario_source":"GECO2023","scenario":"Reference","year":2028,"asset_class":"Listed Equity","ald_sector_translation":"Power","asset_class_translation":"Listed Equity","technology_translation":"Coal Power"},{"id":"Energisa SA","ald_sector":"Power","technology":"CoalCap","plan_tech_share":0,"port_weight":0.0396,"allocation":"portfolio_weight","scenario_source":"ISF2023","scenario":"1.5°C","year":2028,"asset_class":"Listed Equity","ald_sector_translation":"Power","asset_class_translation":"Listed Equity","technology_translation":"Coal Power"},{"id":"Energisa SA","ald_sector":"Power","technology":"CoalCap","plan_tech_share":0,"port_weight":0.0396,"allocation":"portfolio_weight","scenario_source":"WEO2023","scenario":"APS","year":2028,"asset_class":"Listed Equity","ald_sector_translation":"Power","asset_class_translation":"Listed Equity","technology_translation":"Coal Power"},{"id":"Energisa SA","ald_sector":"Power","technology":"CoalCap","plan_tech_share":0,"port_weight":0.0396,"allocation":"portfolio_weight","scenario_source":"WEO2023","scenario":"NZE_2050","year":2028,"asset_class":"Listed Equity","ald_sector_translation":"Power","asset_class_translation":"Listed Equity","technology_translation":"Coal Power"},{"id":"Energisa SA","ald_sector":"Power","technology":"CoalCap","plan_tech_share":0,"port_weight":0.0396,"allocation":"portfolio_weight","scenario_source":"WEO2023","scenario":"STEPS","year":2028,"asset_class":"Listed Equity","ald_sector_translation":"Power","asset_class_translation":"Listed Equity","technology_translation":"Coal Power"},{"id":"Energisa SA","ald_sector":"Power","technology":"CoalCap","plan_tech_share":0,"port_weight":0.0396,"allocation":"ownership_weight","scenario_source":"GECO2023","scenario":"1.5C","year":2028,"asset_class":"Listed Equity","ald_sector_translation":"Power","asset_class_translation":"Listed Equity","technology_translation":"Coal Power"},{"id":"Hyundai Motor Co., Ltd.","ald_sector":"Power","technology":"GasCap","plan_tech_share":0.4779,"port_weight":0.0399,"allocation":"ownership_weight","scenario_source":"GECO2023","scenario":"1.5C","year":2028,"asset_class":"Listed Equity","ald_sector_translation":"Power","asset_class_translation":"Listed Equity","technology_translation":"Gas Power"},{"id":"Hyundai Motor Co., Ltd.","ald_sector":"Power","technology":"GasCap","plan_tech_share":0.4779,"port_weight":0.0399,"allocation":"ownership_weight","scenario_source":"GECO2023","scenario":"NDC-LTS","year":2028,"asset_class":"Listed Equity","ald_sector_translation":"Power","asset_class_translation":"Listed Equity","technology_translation":"Gas Power"},{"id":"Hyundai Motor Co., Ltd.","ald_sector":"Power","technology":"GasCap","plan_tech_share":0.4779,"port_weight":0.0399,"allocation":"ownership_weight","scenario_source":"GECO2023","scenario":"Reference","year":2028,"asset_class":"Listed Equity","ald_sector_translation":"Power","asset_class_translation":"Listed Equity","technology_translation":"Gas Power"},{"id":"Hyundai Motor Co., Ltd.","ald_sector":"Power","technology":"GasCap","plan_tech_share":0.4779,"port_weight":0.0399,"allocation":"ownership_weight","scenario_source":"ISF2023","scenario":"1.5°C","year":2028,"asset_class":"Listed Equity","ald_sector_translation":"Power","asset_class_translation":"Listed Equity","technology_translation":"Gas Power"},{"id":"Hyundai Motor Co., Ltd.","ald_sector":"Power","technology":"GasCap","plan_tech_share":0.4779,"port_weight":0.0399,"allocation":"ownership_weight","scenario_source":"WEO2023","scenario":"APS","year":2028,"asset_class":"Listed Equity","ald_sector_translation":"Power","asset_class_translation":"Listed Equity","technology_translation":"Gas Power"},{"id":"Hyundai Motor Co., Ltd.","ald_sector":"Power","technology":"GasCap","plan_tech_share":0.4779,"port_weight":0.0399,"allocation":"ownership_weight","scenario_source":"WEO2023","scenario":"NZE_2050","year":2028,"asset_class":"Listed Equity","ald_sector_translation":"Power","asset_class_translation":"Listed Equity","technology_translation":"Gas Power"},{"id":"Hyundai Motor Co., Ltd.","ald_sector":"Power","technology":"GasCap","plan_tech_share":0.4779,"port_weight":0.0399,"allocation":"ownership_weight","scenario_source":"WEO2023","scenario":"STEPS","year":2028,"asset_class":"Listed Equity","ald_sector_translation":"Power","asset_class_translation":"Listed Equity","technology_translation":"Gas Power"},{"id":"Energisa SA","ald_sector":"Power","technology":"GasCap","plan_tech_share":0,"port_weight":0.0396,"allocation":"portfolio_weight","scenario_source":"GECO2023","scenario":"1.5C","year":2028,"asset_class":"Listed Equity","ald_sector_translation":"Power","asset_class_translation":"Listed Equity","technology_translation":"Gas Power"},{"id":"Energisa SA","ald_sector":"Power","technology":"GasCap","plan_tech_share":0,"port_weight":0.0396,"allocation":"portfolio_weight","scenario_source":"GECO2023","scenario":"NDC-LTS","year":2028,"asset_class":"Listed Equity","ald_sector_translation":"Power","asset_class_translation":"Listed Equity","technology_translation":"Gas Power"},{"id":"Energisa SA","ald_sector":"Power","technology":"GasCap","plan_tech_share":0,"port_weight":0.0396,"allocation":"portfolio_weight","scenario_source":"GECO2023","scenario":"Reference","year":2028,"asset_class":"Listed Equity","ald_sector_translation":"Power","asset_class_translation":"Listed Equity","technology_translation":"Gas Power"},{"id":"Energisa SA","ald_sector":"Power","technology":"GasCap","plan_tech_share":0,"port_weight":0.0396,"allocation":"portfolio_weight","scenario_source":"ISF2023","scenario":"1.5°C","year":2028,"asset_class":"Listed Equity","ald_sector_translation":"Power","asset_class_translation":"Listed Equity","technology_translation":"Gas Power"},{"id":"Energisa SA","ald_sector":"Power","technology":"GasCap","plan_tech_share":0,"port_weight":0.0396,"allocation":"portfolio_weight","scenario_source":"WEO2023","scenario":"APS","year":2028,"asset_class":"Listed Equity","ald_sector_translation":"Power","asset_class_translation":"Listed Equity","technology_translation":"Gas Power"},{"id":"Energisa SA","ald_sector":"Power","technology":"GasCap","plan_tech_share":0,"port_weight":0.0396,"allocation":"portfolio_weight","scenario_source":"WEO2023","scenario":"NZE_2050","year":2028,"asset_class":"Listed Equity","ald_sector_translation":"Power","asset_class_translation":"Listed Equity","technology_translation":"Gas Power"},{"id":"Energisa SA","ald_sector":"Power","technology":"GasCap","plan_tech_share":0,"port_weight":0.0396,"allocation":"portfolio_weight","scenario_source":"WEO2023","scenario":"STEPS","year":2028,"asset_class":"Listed Equity","ald_sector_translation":"Power","asset_class_translation":"Listed Equity","technology_translation":"Gas Power"},{"id":"Energisa SA","ald_sector":"Power","technology":"GasCap","plan_tech_share":0,"port_weight":0.0396,"allocation":"ownership_weight","scenario_source":"GECO2023","scenario":"1.5C","year":2028,"asset_class":"Listed Equity","ald_sector_translation":"Power","asset_class_translation":"Listed Equity","technology_translation":"Gas Power"},{"id":"Hyundai Motor Co., Ltd.","ald_sector":"Power","technology":"HydroCap","plan_tech_share":0,"port_weight":0.0399,"allocation":"ownership_weight","scenario_source":"GECO2023","scenario":"1.5C","year":2028,"asset_class":"Listed Equity","ald_sector_translation":"Power","asset_class_translation":"Listed Equity","technology_translation":"Hydropower"},{"id":"Hyundai Motor Co., Ltd.","ald_sector":"Power","technology":"HydroCap","plan_tech_share":0,"port_weight":0.0399,"allocation":"ownership_weight","scenario_source":"GECO2023","scenario":"NDC-LTS","year":2028,"asset_class":"Listed Equity","ald_sector_translation":"Power","asset_class_translation":"Listed Equity","technology_translation":"Hydropower"},{"id":"Hyundai Motor Co., Ltd.","ald_sector":"Power","technology":"HydroCap","plan_tech_share":0,"port_weight":0.0399,"allocation":"ownership_weight","scenario_source":"GECO2023","scenario":"Reference","year":2028,"asset_class":"Listed Equity","ald_sector_translation":"Power","asset_class_translation":"Listed Equity","technology_translation":"Hydropower"},{"id":"Hyundai Motor Co., Ltd.","ald_sector":"Power","technology":"HydroCap","plan_tech_share":0,"port_weight":0.0399,"allocation":"ownership_weight","scenario_source":"ISF2023","scenario":"1.5°C","year":2028,"asset_class":"Listed Equity","ald_sector_translation":"Power","asset_class_translation":"Listed Equity","technology_translation":"Hydropower"},{"id":"Hyundai Motor Co., Ltd.","ald_sector":"Power","technology":"HydroCap","plan_tech_share":0,"port_weight":0.0399,"allocation":"ownership_weight","scenario_source":"WEO2023","scenario":"APS","year":2028,"asset_class":"Listed Equity","ald_sector_translation":"Power","asset_class_translation":"Listed Equity","technology_translation":"Hydropower"},{"id":"Hyundai Motor Co., Ltd.","ald_sector":"Power","technology":"HydroCap","plan_tech_share":0,"port_weight":0.0399,"allocation":"ownership_weight","scenario_source":"WEO2023","scenario":"NZE_2050","year":2028,"asset_class":"Listed Equity","ald_sector_translation":"Power","asset_class_translation":"Listed Equity","technology_translation":"Hydropower"},{"id":"Hyundai Motor Co., Ltd.","ald_sector":"Power","technology":"HydroCap","plan_tech_share":0,"port_weight":0.0399,"allocation":"ownership_weight","scenario_source":"WEO2023","scenario":"STEPS","year":2028,"asset_class":"Listed Equity","ald_sector_translation":"Power","asset_class_translation":"Listed Equity","technology_translation":"Hydropower"},{"id":"Energisa SA","ald_sector":"Power","technology":"HydroCap","plan_tech_share":0,"port_weight":0.0396,"allocation":"portfolio_weight","scenario_source":"GECO2023","scenario":"1.5C","year":2028,"asset_class":"Listed Equity","ald_sector_translation":"Power","asset_class_translation":"Listed Equity","technology_translation":"Hydropower"},{"id":"Energisa SA","ald_sector":"Power","technology":"HydroCap","plan_tech_share":0,"port_weight":0.0396,"allocation":"portfolio_weight","scenario_source":"GECO2023","scenario":"NDC-LTS","year":2028,"asset_class":"Listed Equity","ald_sector_translation":"Power","asset_class_translation":"Listed Equity","technology_translation":"Hydropower"},{"id":"Energisa SA","ald_sector":"Power","technology":"HydroCap","plan_tech_share":0,"port_weight":0.0396,"allocation":"portfolio_weight","scenario_source":"GECO2023","scenario":"Reference","year":2028,"asset_class":"Listed Equity","ald_sector_translation":"Power","asset_class_translation":"Listed Equity","technology_translation":"Hydropower"},{"id":"Energisa SA","ald_sector":"Power","technology":"HydroCap","plan_tech_share":0,"port_weight":0.0396,"allocation":"portfolio_weight","scenario_source":"ISF2023","scenario":"1.5°C","year":2028,"asset_class":"Listed Equity","ald_sector_translation":"Power","asset_class_translation":"Listed Equity","technology_translation":"Hydropower"},{"id":"Energisa SA","ald_sector":"Power","technology":"HydroCap","plan_tech_share":0,"port_weight":0.0396,"allocation":"portfolio_weight","scenario_source":"WEO2023","scenario":"APS","year":2028,"asset_class":"Listed Equity","ald_sector_translation":"Power","asset_class_translation":"Listed Equity","technology_translation":"Hydropower"},{"id":"Energisa SA","ald_sector":"Power","technology":"HydroCap","plan_tech_share":0,"port_weight":0.0396,"allocation":"portfolio_weight","scenario_source":"WEO2023","scenario":"NZE_2050","year":2028,"asset_class":"Listed Equity","ald_sector_translation":"Power","asset_class_translation":"Listed Equity","technology_translation":"Hydropower"},{"id":"Energisa SA","ald_sector":"Power","technology":"HydroCap","plan_tech_share":0,"port_weight":0.0396,"allocation":"portfolio_weight","scenario_source":"WEO2023","scenario":"STEPS","year":2028,"asset_class":"Listed Equity","ald_sector_translation":"Power","asset_class_translation":"Listed Equity","technology_translation":"Hydropower"},{"id":"Energisa SA","ald_sector":"Power","technology":"HydroCap","plan_tech_share":0,"port_weight":0.0396,"allocation":"ownership_weight","scenario_source":"GECO2023","scenario":"1.5C","year":2028,"asset_class":"Listed Equity","ald_sector_translation":"Power","asset_class_translation":"Listed Equity","technology_translation":"Hydropower"},{"id":"Hyundai Motor Co., Ltd.","ald_sector":"Power","technology":"NuclearCap","plan_tech_share":0,"port_weight":0.0399,"allocation":"ownership_weight","scenario_source":"GECO2023","scenario":"1.5C","year":2028,"asset_class":"Listed Equity","ald_sector_translation":"Power","asset_class_translation":"Listed Equity","technology_translation":"Nuclear Power"},{"id":"Hyundai Motor Co., Ltd.","ald_sector":"Power","technology":"NuclearCap","plan_tech_share":0,"port_weight":0.0399,"allocation":"ownership_weight","scenario_source":"GECO2023","scenario":"NDC-LTS","year":2028,"asset_class":"Listed Equity","ald_sector_translation":"Power","asset_class_translation":"Listed Equity","technology_translation":"Nuclear Power"},{"id":"Hyundai Motor Co., Ltd.","ald_sector":"Power","technology":"NuclearCap","plan_tech_share":0,"port_weight":0.0399,"allocation":"ownership_weight","scenario_source":"GECO2023","scenario":"Reference","year":2028,"asset_class":"Listed Equity","ald_sector_translation":"Power","asset_class_translation":"Listed Equity","technology_translation":"Nuclear Power"},{"id":"Hyundai Motor Co., Ltd.","ald_sector":"Power","technology":"NuclearCap","plan_tech_share":0,"port_weight":0.0399,"allocation":"ownership_weight","scenario_source":"ISF2023","scenario":"1.5°C","year":2028,"asset_class":"Listed Equity","ald_sector_translation":"Power","asset_class_translation":"Listed Equity","technology_translation":"Nuclear Power"},{"id":"Hyundai Motor Co., Ltd.","ald_sector":"Power","technology":"NuclearCap","plan_tech_share":0,"port_weight":0.0399,"allocation":"ownership_weight","scenario_source":"WEO2023","scenario":"APS","year":2028,"asset_class":"Listed Equity","ald_sector_translation":"Power","asset_class_translation":"Listed Equity","technology_translation":"Nuclear Power"},{"id":"Hyundai Motor Co., Ltd.","ald_sector":"Power","technology":"NuclearCap","plan_tech_share":0,"port_weight":0.0399,"allocation":"ownership_weight","scenario_source":"WEO2023","scenario":"NZE_2050","year":2028,"asset_class":"Listed Equity","ald_sector_translation":"Power","asset_class_translation":"Listed Equity","technology_translation":"Nuclear Power"},{"id":"Hyundai Motor Co., Ltd.","ald_sector":"Power","technology":"NuclearCap","plan_tech_share":0,"port_weight":0.0399,"allocation":"ownership_weight","scenario_source":"WEO2023","scenario":"STEPS","year":2028,"asset_class":"Listed Equity","ald_sector_translation":"Power","asset_class_translation":"Listed Equity","technology_translation":"Nuclear Power"},{"id":"Energisa SA","ald_sector":"Power","technology":"NuclearCap","plan_tech_share":0,"port_weight":0.0396,"allocation":"portfolio_weight","scenario_source":"GECO2023","scenario":"1.5C","year":2028,"asset_class":"Listed Equity","ald_sector_translation":"Power","asset_class_translation":"Listed Equity","technology_translation":"Nuclear Power"},{"id":"Energisa SA","ald_sector":"Power","technology":"NuclearCap","plan_tech_share":0,"port_weight":0.0396,"allocation":"portfolio_weight","scenario_source":"GECO2023","scenario":"NDC-LTS","year":2028,"asset_class":"Listed Equity","ald_sector_translation":"Power","asset_class_translation":"Listed Equity","technology_translation":"Nuclear Power"},{"id":"Energisa SA","ald_sector":"Power","technology":"NuclearCap","plan_tech_share":0,"port_weight":0.0396,"allocation":"portfolio_weight","scenario_source":"GECO2023","scenario":"Reference","year":2028,"asset_class":"Listed Equity","ald_sector_translation":"Power","asset_class_translation":"Listed Equity","technology_translation":"Nuclear Power"},{"id":"Energisa SA","ald_sector":"Power","technology":"NuclearCap","plan_tech_share":0,"port_weight":0.0396,"allocation":"portfolio_weight","scenario_source":"ISF2023","scenario":"1.5°C","year":2028,"asset_class":"Listed Equity","ald_sector_translation":"Power","asset_class_translation":"Listed Equity","technology_translation":"Nuclear Power"},{"id":"Energisa SA","ald_sector":"Power","technology":"NuclearCap","plan_tech_share":0,"port_weight":0.0396,"allocation":"portfolio_weight","scenario_source":"WEO2023","scenario":"APS","year":2028,"asset_class":"Listed Equity","ald_sector_translation":"Power","asset_class_translation":"Listed Equity","technology_translation":"Nuclear Power"},{"id":"Energisa SA","ald_sector":"Power","technology":"NuclearCap","plan_tech_share":0,"port_weight":0.0396,"allocation":"portfolio_weight","scenario_source":"WEO2023","scenario":"NZE_2050","year":2028,"asset_class":"Listed Equity","ald_sector_translation":"Power","asset_class_translation":"Listed Equity","technology_translation":"Nuclear Power"},{"id":"Energisa SA","ald_sector":"Power","technology":"NuclearCap","plan_tech_share":0,"port_weight":0.0396,"allocation":"portfolio_weight","scenario_source":"WEO2023","scenario":"STEPS","year":2028,"asset_class":"Listed Equity","ald_sector_translation":"Power","asset_class_translation":"Listed Equity","technology_translation":"Nuclear Power"},{"id":"Energisa SA","ald_sector":"Power","technology":"NuclearCap","plan_tech_share":0,"port_weight":0.0396,"allocation":"ownership_weight","scenario_source":"GECO2023","scenario":"1.5C","year":2028,"asset_class":"Listed Equity","ald_sector_translation":"Power","asset_class_translation":"Listed Equity","technology_translation":"Nuclear Power"},{"id":"Hyundai Motor Co., Ltd.","ald_sector":"Power","technology":"OilCap","plan_tech_share":0,"port_weight":0.0399,"allocation":"ownership_weight","scenario_source":"GECO2023","scenario":"1.5C","year":2028,"asset_class":"Listed Equity","ald_sector_translation":"Power","asset_class_translation":"Listed Equity","technology_translation":"Oil Power"},{"id":"Hyundai Motor Co., Ltd.","ald_sector":"Power","technology":"OilCap","plan_tech_share":0,"port_weight":0.0399,"allocation":"ownership_weight","scenario_source":"GECO2023","scenario":"NDC-LTS","year":2028,"asset_class":"Listed Equity","ald_sector_translation":"Power","asset_class_translation":"Listed Equity","technology_translation":"Oil Power"},{"id":"Hyundai Motor Co., Ltd.","ald_sector":"Power","technology":"OilCap","plan_tech_share":0,"port_weight":0.0399,"allocation":"ownership_weight","scenario_source":"GECO2023","scenario":"Reference","year":2028,"asset_class":"Listed Equity","ald_sector_translation":"Power","asset_class_translation":"Listed Equity","technology_translation":"Oil Power"},{"id":"Hyundai Motor Co., Ltd.","ald_sector":"Power","technology":"OilCap","plan_tech_share":0,"port_weight":0.0399,"allocation":"ownership_weight","scenario_source":"ISF2023","scenario":"1.5°C","year":2028,"asset_class":"Listed Equity","ald_sector_translation":"Power","asset_class_translation":"Listed Equity","technology_translation":"Oil Power"},{"id":"Hyundai Motor Co., Ltd.","ald_sector":"Power","technology":"OilCap","plan_tech_share":0,"port_weight":0.0399,"allocation":"ownership_weight","scenario_source":"WEO2023","scenario":"APS","year":2028,"asset_class":"Listed Equity","ald_sector_translation":"Power","asset_class_translation":"Listed Equity","technology_translation":"Oil Power"},{"id":"Hyundai Motor Co., Ltd.","ald_sector":"Power","technology":"OilCap","plan_tech_share":0,"port_weight":0.0399,"allocation":"ownership_weight","scenario_source":"WEO2023","scenario":"NZE_2050","year":2028,"asset_class":"Listed Equity","ald_sector_translation":"Power","asset_class_translation":"Listed Equity","technology_translation":"Oil Power"},{"id":"Hyundai Motor Co., Ltd.","ald_sector":"Power","technology":"OilCap","plan_tech_share":0,"port_weight":0.0399,"allocation":"ownership_weight","scenario_source":"WEO2023","scenario":"STEPS","year":2028,"asset_class":"Listed Equity","ald_sector_translation":"Power","asset_class_translation":"Listed Equity","technology_translation":"Oil Power"},{"id":"Energisa SA","ald_sector":"Power","technology":"OilCap","plan_tech_share":0.1923,"port_weight":0.0396,"allocation":"portfolio_weight","scenario_source":"GECO2023","scenario":"1.5C","year":2028,"asset_class":"Listed Equity","ald_sector_translation":"Power","asset_class_translation":"Listed Equity","technology_translation":"Oil Power"},{"id":"Energisa SA","ald_sector":"Power","technology":"OilCap","plan_tech_share":0.1923,"port_weight":0.0396,"allocation":"portfolio_weight","scenario_source":"GECO2023","scenario":"NDC-LTS","year":2028,"asset_class":"Listed Equity","ald_sector_translation":"Power","asset_class_translation":"Listed Equity","technology_translation":"Oil Power"},{"id":"Energisa SA","ald_sector":"Power","technology":"OilCap","plan_tech_share":0.1923,"port_weight":0.0396,"allocation":"portfolio_weight","scenario_source":"GECO2023","scenario":"Reference","year":2028,"asset_class":"Listed Equity","ald_sector_translation":"Power","asset_class_translation":"Listed Equity","technology_translation":"Oil Power"},{"id":"Energisa SA","ald_sector":"Power","technology":"OilCap","plan_tech_share":0.1923,"port_weight":0.0396,"allocation":"portfolio_weight","scenario_source":"ISF2023","scenario":"1.5°C","year":2028,"asset_class":"Listed Equity","ald_sector_translation":"Power","asset_class_translation":"Listed Equity","technology_translation":"Oil Power"},{"id":"Energisa SA","ald_sector":"Power","technology":"OilCap","plan_tech_share":0.1923,"port_weight":0.0396,"allocation":"portfolio_weight","scenario_source":"WEO2023","scenario":"APS","year":2028,"asset_class":"Listed Equity","ald_sector_translation":"Power","asset_class_translation":"Listed Equity","technology_translation":"Oil Power"},{"id":"Energisa SA","ald_sector":"Power","technology":"OilCap","plan_tech_share":0.1923,"port_weight":0.0396,"allocation":"portfolio_weight","scenario_source":"WEO2023","scenario":"NZE_2050","year":2028,"asset_class":"Listed Equity","ald_sector_translation":"Power","asset_class_translation":"Listed Equity","technology_translation":"Oil Power"},{"id":"Energisa SA","ald_sector":"Power","technology":"OilCap","plan_tech_share":0.1923,"port_weight":0.0396,"allocation":"portfolio_weight","scenario_source":"WEO2023","scenario":"STEPS","year":2028,"asset_class":"Listed Equity","ald_sector_translation":"Power","asset_class_translation":"Listed Equity","technology_translation":"Oil Power"},{"id":"Energisa SA","ald_sector":"Power","technology":"OilCap","plan_tech_share":0.1923,"port_weight":0.0396,"allocation":"ownership_weight","scenario_source":"GECO2023","scenario":"1.5C","year":2028,"asset_class":"Listed Equity","ald_sector_translation":"Power","asset_class_translation":"Listed Equity","technology_translation":"Oil Power"},{"id":"Hyundai Motor Co., Ltd.","ald_sector":"Power","technology":"RenewablesCap","plan_tech_share":0.5221,"port_weight":0.0399,"allocation":"ownership_weight","scenario_source":"GECO2023","scenario":"1.5C","year":2028,"asset_class":"Listed Equity","ald_sector_translation":"Power","asset_class_translation":"Listed Equity","technology_translation":"Renewables"},{"id":"Hyundai Motor Co., Ltd.","ald_sector":"Power","technology":"RenewablesCap","plan_tech_share":0.5221,"port_weight":0.0399,"allocation":"ownership_weight","scenario_source":"GECO2023","scenario":"NDC-LTS","year":2028,"asset_class":"Listed Equity","ald_sector_translation":"Power","asset_class_translation":"Listed Equity","technology_translation":"Renewables"},{"id":"Hyundai Motor Co., Ltd.","ald_sector":"Power","technology":"RenewablesCap","plan_tech_share":0.5221,"port_weight":0.0399,"allocation":"ownership_weight","scenario_source":"GECO2023","scenario":"Reference","year":2028,"asset_class":"Listed Equity","ald_sector_translation":"Power","asset_class_translation":"Listed Equity","technology_translation":"Renewables"},{"id":"Hyundai Motor Co., Ltd.","ald_sector":"Power","technology":"RenewablesCap","plan_tech_share":0.5221,"port_weight":0.0399,"allocation":"ownership_weight","scenario_source":"ISF2023","scenario":"1.5°C","year":2028,"asset_class":"Listed Equity","ald_sector_translation":"Power","asset_class_translation":"Listed Equity","technology_translation":"Renewables"},{"id":"Hyundai Motor Co., Ltd.","ald_sector":"Power","technology":"RenewablesCap","plan_tech_share":0.5221,"port_weight":0.0399,"allocation":"ownership_weight","scenario_source":"WEO2023","scenario":"APS","year":2028,"asset_class":"Listed Equity","ald_sector_translation":"Power","asset_class_translation":"Listed Equity","technology_translation":"Renewables"},{"id":"Hyundai Motor Co., Ltd.","ald_sector":"Power","technology":"RenewablesCap","plan_tech_share":0.5221,"port_weight":0.0399,"allocation":"ownership_weight","scenario_source":"WEO2023","scenario":"NZE_2050","year":2028,"asset_class":"Listed Equity","ald_sector_translation":"Power","asset_class_translation":"Listed Equity","technology_translation":"Renewables"},{"id":"Hyundai Motor Co., Ltd.","ald_sector":"Power","technology":"RenewablesCap","plan_tech_share":0.5221,"port_weight":0.0399,"allocation":"ownership_weight","scenario_source":"WEO2023","scenario":"STEPS","year":2028,"asset_class":"Listed Equity","ald_sector_translation":"Power","asset_class_translation":"Listed Equity","technology_translation":"Renewables"},{"id":"Energisa SA","ald_sector":"Power","technology":"RenewablesCap","plan_tech_share":0.8077,"port_weight":0.0396,"allocation":"portfolio_weight","scenario_source":"GECO2023","scenario":"1.5C","year":2028,"asset_class":"Listed Equity","ald_sector_translation":"Power","asset_class_translation":"Listed Equity","technology_translation":"Renewables"},{"id":"Energisa SA","ald_sector":"Power","technology":"RenewablesCap","plan_tech_share":0.8077,"port_weight":0.0396,"allocation":"portfolio_weight","scenario_source":"GECO2023","scenario":"NDC-LTS","year":2028,"asset_class":"Listed Equity","ald_sector_translation":"Power","asset_class_translation":"Listed Equity","technology_translation":"Renewables"},{"id":"Energisa SA","ald_sector":"Power","technology":"RenewablesCap","plan_tech_share":0.8077,"port_weight":0.0396,"allocation":"portfolio_weight","scenario_source":"GECO2023","scenario":"Reference","year":2028,"asset_class":"Listed Equity","ald_sector_translation":"Power","asset_class_translation":"Listed Equity","technology_translation":"Renewables"},{"id":"Energisa SA","ald_sector":"Power","technology":"RenewablesCap","plan_tech_share":0.8077,"port_weight":0.0396,"allocation":"portfolio_weight","scenario_source":"ISF2023","scenario":"1.5°C","year":2028,"asset_class":"Listed Equity","ald_sector_translation":"Power","asset_class_translation":"Listed Equity","technology_translation":"Renewables"},{"id":"Energisa SA","ald_sector":"Power","technology":"RenewablesCap","plan_tech_share":0.8077,"port_weight":0.0396,"allocation":"portfolio_weight","scenario_source":"WEO2023","scenario":"APS","year":2028,"asset_class":"Listed Equity","ald_sector_translation":"Power","asset_class_translation":"Listed Equity","technology_translation":"Renewables"},{"id":"Energisa SA","ald_sector":"Power","technology":"RenewablesCap","plan_tech_share":0.8077,"port_weight":0.0396,"allocation":"portfolio_weight","scenario_source":"WEO2023","scenario":"NZE_2050","year":2028,"asset_class":"Listed Equity","ald_sector_translation":"Power","asset_class_translation":"Listed Equity","technology_translation":"Renewables"},{"id":"Energisa SA","ald_sector":"Power","technology":"RenewablesCap","plan_tech_share":0.8077,"port_weight":0.0396,"allocation":"portfolio_weight","scenario_source":"WEO2023","scenario":"STEPS","year":2028,"asset_class":"Listed Equity","ald_sector_translation":"Power","asset_class_translation":"Listed Equity","technology_translation":"Renewables"},{"id":"Energisa SA","ald_sector":"Power","technology":"RenewablesCap","plan_tech_share":0.8077,"port_weight":0.0396,"allocation":"ownership_weight","scenario_source":"GECO2023","scenario":"1.5C","year":2028,"asset_class":"Listed Equity","ald_sector_translation":"Power","asset_class_translation":"Listed Equity","technology_translation":"Renewables"},{"id":"Mercedes-Benz Group AG","ald_sector":"Automotive","technology":"Electric","plan_tech_share":0.4162,"port_weight":0.1647,"allocation":"portfolio_weight","scenario_source":"WEO2023","scenario":"APS","year":2028,"asset_class":"Corporate Bonds","ald_sector_translation":"Automotive","asset_class_translation":"Corporate Bonds","technology_translation":"LDV: Electric"},{"id":"Mercedes-Benz Group AG","ald_sector":"Automotive","technology":"FuelCell","plan_tech_share":0,"port_weight":0.1647,"allocation":"portfolio_weight","scenario_source":"WEO2023","scenario":"APS","year":2028,"asset_class":"Corporate Bonds","ald_sector_translation":"Automotive","asset_class_translation":"Corporate Bonds","technology_translation":"LDV: Fuel Cell"},{"id":"Mercedes-Benz Group AG","ald_sector":"Automotive","technology":"Hybrid","plan_tech_share":0.0854,"port_weight":0.1647,"allocation":"portfolio_weight","scenario_source":"WEO2023","scenario":"APS","year":2028,"asset_class":"Corporate Bonds","ald_sector_translation":"Automotive","asset_class_translation":"Corporate Bonds","technology_translation":"LDV: Hybrid"},{"id":"Mercedes-Benz Group AG","ald_sector":"Automotive","technology":"ICE","plan_tech_share":0.4983,"port_weight":0.1647,"allocation":"portfolio_weight","scenario_source":"WEO2023","scenario":"APS","year":2028,"asset_class":"Corporate Bonds","ald_sector_translation":"Automotive","asset_class_translation":"Corporate Bonds","technology_translation":"LDV: ICE"},{"id":"Ford Motor Co.","ald_sector":"Automotive","technology":"Electric","plan_tech_share":0.2934,"port_weight":0.0802,"allocation":"portfolio_weight","scenario_source":"WEO2023","scenario":"APS","year":2028,"asset_class":"Corporate Bonds","ald_sector_translation":"Automotive","asset_class_translation":"Corporate Bonds","technology_translation":"LDV: Electric"},{"id":"Ford Motor Co.","ald_sector":"Automotive","technology":"FuelCell","plan_tech_share":0,"port_weight":0.0802,"allocation":"portfolio_weight","scenario_source":"WEO2023","scenario":"APS","year":2028,"asset_class":"Corporate Bonds","ald_sector_translation":"Automotive","asset_class_translation":"Corporate Bonds","technology_translation":"LDV: Fuel Cell"},{"id":"Ford Motor Co.","ald_sector":"Automotive","technology":"Hybrid","plan_tech_share":0.0219,"port_weight":0.0802,"allocation":"portfolio_weight","scenario_source":"WEO2023","scenario":"APS","year":2028,"asset_class":"Corporate Bonds","ald_sector_translation":"Automotive","asset_class_translation":"Corporate Bonds","technology_translation":"LDV: Hybrid"},{"id":"Ford Motor Co.","ald_sector":"Automotive","technology":"ICE","plan_tech_share":0.6848,"port_weight":0.0802,"allocation":"portfolio_weight","scenario_source":"WEO2023","scenario":"APS","year":2028,"asset_class":"Corporate Bonds","ald_sector_translation":"Automotive","asset_class_translation":"Corporate Bonds","technology_translation":"LDV: ICE"},{"id":"Stellantis NV","ald_sector":"Automotive","technology":"Electric","plan_tech_share":0.2901,"port_weight":0.0439,"allocation":"portfolio_weight","scenario_source":"WEO2023","scenario":"APS","year":2028,"asset_class":"Corporate Bonds","ald_sector_translation":"Automotive","asset_class_translation":"Corporate Bonds","technology_translation":"LDV: Electric"},{"id":"Stellantis NV","ald_sector":"Automotive","technology":"FuelCell","plan_tech_share":0,"port_weight":0.0439,"allocation":"portfolio_weight","scenario_source":"WEO2023","scenario":"APS","year":2028,"asset_class":"Corporate Bonds","ald_sector_translation":"Automotive","asset_class_translation":"Corporate Bonds","technology_translation":"LDV: Fuel Cell"},{"id":"Stellantis NV","ald_sector":"Automotive","technology":"Hybrid","plan_tech_share":0.15,"port_weight":0.0439,"allocation":"portfolio_weight","scenario_source":"WEO2023","scenario":"APS","year":2028,"asset_class":"Corporate Bonds","ald_sector_translation":"Automotive","asset_class_translation":"Corporate Bonds","technology_translation":"LDV: Hybrid"},{"id":"Stellantis NV","ald_sector":"Automotive","technology":"ICE","plan_tech_share":0.5599,"port_weight":0.0439,"allocation":"portfolio_weight","scenario_source":"WEO2023","scenario":"APS","year":2028,"asset_class":"Corporate Bonds","ald_sector_translation":"Automotive","asset_class_translation":"Corporate Bonds","technology_translation":"LDV: ICE"},{"id":"Beijing Automotive Group Co., Ltd.","ald_sector":"Automotive","technology":"Electric","plan_tech_share":0.113,"port_weight":0.016,"allocation":"portfolio_weight","scenario_source":"WEO2023","scenario":"APS","year":2028,"asset_class":"Corporate Bonds","ald_sector_translation":"Automotive","asset_class_translation":"Corporate Bonds","technology_translation":"LDV: Electric"},{"id":"Beijing Automotive Group Co., Ltd.","ald_sector":"Automotive","technology":"FuelCell","plan_tech_share":0,"port_weight":0.016,"allocation":"portfolio_weight","scenario_source":"WEO2023","scenario":"APS","year":2028,"asset_class":"Corporate Bonds","ald_sector_translation":"Automotive","asset_class_translation":"Corporate Bonds","technology_translation":"LDV: Fuel Cell"},{"id":"Beijing Automotive Group Co., Ltd.","ald_sector":"Automotive","technology":"Hybrid","plan_tech_share":0.0141,"port_weight":0.016,"allocation":"portfolio_weight","scenario_source":"WEO2023","scenario":"APS","year":2028,"asset_class":"Corporate Bonds","ald_sector_translation":"Automotive","asset_class_translation":"Corporate Bonds","technology_translation":"LDV: Hybrid"},{"id":"Beijing Automotive Group Co., Ltd.","ald_sector":"Automotive","technology":"ICE","plan_tech_share":0.873,"port_weight":0.016,"allocation":"portfolio_weight","scenario_source":"WEO2023","scenario":"APS","year":2028,"asset_class":"Corporate Bonds","ald_sector_translation":"Automotive","asset_class_translation":"Corporate Bonds","technology_translation":"LDV: ICE"},{"id":"Hydro-Québec","ald_sector":"Power","technology":"RenewablesCap","plan_tech_share":0.0039,"port_weight":0.3223,"allocation":"portfolio_weight","scenario_source":"GECO2023","scenario":"1.5C","year":2028,"asset_class":"Corporate Bonds","ald_sector_translation":"Power","asset_class_translation":"Corporate Bonds","technology_translation":"Renewables"},{"id":"Hydro-Québec","ald_sector":"Power","technology":"HydroCap","plan_tech_share":0.9816,"port_weight":0.3223,"allocation":"portfolio_weight","scenario_source":"GECO2023","scenario":"1.5C","year":2028,"asset_class":"Corporate Bonds","ald_sector_translation":"Power","asset_class_translation":"Corporate Bonds","technology_translation":"Hydropower"},{"id":"Hydro-Québec","ald_sector":"Power","technology":"NuclearCap","plan_tech_share":0,"port_weight":0.3223,"allocation":"portfolio_weight","scenario_source":"GECO2023","scenario":"1.5C","year":2028,"asset_class":"Corporate Bonds","ald_sector_translation":"Power","asset_class_translation":"Corporate Bonds","technology_translation":"Nuclear Power"},{"id":"Hydro-Québec","ald_sector":"Power","technology":"GasCap","plan_tech_share":0.011,"port_weight":0.3223,"allocation":"portfolio_weight","scenario_source":"GECO2023","scenario":"1.5C","year":2028,"asset_class":"Corporate Bonds","ald_sector_translation":"Power","asset_class_translation":"Corporate Bonds","technology_translation":"Gas Power"},{"id":"Hydro-Québec","ald_sector":"Power","technology":"OilCap","plan_tech_share":0.0035,"port_weight":0.3223,"allocation":"portfolio_weight","scenario_source":"GECO2023","scenario":"1.5C","year":2028,"asset_class":"Corporate Bonds","ald_sector_translation":"Power","asset_class_translation":"Corporate Bonds","technology_translation":"Oil Power"},{"id":"Hydro-Québec","ald_sector":"Power","technology":"CoalCap","plan_tech_share":0,"port_weight":0.3223,"allocation":"portfolio_weight","scenario_source":"GECO2023","scenario":"1.5C","year":2028,"asset_class":"Corporate Bonds","ald_sector_translation":"Power","asset_class_translation":"Corporate Bonds","technology_translation":"Coal Power"},{"id":"Tohoku Electric Power Co., Inc.","ald_sector":"Power","technology":"RenewablesCap","plan_tech_share":0.0639,"port_weight":0.3209,"allocation":"portfolio_weight","scenario_source":"GECO2023","scenario":"1.5C","year":2028,"asset_class":"Corporate Bonds","ald_sector_translation":"Power","asset_class_translation":"Corporate Bonds","technology_translation":"Renewables"},{"id":"Tohoku Electric Power Co., Inc.","ald_sector":"Power","technology":"HydroCap","plan_tech_share":0.0821,"port_weight":0.3209,"allocation":"portfolio_weight","scenario_source":"GECO2023","scenario":"1.5C","year":2028,"asset_class":"Corporate Bonds","ald_sector_translation":"Power","asset_class_translation":"Corporate Bonds","technology_translation":"Hydropower"},{"id":"Tohoku Electric Power Co., Inc.","ald_sector":"Power","technology":"NuclearCap","plan_tech_share":0,"port_weight":0.3209,"allocation":"portfolio_weight","scenario_source":"GECO2023","scenario":"1.5C","year":2028,"asset_class":"Corporate Bonds","ald_sector_translation":"Power","asset_class_translation":"Corporate Bonds","technology_translation":"Nuclear Power"},{"id":"Tohoku Electric Power Co., Inc.","ald_sector":"Power","technology":"GasCap","plan_tech_share":0.4847,"port_weight":0.3209,"allocation":"portfolio_weight","scenario_source":"GECO2023","scenario":"1.5C","year":2028,"asset_class":"Corporate Bonds","ald_sector_translation":"Power","asset_class_translation":"Corporate Bonds","technology_translation":"Gas Power"},{"id":"Tohoku Electric Power Co., Inc.","ald_sector":"Power","technology":"OilCap","plan_tech_share":0.0772,"port_weight":0.3209,"allocation":"portfolio_weight","scenario_source":"GECO2023","scenario":"1.5C","year":2028,"asset_class":"Corporate Bonds","ald_sector_translation":"Power","asset_class_translation":"Corporate Bonds","technology_translation":"Oil Power"},{"id":"Tohoku Electric Power Co., Inc.","ald_sector":"Power","technology":"CoalCap","plan_tech_share":0.2921,"port_weight":0.3209,"allocation":"portfolio_weight","scenario_source":"GECO2023","scenario":"1.5C","year":2028,"asset_class":"Corporate Bonds","ald_sector_translation":"Power","asset_class_translation":"Corporate Bonds","technology_translation":"Coal Power"},{"id":"Nuclear Power Corporation of India Ltd.","ald_sector":"Power","technology":"RenewablesCap","plan_tech_share":0.0002,"port_weight":0.2067,"allocation":"portfolio_weight","scenario_source":"GECO2023","scenario":"1.5C","year":2028,"asset_class":"Corporate Bonds","ald_sector_translation":"Power","asset_class_translation":"Corporate Bonds","technology_translation":"Renewables"},{"id":"Nuclear Power Corporation of India Ltd.","ald_sector":"Power","technology":"HydroCap","plan_tech_share":0,"port_weight":0.2067,"allocation":"portfolio_weight","scenario_source":"GECO2023","scenario":"1.5C","year":2028,"asset_class":"Corporate Bonds","ald_sector_translation":"Power","asset_class_translation":"Corporate Bonds","technology_translation":"Hydropower"},{"id":"Nuclear Power Corporation of India Ltd.","ald_sector":"Power","technology":"NuclearCap","plan_tech_share":0.9998,"port_weight":0.2067,"allocation":"portfolio_weight","scenario_source":"GECO2023","scenario":"1.5C","year":2028,"asset_class":"Corporate Bonds","ald_sector_translation":"Power","asset_class_translation":"Corporate Bonds","technology_translation":"Nuclear Power"},{"id":"Nuclear Power Corporation of India Ltd.","ald_sector":"Power","technology":"GasCap","plan_tech_share":0,"port_weight":0.2067,"allocation":"portfolio_weight","scenario_source":"GECO2023","scenario":"1.5C","year":2028,"asset_class":"Corporate Bonds","ald_sector_translation":"Power","asset_class_translation":"Corporate Bonds","technology_translation":"Gas Power"},{"id":"Nuclear Power Corporation of India Ltd.","ald_sector":"Power","technology":"OilCap","plan_tech_share":0,"port_weight":0.2067,"allocation":"portfolio_weight","scenario_source":"GECO2023","scenario":"1.5C","year":2028,"asset_class":"Corporate Bonds","ald_sector_translation":"Power","asset_class_translation":"Corporate Bonds","technology_translation":"Oil Power"},{"id":"Nuclear Power Corporation of India Ltd.","ald_sector":"Power","technology":"CoalCap","plan_tech_share":0,"port_weight":0.2067,"allocation":"portfolio_weight","scenario_source":"GECO2023","scenario":"1.5C","year":2028,"asset_class":"Corporate Bonds","ald_sector_translation":"Power","asset_class_translation":"Corporate Bonds","technology_translation":"Coal Power"},{"id":"Puget Energy, Inc.","ald_sector":"Power","technology":"RenewablesCap","port_weight":0.0236,"allocation":"portfolio_weight","scenario_source":"GECO2023","scenario":"1.5C","year":2028,"asset_class":"Corporate Bonds","ald_sector_translation":"Power","asset_class_translation":"Corporate Bonds","technology_translation":"Renewables"},{"id":"Puget Energy, Inc.","ald_sector":"Power","technology":"HydroCap","port_weight":0.0236,"allocation":"portfolio_weight","scenario_source":"GECO2023","scenario":"1.5C","year":2028,"asset_class":"Corporate Bonds","ald_sector_translation":"Power","asset_class_translation":"Corporate Bonds","technology_translation":"Hydropower"},{"id":"Puget Energy, Inc.","ald_sector":"Power","technology":"NuclearCap","port_weight":0.0236,"allocation":"portfolio_weight","scenario_source":"GECO2023","scenario":"1.5C","year":2028,"asset_class":"Corporate Bonds","ald_sector_translation":"Power","asset_class_translation":"Corporate Bonds","technology_translation":"Nuclear Power"},{"id":"Puget Energy, Inc.","ald_sector":"Power","technology":"GasCap","port_weight":0.0236,"allocation":"portfolio_weight","scenario_source":"GECO2023","scenario":"1.5C","year":2028,"asset_class":"Corporate Bonds","ald_sector_translation":"Power","asset_class_translation":"Corporate Bonds","technology_translation":"Gas Power"},{"id":"Puget Energy, Inc.","ald_sector":"Power","technology":"OilCap","port_weight":0.0236,"allocation":"portfolio_weight","scenario_source":"GECO2023","scenario":"1.5C","year":2028,"asset_class":"Corporate Bonds","ald_sector_translation":"Power","asset_class_translation":"Corporate Bonds","technology_translation":"Oil Power"},{"id":"Puget Energy, Inc.","ald_sector":"Power","technology":"CoalCap","port_weight":0.0236,"allocation":"portfolio_weight","scenario_source":"GECO2023","scenario":"1.5C","year":2028,"asset_class":"Corporate Bonds","ald_sector_translation":"Power","asset_class_translation":"Corporate Bonds","technology_translation":"Coal Power"}]
