asset_class,equity_market,portfolio_name,this_portfolio,ald_sector,technology,plan_carsten,sector_sum,sector_prcnt,cumsum,sector_cumprcnt,green,green_sum,green_prcnt,asset_class_translation,equity_market_translation,ald_sector_translation,technology_translation,portfolio_name_translation
Corporate Bonds,Global Market,Default Portfolio,TRUE,Power,RenewablesCap,0.0012,0.1248,0.0096,0,0,TRUE,0.08,0.6413,Corporate Bonds,Global Market,Power,Renewables,Default Portfolio
Corporate Bonds,Global Market,Default Portfolio,TRUE,Power,HydroCap,0.0493,0.1248,0.3952,0.0012,0.0096,TRUE,0.08,0.6413,Corporate Bonds,Global Market,Power,Hydropower,Default Portfolio
Corporate Bonds,Global Market,Default Portfolio,TRUE,Power,NuclearCap,0.0295,0.1248,0.2365,0.0505,0.4048,TRUE,0.08,0.6413,Corporate Bonds,Global Market,Power,Nuclear Power,Default Portfolio
Corporate Bonds,Global Market,Default Portfolio,TRUE,Power,GasCap,0.0227,0.1248,0.1816,0.08,0.6413,FALSE,0.0448,0.3587,Corporate Bonds,Global Market,Power,Gas Power,Default Portfolio
Corporate Bonds,Global Market,Default Portfolio,TRUE,Power,OilCap,0.004,0.1248,0.0324,0.1027,0.8229,FALSE,0.0448,0.3587,Corporate Bonds,Global Market,Power,Oil Power,Default Portfolio
Corporate Bonds,Global Market,Default Portfolio,TRUE,Power,CoalCap,0.0181,0.1248,0.1447,0.1067,0.8553,FALSE,0.0448,0.3587,Corporate Bonds,Global Market,Power,Coal Power,Default Portfolio
Corporate Bonds,Global Market,Default Portfolio,TRUE,Automotive,Electric,0.0076,0.1016,0.0746,0,0,TRUE,0.0138,0.1355,Corporate Bonds,Global Market,Automotive,LDV: Electric,Default Portfolio
Corporate Bonds,Global Market,Default Portfolio,TRUE,Automotive,FuelCell,0,0.1016,0,0.0076,0.0746,TRUE,0.0138,0.1355,Corporate Bonds,Global Market,Automotive,LDV: Fuel Cell,Default Portfolio
Corporate Bonds,Global Market,Default Portfolio,TRUE,Automotive,Hybrid,0.0062,0.1016,0.0609,0.0076,0.0746,TRUE,0.0138,0.1355,Corporate Bonds,Global Market,Automotive,LDV: Hybrid,Default Portfolio
Corporate Bonds,Global Market,Default Portfolio,TRUE,Automotive,ICE,0.0878,0.1016,0.8645,0.0138,0.1355,FALSE,0.0878,0.8645,Corporate Bonds,Global Market,Automotive,LDV: ICE,Default Portfolio
Corporate Bonds,Global Market,Default Portfolio,TRUE,Coal,Coal,0.1118,0.1118,1,0,0,FALSE,0.1118,1,Corporate Bonds,Global Market,Coal,Coal,Default Portfolio
Corporate Bonds,Global Market,Default Portfolio,TRUE,Cement,Integrated facility,0.0584,0.0584,1,0,0,FALSE,0.0584,1,Corporate Bonds,Global Market,Cement,Integrated facility,Default Portfolio
Corporate Bonds,Global Market,Default Portfolio,TRUE,Steel,Electric Arc Furnace,0.0197,0.1057,0.1862,0,0,TRUE,0.0197,0.1862,Corporate Bonds,Global Market,Steel,Electric Arc Furnace,Default Portfolio
Corporate Bonds,Global Market,Default Portfolio,TRUE,Steel,Open Hearth Furnace,0,0.1057,0,0.0197,0.1862,FALSE,0.0861,0.8138,Corporate Bonds,Global Market,Steel,Open Hearth Furnace,Default Portfolio
Corporate Bonds,Global Market,Default Portfolio,TRUE,Steel,Basic Oxygen Furnace,0.0861,0.1057,0.8138,0.0197,0.1862,FALSE,0.0861,0.8138,Corporate Bonds,Global Market,Steel,Basic Oxygen Furnace,Default Portfolio
Corporate Bonds,Global Market,Default Portfolio,TRUE,Aviation,Freight,0.0652,0.1075,0.607,0,0,FALSE,0.1075,1,Corporate Bonds,Global Market,Aviation,Freight,Default Portfolio
Corporate Bonds,Global Market,Default Portfolio,TRUE,Aviation,Passenger,0.0422,0.1075,0.393,0.0652,0.607,FALSE,0.1075,1,Corporate Bonds,Global Market,Aviation,Passenger,Default Portfolio
Corporate Bonds,Global Market,iShares Global Corp Bond UCITS ETF,FALSE,Power,RenewablesCap,0.011,0.0454,0.2424,0,0,TRUE,0.0204,0.449,Corporate Bonds,Global Market,Power,Renewables,iShares Global Corp Bond UCITS ETF
Corporate Bonds,Global Market,iShares Global Corp Bond UCITS ETF,FALSE,Power,HydroCap,0.0048,0.0454,0.1068,0.011,0.2424,TRUE,0.0204,0.449,Corporate Bonds,Global Market,Power,Hydropower,iShares Global Corp Bond UCITS ETF
Corporate Bonds,Global Market,iShares Global Corp Bond UCITS ETF,FALSE,Power,NuclearCap,0.0045,0.0454,0.0998,0.0158,0.3492,TRUE,0.0204,0.449,Corporate Bonds,Global Market,Power,Nuclear Power,iShares Global Corp Bond UCITS ETF
Corporate Bonds,Global Market,iShares Global Corp Bond UCITS ETF,FALSE,Power,GasCap,0.0153,0.0454,0.337,0.0204,0.449,FALSE,0.025,0.551,Corporate Bonds,Global Market,Power,Gas Power,iShares Global Corp Bond UCITS ETF
Corporate Bonds,Global Market,iShares Global Corp Bond UCITS ETF,FALSE,Power,OilCap,0.0027,0.0454,0.0589,0.0356,0.7859,FALSE,0.025,0.551,Corporate Bonds,Global Market,Power,Oil Power,iShares Global Corp Bond UCITS ETF
Corporate Bonds,Global Market,iShares Global Corp Bond UCITS ETF,FALSE,Power,CoalCap,0.007,0.0454,0.1552,0.0383,0.8448,FALSE,0.025,0.551,Corporate Bonds,Global Market,Power,Coal Power,iShares Global Corp Bond UCITS ETF
Corporate Bonds,Global Market,iShares Global Corp Bond UCITS ETF,FALSE,Automotive,Electric,3e-4,0.0052,0.0557,0,0,TRUE,5e-4,0.0896,Corporate Bonds,Global Market,Automotive,LDV: Electric,iShares Global Corp Bond UCITS ETF
Corporate Bonds,Global Market,iShares Global Corp Bond UCITS ETF,FALSE,Automotive,FuelCell,2.0765e-7,0.0052,0,3e-4,0.0557,TRUE,5e-4,0.0896,Corporate Bonds,Global Market,Automotive,LDV: Fuel Cell,iShares Global Corp Bond UCITS ETF
Corporate Bonds,Global Market,iShares Global Corp Bond UCITS ETF,FALSE,Automotive,Hybrid,2e-4,0.0052,0.0338,3e-4,0.0558,TRUE,5e-4,0.0896,Corporate Bonds,Global Market,Automotive,LDV: Hybrid,iShares Global Corp Bond UCITS ETF
Corporate Bonds,Global Market,iShares Global Corp Bond UCITS ETF,FALSE,Automotive,ICE,0.0047,0.0052,0.9104,5e-4,0.0896,FALSE,0.0047,0.9104,Corporate Bonds,Global Market,Automotive,LDV: ICE,iShares Global Corp Bond UCITS ETF
Corporate Bonds,Global Market,iShares Global Corp Bond UCITS ETF,FALSE,Coal,Coal,0.003,0.003,1,0,0,FALSE,0.003,1,Corporate Bonds,Global Market,Coal,Coal,iShares Global Corp Bond UCITS ETF
Corporate Bonds,Global Market,iShares Global Corp Bond UCITS ETF,FALSE,Cement,Integrated facility,0.0028,0.0028,1,0,0,FALSE,0.0028,1,Corporate Bonds,Global Market,Cement,Integrated facility,iShares Global Corp Bond UCITS ETF
Corporate Bonds,Global Market,iShares Global Corp Bond UCITS ETF,FALSE,Steel,Electric Arc Furnace,8e-4,0.0018,0.4517,0,0,TRUE,8e-4,0.4517,Corporate Bonds,Global Market,Steel,Electric Arc Furnace,iShares Global Corp Bond UCITS ETF
Corporate Bonds,Global Market,iShares Global Corp Bond UCITS ETF,FALSE,Steel,Open Hearth Furnace,0,0.0018,0,8e-4,0.4517,FALSE,0.001,0.5483,Corporate Bonds,Global Market,Steel,Open Hearth Furnace,iShares Global Corp Bond UCITS ETF
Corporate Bonds,Global Market,iShares Global Corp Bond UCITS ETF,FALSE,Steel,Basic Oxygen Furnace,0.001,0.0018,0.5483,8e-4,0.4517,FALSE,0.001,0.5483,Corporate Bonds,Global Market,Steel,Basic Oxygen Furnace,iShares Global Corp Bond UCITS ETF
Corporate Bonds,Global Market,iShares Global Corp Bond UCITS ETF,FALSE,Aviation,Freight,0.0033,0.0052,0.6393,0,0,FALSE,0.0052,1,Corporate Bonds,Global Market,Aviation,Freight,iShares Global Corp Bond UCITS ETF
Corporate Bonds,Global Market,iShares Global Corp Bond UCITS ETF,FALSE,Aviation,Passenger,0.0019,0.0052,0.3607,0.0033,0.6393,FALSE,0.0052,1,Corporate Bonds,Global Market,Aviation,Passenger,iShares Global Corp Bond UCITS ETF
Listed Equity,Global Market,Default Portfolio,TRUE,Power,RenewablesCap,0.0879,0.1352,0.6499,0,0,TRUE,0.1037,0.7666,Listed Equity,Global Market,Power,Renewables,Default Portfolio
Listed Equity,Global Market,Default Portfolio,TRUE,Power,HydroCap,0.0158,0.1352,0.1167,0.0879,0.6499,TRUE,0.1037,0.7666,Listed Equity,Global Market,Power,Hydropower,Default Portfolio
Listed Equity,Global Market,Default Portfolio,TRUE,Power,NuclearCap,0,0.1352,0,0.1037,0.7666,TRUE,0.1037,0.7666,Listed Equity,Global Market,Power,Nuclear Power,Default Portfolio
Listed Equity,Global Market,Default Portfolio,TRUE,Power,GasCap,0.0164,0.1352,0.1216,0.1037,0.7666,FALSE,0.0316,0.2334,Listed Equity,Global Market,Power,Gas Power,Default Portfolio
Listed Equity,Global Market,Default Portfolio,TRUE,Power,OilCap,0.0085,0.1352,0.0627,0.1201,0.8882,FALSE,0.0316,0.2334,Listed Equity,Global Market,Power,Oil Power,Default Portfolio
Listed Equity,Global Market,Default Portfolio,TRUE,Power,CoalCap,0.0066,0.1352,0.0491,0.1286,0.9509,FALSE,0.0316,0.2334,Listed Equity,Global Market,Power,Coal Power,Default Portfolio
Listed Equity,Global Market,Default Portfolio,TRUE,Automotive,Electric,0.0123,0.1091,0.1132,0,0,TRUE,0.0204,0.187,Listed Equity,Global Market,Automotive,LDV: Electric,Default Portfolio
Listed Equity,Global Market,Default Portfolio,TRUE,Automotive,FuelCell,0,0.1091,4e-4,0.0123,0.1132,TRUE,0.0204,0.187,Listed Equity,Global Market,Automotive,LDV: Fuel Cell,Default Portfolio
Listed Equity,Global Market,Default Portfolio,TRUE,Automotive,Hybrid,0.008,0.1091,0.0734,0.0124,0.1137,TRUE,0.0204,0.187,Listed Equity,Global Market,Automotive,LDV: Hybrid,Default Portfolio
Listed Equity,Global Market,Default Portfolio,TRUE,Automotive,ICE,0.0887,0.1091,0.813,0.0204,0.187,FALSE,0.0887,0.813,Listed Equity,Global Market,Automotive,LDV: ICE,Default Portfolio
Listed Equity,Global Market,Default Portfolio,TRUE,Coal,Coal,0.0286,0.0286,1,0,0,FALSE,0.0286,1,Listed Equity,Global Market,Coal,Coal,Default Portfolio
Listed Equity,Global Market,Default Portfolio,TRUE,Cement,Integrated facility,0.1206,0.1206,1,0,0,FALSE,0.1206,1,Listed Equity,Global Market,Cement,Integrated facility,Default Portfolio
Listed Equity,Global Market,Default Portfolio,TRUE,Steel,Electric Arc Furnace,0.0946,0.1191,0.794,0,0,TRUE,0.0946,0.794,Listed Equity,Global Market,Steel,Electric Arc Furnace,Default Portfolio
Listed Equity,Global Market,Default Portfolio,TRUE,Steel,Open Hearth Furnace,0,0.1191,0,0.0946,0.794,FALSE,0.0245,0.206,Listed Equity,Global Market,Steel,Open Hearth Furnace,Default Portfolio
Listed Equity,Global Market,Default Portfolio,TRUE,Steel,Basic Oxygen Furnace,0.0245,0.1191,0.206,0.0946,0.794,FALSE,0.0245,0.206,Listed Equity,Global Market,Steel,Basic Oxygen Furnace,Default Portfolio
Listed Equity,Global Market,Default Portfolio,TRUE,Aviation,Freight,7e-4,0.0996,0.0066,0,0,FALSE,0.0996,1,Listed Equity,Global Market,Aviation,Freight,Default Portfolio
Listed Equity,Global Market,Default Portfolio,TRUE,Aviation,Passenger,0.0989,0.0996,0.9934,7e-4,0.0066,FALSE,0.0996,1,Listed Equity,Global Market,Aviation,Passenger,Default Portfolio
Listed Equity,Global Market,iShares Core S&P 500 ETF,FALSE,Power,RenewablesCap,0.0064,0.0236,0.2696,0,0,TRUE,0.0109,0.4609,Listed Equity,Global Market,Power,Renewables,iShares Core S&P 500 ETF
Listed Equity,Global Market,iShares Core S&P 500 ETF,FALSE,Power,HydroCap,0.0012,0.0236,0.052,0.0064,0.2696,TRUE,0.0109,0.4609,Listed Equity,Global Market,Power,Hydropower,iShares Core S&P 500 ETF
Listed Equity,Global Market,iShares Core S&P 500 ETF,FALSE,Power,NuclearCap,0.0033,0.0236,0.1393,0.0076,0.3216,TRUE,0.0109,0.4609,Listed Equity,Global Market,Power,Nuclear Power,iShares Core S&P 500 ETF
Listed Equity,Global Market,iShares Core S&P 500 ETF,FALSE,Power,GasCap,0.0078,0.0236,0.3291,0.0109,0.4609,FALSE,0.0127,0.5391,Listed Equity,Global Market,Power,Gas Power,iShares Core S&P 500 ETF
Listed Equity,Global Market,iShares Core S&P 500 ETF,FALSE,Power,OilCap,8e-4,0.0236,0.0344,0.0186,0.79,FALSE,0.0127,0.5391,Listed Equity,Global Market,Power,Oil Power,iShares Core S&P 500 ETF
Listed Equity,Global Market,iShares Core S&P 500 ETF,FALSE,Power,CoalCap,0.0041,0.0236,0.1756,0.0194,0.8244,FALSE,0.0127,0.5391,Listed Equity,Global Market,Power,Coal Power,iShares Core S&P 500 ETF
Listed Equity,Global Market,iShares Core S&P 500 ETF,FALSE,Automotive,Electric,0.0173,0.0196,0.883,0,0,TRUE,0.0174,0.8853,Listed Equity,Global Market,Automotive,LDV: Electric,iShares Core S&P 500 ETF
Listed Equity,Global Market,iShares Core S&P 500 ETF,FALSE,Automotive,FuelCell,0,0.0196,0,0.0173,0.883,TRUE,0.0174,0.8853,Listed Equity,Global Market,Automotive,LDV: Fuel Cell,iShares Core S&P 500 ETF
Listed Equity,Global Market,iShares Core S&P 500 ETF,FALSE,Automotive,Hybrid,0,0.0196,0.0024,0.0173,0.883,TRUE,0.0174,0.8853,Listed Equity,Global Market,Automotive,LDV: Hybrid,iShares Core S&P 500 ETF
Listed Equity,Global Market,iShares Core S&P 500 ETF,FALSE,Automotive,ICE,0.0022,0.0196,0.1147,0.0174,0.8853,FALSE,0.0022,0.1147,Listed Equity,Global Market,Automotive,LDV: ICE,iShares Core S&P 500 ETF
Listed Equity,Global Market,iShares Core S&P 500 ETF,FALSE,Cement,Integrated facility,8e-4,8e-4,1,0,0,FALSE,8e-4,1,Listed Equity,Global Market,Cement,Integrated facility,iShares Core S&P 500 ETF
Listed Equity,Global Market,iShares Core S&P 500 ETF,FALSE,Steel,Electric Arc Furnace,0.0015,0.0015,1,0,0,TRUE,0.0015,1,Listed Equity,Global Market,Steel,Electric Arc Furnace,iShares Core S&P 500 ETF
Listed Equity,Global Market,iShares Core S&P 500 ETF,FALSE,Steel,Open Hearth Furnace,0,0.0015,0,0.0015,1,FALSE,0,0,Listed Equity,Global Market,Steel,Open Hearth Furnace,iShares Core S&P 500 ETF
Listed Equity,Global Market,iShares Core S&P 500 ETF,FALSE,Steel,Basic Oxygen Furnace,0,0.0015,0,0.0015,1,FALSE,0,0,Listed Equity,Global Market,Steel,Basic Oxygen Furnace,iShares Core S&P 500 ETF
Listed Equity,Global Market,iShares Core S&P 500 ETF,FALSE,Aviation,Freight,0.0043,0.006,0.7243,0,0,FALSE,0.006,1,Listed Equity,Global Market,Aviation,Freight,iShares Core S&P 500 ETF
Listed Equity,Global Market,iShares Core S&P 500 ETF,FALSE,Aviation,Passenger,0.0016,0.006,0.2757,0.0043,0.7243,FALSE,0.006,1,Listed Equity,Global Market,Aviation,Passenger,iShares Core S&P 500 ETF
Listed Equity,Global Market,iShares MSCI ACWI ETF,FALSE,Power,RenewablesCap,0.0084,0.0284,0.2952,0,0,TRUE,0.0134,0.4733,Listed Equity,Global Market,Power,Renewables,iShares MSCI ACWI ETF
Listed Equity,Global Market,iShares MSCI ACWI ETF,FALSE,Power,HydroCap,0.0026,0.0284,0.0931,0.0084,0.2952,TRUE,0.0134,0.4733,Listed Equity,Global Market,Power,Hydropower,iShares MSCI ACWI ETF
Listed Equity,Global Market,iShares MSCI ACWI ETF,FALSE,Power,NuclearCap,0.0024,0.0284,0.085,0.011,0.3883,TRUE,0.0134,0.4733,Listed Equity,Global Market,Power,Nuclear Power,iShares MSCI ACWI ETF
Listed Equity,Global Market,iShares MSCI ACWI ETF,FALSE,Power,GasCap,0.0086,0.0284,0.3024,0.0134,0.4733,FALSE,0.0149,0.5267,Listed Equity,Global Market,Power,Gas Power,iShares MSCI ACWI ETF
Listed Equity,Global Market,iShares MSCI ACWI ETF,FALSE,Power,OilCap,0.0011,0.0284,0.0403,0.022,0.7757,FALSE,0.0149,0.5267,Listed Equity,Global Market,Power,Oil Power,iShares MSCI ACWI ETF
Listed Equity,Global Market,iShares MSCI ACWI ETF,FALSE,Power,CoalCap,0.0052,0.0284,0.1839,0.0232,0.8161,FALSE,0.0149,0.5267,Listed Equity,Global Market,Power,Coal Power,iShares MSCI ACWI ETF
Listed Equity,Global Market,iShares MSCI ACWI ETF,FALSE,Automotive,Electric,0.0128,0.0193,0.6628,0,0,TRUE,0.0132,0.6825,Listed Equity,Global Market,Automotive,LDV: Electric,iShares MSCI ACWI ETF
Listed Equity,Global Market,iShares MSCI ACWI ETF,FALSE,Automotive,FuelCell,1.3751e-7,0.0193,7.1264e-6,0.0128,0.6628,TRUE,0.0132,0.6825,Listed Equity,Global Market,Automotive,LDV: Fuel Cell,iShares MSCI ACWI ETF
Listed Equity,Global Market,iShares MSCI ACWI ETF,FALSE,Automotive,Hybrid,4e-4,0.0193,0.0197,0.0128,0.6628,TRUE,0.0132,0.6825,Listed Equity,Global Market,Automotive,LDV: Hybrid,iShares MSCI ACWI ETF
Listed Equity,Global Market,iShares MSCI ACWI ETF,FALSE,Automotive,ICE,0.0061,0.0193,0.3175,0.0132,0.6825,FALSE,0.0061,0.3175,Listed Equity,Global Market,Automotive,LDV: ICE,iShares MSCI ACWI ETF
Listed Equity,Global Market,iShares MSCI ACWI ETF,FALSE,Coal,Coal,0.0012,0.0012,1,0,0,FALSE,0.0012,1,Listed Equity,Global Market,Coal,Coal,iShares MSCI ACWI ETF
Listed Equity,Global Market,iShares MSCI ACWI ETF,FALSE,Cement,Integrated facility,0.003,0.003,1,0,0,FALSE,0.003,1,Listed Equity,Global Market,Cement,Integrated facility,iShares MSCI ACWI ETF
Listed Equity,Global Market,iShares MSCI ACWI ETF,FALSE,Steel,Electric Arc Furnace,0.0015,0.0037,0.4106,0,0,TRUE,0.0015,0.4106,Listed Equity,Global Market,Steel,Electric Arc Furnace,iShares MSCI ACWI ETF
Listed Equity,Global Market,iShares MSCI ACWI ETF,FALSE,Steel,Open Hearth Furnace,0,0.0037,0.0048,0.0015,0.4106,FALSE,0.0022,0.5894,Listed Equity,Global Market,Steel,Open Hearth Furnace,iShares MSCI ACWI ETF
Listed Equity,Global Market,iShares MSCI ACWI ETF,FALSE,Steel,Basic Oxygen Furnace,0.0022,0.0037,0.5846,0.0015,0.4154,FALSE,0.0022,0.5894,Listed Equity,Global Market,Steel,Basic Oxygen Furnace,iShares MSCI ACWI ETF
Listed Equity,Global Market,iShares MSCI ACWI ETF,FALSE,Aviation,Freight,0.0039,0.0045,0.8552,0,0,FALSE,0.0045,1,Listed Equity,Global Market,Aviation,Freight,iShares MSCI ACWI ETF
Listed Equity,Global Market,iShares MSCI ACWI ETF,FALSE,Aviation,Passenger,7e-4,0.0045,0.1448,0.0039,0.8552,FALSE,0.0045,1,Listed Equity,Global Market,Aviation,Passenger,iShares MSCI ACWI ETF
Listed Equity,Global Market,iShares MSCI EM UCITS ETF USD (Acc),FALSE,Power,RenewablesCap,0.0071,0.0342,0.2065,0,0,TRUE,0.0172,0.503,Listed Equity,Global Market,Power,Renewables,iShares MSCI EM UCITS ETF USD (Acc)
Listed Equity,Global Market,iShares MSCI EM UCITS ETF USD (Acc),FALSE,Power,HydroCap,0.0094,0.0342,0.2748,0.0071,0.2065,TRUE,0.0172,0.503,Listed Equity,Global Market,Power,Hydropower,iShares MSCI EM UCITS ETF USD (Acc)
Listed Equity,Global Market,iShares MSCI EM UCITS ETF USD (Acc),FALSE,Power,NuclearCap,7e-4,0.0342,0.0217,0.0165,0.4813,TRUE,0.0172,0.503,Listed Equity,Global Market,Power,Nuclear Power,iShares MSCI EM UCITS ETF USD (Acc)
Listed Equity,Global Market,iShares MSCI EM UCITS ETF USD (Acc),FALSE,Power,GasCap,0.0072,0.0342,0.2103,0.0172,0.503,FALSE,0.017,0.497,Listed Equity,Global Market,Power,Gas Power,iShares MSCI EM UCITS ETF USD (Acc)
Listed Equity,Global Market,iShares MSCI EM UCITS ETF USD (Acc),FALSE,Power,OilCap,0.0021,0.0342,0.0614,0.0244,0.7133,FALSE,0.017,0.497,Listed Equity,Global Market,Power,Oil Power,iShares MSCI EM UCITS ETF USD (Acc)
Listed Equity,Global Market,iShares MSCI EM UCITS ETF USD (Acc),FALSE,Power,CoalCap,0.0077,0.0342,0.2252,0.0265,0.7748,FALSE,0.017,0.497,Listed Equity,Global Market,Power,Coal Power,iShares MSCI EM UCITS ETF USD (Acc)
Listed Equity,Global Market,iShares MSCI EM UCITS ETF USD (Acc),FALSE,Automotive,Electric,0.0113,0.0139,0.8161,0,0,TRUE,0.0115,0.8288,Listed Equity,Global Market,Automotive,LDV: Electric,iShares MSCI EM UCITS ETF USD (Acc)
Listed Equity,Global Market,iShares MSCI EM UCITS ETF USD (Acc),FALSE,Automotive,FuelCell,1.7191e-8,0.0139,1.2384e-6,0.0113,0.8161,TRUE,0.0115,0.8288,Listed Equity,Global Market,Automotive,LDV: Fuel Cell,iShares MSCI EM UCITS ETF USD (Acc)
Listed Equity,Global Market,iShares MSCI EM UCITS ETF USD (Acc),FALSE,Automotive,Hybrid,2e-4,0.0139,0.0127,0.0113,0.8161,TRUE,0.0115,0.8288,Listed Equity,Global Market,Automotive,LDV: Hybrid,iShares MSCI EM UCITS ETF USD (Acc)
Listed Equity,Global Market,iShares MSCI EM UCITS ETF USD (Acc),FALSE,Automotive,ICE,0.0024,0.0139,0.1712,0.0115,0.8288,FALSE,0.0024,0.1712,Listed Equity,Global Market,Automotive,LDV: ICE,iShares MSCI EM UCITS ETF USD (Acc)
Listed Equity,Global Market,iShares MSCI EM UCITS ETF USD (Acc),FALSE,Coal,Coal,0.0052,0.0052,1,0,0,FALSE,0.0052,1,Listed Equity,Global Market,Coal,Coal,iShares MSCI EM UCITS ETF USD (Acc)
Listed Equity,Global Market,iShares MSCI EM UCITS ETF USD (Acc),FALSE,Cement,Integrated facility,0.0021,0.0021,1,0,0,FALSE,0.0021,1,Listed Equity,Global Market,Cement,Integrated facility,iShares MSCI EM UCITS ETF USD (Acc)
Listed Equity,Global Market,iShares MSCI EM UCITS ETF USD (Acc),FALSE,Steel,Electric Arc Furnace,0.0032,0.0303,0.1052,0,0,TRUE,0.0032,0.1052,Listed Equity,Global Market,Steel,Electric Arc Furnace,iShares MSCI EM UCITS ETF USD (Acc)
Listed Equity,Global Market,iShares MSCI EM UCITS ETF USD (Acc),FALSE,Steel,Open Hearth Furnace,0,0.0303,0,0.0032,0.1052,FALSE,0.0271,0.8948,Listed Equity,Global Market,Steel,Open Hearth Furnace,iShares MSCI EM UCITS ETF USD (Acc)
Listed Equity,Global Market,iShares MSCI EM UCITS ETF USD (Acc),FALSE,Steel,Basic Oxygen Furnace,0.0271,0.0303,0.8948,0.0032,0.1052,FALSE,0.0271,0.8948,Listed Equity,Global Market,Steel,Basic Oxygen Furnace,iShares MSCI EM UCITS ETF USD (Acc)
Listed Equity,Global Market,iShares MSCI EM UCITS ETF USD (Acc),FALSE,Aviation,Freight,0.0015,0.0039,0.382,0,0,FALSE,0.0039,1,Listed Equity,Global Market,Aviation,Freight,iShares MSCI EM UCITS ETF USD (Acc)
Listed Equity,Global Market,iShares MSCI EM UCITS ETF USD (Acc),FALSE,Aviation,Passenger,0.0024,0.0039,0.618,0.0015,0.382,FALSE,0.0039,1,Listed Equity,Global Market,Aviation,Passenger,iShares MSCI EM UCITS ETF USD (Acc)
Listed Equity,Global Market,iShares MSCI World ETF,FALSE,Power,RenewablesCap,0.0085,0.0282,0.3016,0,0,TRUE,0.0134,0.477,Listed Equity,Global Market,Power,Renewables,iShares MSCI World ETF
Listed Equity,Global Market,iShares MSCI World ETF,FALSE,Power,HydroCap,0.0023,0.0282,0.0829,0.0085,0.3016,TRUE,0.0134,0.477,Listed Equity,Global Market,Power,Hydropower,iShares MSCI World ETF
Listed Equity,Global Market,iShares MSCI World ETF,FALSE,Power,NuclearCap,0.0026,0.0282,0.0925,0.0108,0.3845,TRUE,0.0134,0.477,Listed Equity,Global Market,Power,Nuclear Power,iShares MSCI World ETF
Listed Equity,Global Market,iShares MSCI World ETF,FALSE,Power,GasCap,0.0086,0.0282,0.3045,0.0134,0.477,FALSE,0.0147,0.523,Listed Equity,Global Market,Power,Gas Power,iShares MSCI World ETF
Listed Equity,Global Market,iShares MSCI World ETF,FALSE,Power,OilCap,0.0011,0.0282,0.0408,0.022,0.7815,FALSE,0.0147,0.523,Listed Equity,Global Market,Power,Oil Power,iShares MSCI World ETF
Listed Equity,Global Market,iShares MSCI World ETF,FALSE,Power,CoalCap,0.005,0.0282,0.1778,0.0232,0.8222,FALSE,0.0147,0.523,Listed Equity,Global Market,Power,Coal Power,iShares MSCI World ETF
Listed Equity,Global Market,iShares MSCI World ETF,FALSE,Automotive,Electric,0.0135,0.02,0.6771,0,0,TRUE,0.0139,0.6952,Listed Equity,Global Market,Automotive,LDV: Electric,iShares MSCI World ETF
Listed Equity,Global Market,iShares MSCI World ETF,FALSE,Automotive,FuelCell,1.5584e-7,0.02,7.7888e-6,0.0135,0.6771,TRUE,0.0139,0.6952,Listed Equity,Global Market,Automotive,LDV: Fuel Cell,iShares MSCI World ETF
Listed Equity,Global Market,iShares MSCI World ETF,FALSE,Automotive,Hybrid,4e-4,0.02,0.0181,0.0135,0.6771,TRUE,0.0139,0.6952,Listed Equity,Global Market,Automotive,LDV: Hybrid,iShares MSCI World ETF
Listed Equity,Global Market,iShares MSCI World ETF,FALSE,Automotive,ICE,0.0061,0.02,0.3048,0.0139,0.6952,FALSE,0.0061,0.3048,Listed Equity,Global Market,Automotive,LDV: ICE,iShares MSCI World ETF
Listed Equity,Global Market,iShares MSCI World ETF,FALSE,Coal,Coal,0.001,0.001,1,0,0,FALSE,0.001,1,Listed Equity,Global Market,Coal,Coal,iShares MSCI World ETF
Listed Equity,Global Market,iShares MSCI World ETF,FALSE,Cement,Integrated facility,0.0028,0.0028,1,0,0,FALSE,0.0028,1,Listed Equity,Global Market,Cement,Integrated facility,iShares MSCI World ETF
Listed Equity,Global Market,iShares MSCI World ETF,FALSE,Steel,Electric Arc Furnace,0.0014,0.0023,0.5937,0,0,TRUE,0.0014,0.5937,Listed Equity,Global Market,Steel,Electric Arc Furnace,iShares MSCI World ETF
Listed Equity,Global Market,iShares MSCI World ETF,FALSE,Steel,Open Hearth Furnace,0,0.0023,0.0079,0.0014,0.5937,FALSE,9e-4,0.4063,Listed Equity,Global Market,Steel,Open Hearth Furnace,iShares MSCI World ETF
Listed Equity,Global Market,iShares MSCI World ETF,FALSE,Steel,Basic Oxygen Furnace,9e-4,0.0023,0.3984,0.0014,0.6016,FALSE,9e-4,0.4063,Listed Equity,Global Market,Steel,Basic Oxygen Furnace,iShares MSCI World ETF
Listed Equity,Global Market,iShares MSCI World ETF,FALSE,Aviation,Freight,0.0041,0.0046,0.9075,0,0,FALSE,0.0046,1,Listed Equity,Global Market,Aviation,Freight,iShares MSCI World ETF
Listed Equity,Global Market,iShares MSCI World ETF,FALSE,Aviation,Passenger,4e-4,0.0046,0.0925,0.0041,0.9075,FALSE,0.0046,1,Listed Equity,Global Market,Aviation,Passenger,iShares MSCI World ETF
