[{"id":"Geely Automobile Holdings Ltd.","ald_sector":"Automotive","technology":"Electric","plan_tech_share":0.5151,"port_weight":0.0398,"allocation":"portfolio_weight","scenario_source":"GECO2022","scenario":"1.5C","year":2027,"asset_class":"Listed Equity","ald_sector_translation":"Automotive","asset_class_translation":"Listed Equity","technology_translation":"LDV: Electric"},{"id":"Geely Automobile Holdings Ltd.","ald_sector":"Automotive","technology":"Electric","plan_tech_share":0.5151,"port_weight":0.0398,"allocation":"portfolio_weight","scenario_source":"GECO2022","scenario":"NDC_LTS","year":2027,"asset_class":"Listed Equity","ald_sector_translation":"Automotive","asset_class_translation":"Listed Equity","technology_translation":"LDV: Electric"},{"id":"Geely Automobile Holdings Ltd.","ald_sector":"Automotive","technology":"Electric","plan_tech_share":0.5151,"port_weight":0.0398,"allocation":"portfolio_weight","scenario_source":"GECO2022","scenario":"Reference","year":2027,"asset_class":"Listed Equity","ald_sector_translation":"Automotive","asset_class_translation":"Listed Equity","technology_translation":"LDV: Electric"},{"id":"Geely Automobile Holdings Ltd.","ald_sector":"Automotive","technology":"Electric","plan_tech_share":0.5151,"port_weight":0.0398,"allocation":"portfolio_weight","scenario_source":"WEO2022","scenario":"APS","year":2027,"asset_class":"Listed Equity","ald_sector_translation":"Automotive","asset_class_translation":"Listed Equity","technology_translation":"LDV: Electric"},{"id":"Geely Automobile Holdings Ltd.","ald_sector":"Automotive","technology":"Electric","plan_tech_share":0.5151,"port_weight":0.0398,"allocation":"portfolio_weight","scenario_source":"WEO2022","scenario":"NZE_2050","year":2027,"asset_class":"Listed Equity","ald_sector_translation":"Automotive","asset_class_translation":"Listed Equity","technology_translation":"LDV: Electric"},{"id":"Geely Automobile Holdings Ltd.","ald_sector":"Automotive","technology":"Electric","plan_tech_share":0.5151,"port_weight":0.0398,"allocation":"ownership_weight","scenario_source":"GECO2022","scenario":"1.5C","year":2027,"asset_class":"Listed Equity","ald_sector_translation":"Automotive","asset_class_translation":"Listed Equity","technology_translation":"LDV: Electric"},{"id":"Geely Automobile Holdings Ltd.","ald_sector":"Automotive","technology":"Electric","plan_tech_share":0.5151,"port_weight":0.0398,"allocation":"ownership_weight","scenario_source":"GECO2022","scenario":"NDC_LTS","year":2027,"asset_class":"Listed Equity","ald_sector_translation":"Automotive","asset_class_translation":"Listed Equity","technology_translation":"LDV: Electric"},{"id":"Geely Automobile Holdings Ltd.","ald_sector":"Automotive","technology":"Electric","plan_tech_share":0.5151,"port_weight":0.0398,"allocation":"ownership_weight","scenario_source":"GECO2022","scenario":"Reference","year":2027,"asset_class":"Listed Equity","ald_sector_translation":"Automotive","asset_class_translation":"Listed Equity","technology_translation":"LDV: Electric"},{"id":"Geely Automobile Holdings Ltd.","ald_sector":"Automotive","technology":"Electric","plan_tech_share":0.5151,"port_weight":0.0398,"allocation":"ownership_weight","scenario_source":"WEO2022","scenario":"APS","year":2027,"asset_class":"Listed Equity","ald_sector_translation":"Automotive","asset_class_translation":"Listed Equity","technology_translation":"LDV: Electric"},{"id":"Geely Automobile Holdings Ltd.","ald_sector":"Automotive","technology":"Electric","plan_tech_share":0.5151,"port_weight":0.0398,"allocation":"ownership_weight","scenario_source":"WEO2022","scenario":"NZE_2050","year":2027,"asset_class":"Listed Equity","ald_sector_translation":"Automotive","asset_class_translation":"Listed Equity","technology_translation":"LDV: Electric"},{"id":"Hyundai Motor Co., Ltd.","ald_sector":"Automotive","technology":"Electric","plan_tech_share":0.1383,"port_weight":0.0386,"allocation":"portfolio_weight","scenario_source":"GECO2022","scenario":"1.5C","year":2027,"asset_class":"Listed Equity","ald_sector_translation":"Automotive","asset_class_translation":"Listed Equity","technology_translation":"LDV: Electric"},{"id":"Hyundai Motor Co., Ltd.","ald_sector":"Automotive","technology":"Electric","plan_tech_share":0.1383,"port_weight":0.0386,"allocation":"portfolio_weight","scenario_source":"GECO2022","scenario":"NDC_LTS","year":2027,"asset_class":"Listed Equity","ald_sector_translation":"Automotive","asset_class_translation":"Listed Equity","technology_translation":"LDV: Electric"},{"id":"Hyundai Motor Co., Ltd.","ald_sector":"Automotive","technology":"Electric","plan_tech_share":0.1383,"port_weight":0.0386,"allocation":"portfolio_weight","scenario_source":"GECO2022","scenario":"Reference","year":2027,"asset_class":"Listed Equity","ald_sector_translation":"Automotive","asset_class_translation":"Listed Equity","technology_translation":"LDV: Electric"},{"id":"Hyundai Motor Co., Ltd.","ald_sector":"Automotive","technology":"Electric","plan_tech_share":0.1383,"port_weight":0.0386,"allocation":"portfolio_weight","scenario_source":"WEO2022","scenario":"APS","year":2027,"asset_class":"Listed Equity","ald_sector_translation":"Automotive","asset_class_translation":"Listed Equity","technology_translation":"LDV: Electric"},{"id":"Hyundai Motor Co., Ltd.","ald_sector":"Automotive","technology":"Electric","plan_tech_share":0.1383,"port_weight":0.0386,"allocation":"portfolio_weight","scenario_source":"WEO2022","scenario":"NZE_2050","year":2027,"asset_class":"Listed Equity","ald_sector_translation":"Automotive","asset_class_translation":"Listed Equity","technology_translation":"LDV: Electric"},{"id":"Geely Automobile Holdings Ltd.","ald_sector":"Automotive","technology":"FuelCell","plan_tech_share":0,"port_weight":0.0398,"allocation":"portfolio_weight","scenario_source":"GECO2022","scenario":"1.5C","year":2027,"asset_class":"Listed Equity","ald_sector_translation":"Automotive","asset_class_translation":"Listed Equity","technology_translation":"LDV: Fuel Cell"},{"id":"Geely Automobile Holdings Ltd.","ald_sector":"Automotive","technology":"FuelCell","plan_tech_share":0,"port_weight":0.0398,"allocation":"portfolio_weight","scenario_source":"GECO2022","scenario":"NDC_LTS","year":2027,"asset_class":"Listed Equity","ald_sector_translation":"Automotive","asset_class_translation":"Listed Equity","technology_translation":"LDV: Fuel Cell"},{"id":"Geely Automobile Holdings Ltd.","ald_sector":"Automotive","technology":"FuelCell","plan_tech_share":0,"port_weight":0.0398,"allocation":"portfolio_weight","scenario_source":"GECO2022","scenario":"Reference","year":2027,"asset_class":"Listed Equity","ald_sector_translation":"Automotive","asset_class_translation":"Listed Equity","technology_translation":"LDV: Fuel Cell"},{"id":"Geely Automobile Holdings Ltd.","ald_sector":"Automotive","technology":"FuelCell","plan_tech_share":0,"port_weight":0.0398,"allocation":"portfolio_weight","scenario_source":"WEO2022","scenario":"APS","year":2027,"asset_class":"Listed Equity","ald_sector_translation":"Automotive","asset_class_translation":"Listed Equity","technology_translation":"LDV: Fuel Cell"},{"id":"Geely Automobile Holdings Ltd.","ald_sector":"Automotive","technology":"FuelCell","plan_tech_share":0,"port_weight":0.0398,"allocation":"portfolio_weight","scenario_source":"WEO2022","scenario":"NZE_2050","year":2027,"asset_class":"Listed Equity","ald_sector_translation":"Automotive","asset_class_translation":"Listed Equity","technology_translation":"LDV: Fuel Cell"},{"id":"Geely Automobile Holdings Ltd.","ald_sector":"Automotive","technology":"FuelCell","plan_tech_share":0,"port_weight":0.0398,"allocation":"ownership_weight","scenario_source":"GECO2022","scenario":"1.5C","year":2027,"asset_class":"Listed Equity","ald_sector_translation":"Automotive","asset_class_translation":"Listed Equity","technology_translation":"LDV: Fuel Cell"},{"id":"Geely Automobile Holdings Ltd.","ald_sector":"Automotive","technology":"FuelCell","plan_tech_share":0,"port_weight":0.0398,"allocation":"ownership_weight","scenario_source":"GECO2022","scenario":"NDC_LTS","year":2027,"asset_class":"Listed Equity","ald_sector_translation":"Automotive","asset_class_translation":"Listed Equity","technology_translation":"LDV: Fuel Cell"},{"id":"Geely Automobile Holdings Ltd.","ald_sector":"Automotive","technology":"FuelCell","plan_tech_share":0,"port_weight":0.0398,"allocation":"ownership_weight","scenario_source":"GECO2022","scenario":"Reference","year":2027,"asset_class":"Listed Equity","ald_sector_translation":"Automotive","asset_class_translation":"Listed Equity","technology_translation":"LDV: Fuel Cell"},{"id":"Geely Automobile Holdings Ltd.","ald_sector":"Automotive","technology":"FuelCell","plan_tech_share":0,"port_weight":0.0398,"allocation":"ownership_weight","scenario_source":"WEO2022","scenario":"APS","year":2027,"asset_class":"Listed Equity","ald_sector_translation":"Automotive","asset_class_translation":"Listed Equity","technology_translation":"LDV: Fuel Cell"},{"id":"Geely Automobile Holdings Ltd.","ald_sector":"Automotive","technology":"FuelCell","plan_tech_share":0,"port_weight":0.0398,"allocation":"ownership_weight","scenario_source":"WEO2022","scenario":"NZE_2050","year":2027,"asset_class":"Listed Equity","ald_sector_translation":"Automotive","asset_class_translation":"Listed Equity","technology_translation":"LDV: Fuel Cell"},{"id":"Hyundai Motor Co., Ltd.","ald_sector":"Automotive","technology":"FuelCell","plan_tech_share":0.0018,"port_weight":0.0386,"allocation":"portfolio_weight","scenario_source":"GECO2022","scenario":"1.5C","year":2027,"asset_class":"Listed Equity","ald_sector_translation":"Automotive","asset_class_translation":"Listed Equity","technology_translation":"LDV: Fuel Cell"},{"id":"Hyundai Motor Co., Ltd.","ald_sector":"Automotive","technology":"FuelCell","plan_tech_share":0.0018,"port_weight":0.0386,"allocation":"portfolio_weight","scenario_source":"GECO2022","scenario":"NDC_LTS","year":2027,"asset_class":"Listed Equity","ald_sector_translation":"Automotive","asset_class_translation":"Listed Equity","technology_translation":"LDV: Fuel Cell"},{"id":"Hyundai Motor Co., Ltd.","ald_sector":"Automotive","technology":"FuelCell","plan_tech_share":0.0018,"port_weight":0.0386,"allocation":"portfolio_weight","scenario_source":"GECO2022","scenario":"Reference","year":2027,"asset_class":"Listed Equity","ald_sector_translation":"Automotive","asset_class_translation":"Listed Equity","technology_translation":"LDV: Fuel Cell"},{"id":"Hyundai Motor Co., Ltd.","ald_sector":"Automotive","technology":"FuelCell","plan_tech_share":0.0018,"port_weight":0.0386,"allocation":"portfolio_weight","scenario_source":"WEO2022","scenario":"APS","year":2027,"asset_class":"Listed Equity","ald_sector_translation":"Automotive","asset_class_translation":"Listed Equity","technology_translation":"LDV: Fuel Cell"},{"id":"Hyundai Motor Co., Ltd.","ald_sector":"Automotive","technology":"FuelCell","plan_tech_share":0.0018,"port_weight":0.0386,"allocation":"portfolio_weight","scenario_source":"WEO2022","scenario":"NZE_2050","year":2027,"asset_class":"Listed Equity","ald_sector_translation":"Automotive","asset_class_translation":"Listed Equity","technology_translation":"LDV: Fuel Cell"},{"id":"Geely Automobile Holdings Ltd.","ald_sector":"Automotive","technology":"Hybrid","plan_tech_share":0.1179,"port_weight":0.0398,"allocation":"portfolio_weight","scenario_source":"GECO2022","scenario":"1.5C","year":2027,"asset_class":"Listed Equity","ald_sector_translation":"Automotive","asset_class_translation":"Listed Equity","technology_translation":"LDV: Hybrid"},{"id":"Geely Automobile Holdings Ltd.","ald_sector":"Automotive","technology":"Hybrid","plan_tech_share":0.1179,"port_weight":0.0398,"allocation":"portfolio_weight","scenario_source":"GECO2022","scenario":"NDC_LTS","year":2027,"asset_class":"Listed Equity","ald_sector_translation":"Automotive","asset_class_translation":"Listed Equity","technology_translation":"LDV: Hybrid"},{"id":"Geely Automobile Holdings Ltd.","ald_sector":"Automotive","technology":"Hybrid","plan_tech_share":0.1179,"port_weight":0.0398,"allocation":"portfolio_weight","scenario_source":"GECO2022","scenario":"Reference","year":2027,"asset_class":"Listed Equity","ald_sector_translation":"Automotive","asset_class_translation":"Listed Equity","technology_translation":"LDV: Hybrid"},{"id":"Geely Automobile Holdings Ltd.","ald_sector":"Automotive","technology":"Hybrid","plan_tech_share":0.1179,"port_weight":0.0398,"allocation":"portfolio_weight","scenario_source":"WEO2022","scenario":"APS","year":2027,"asset_class":"Listed Equity","ald_sector_translation":"Automotive","asset_class_translation":"Listed Equity","technology_translation":"LDV: Hybrid"},{"id":"Geely Automobile Holdings Ltd.","ald_sector":"Automotive","technology":"Hybrid","plan_tech_share":0.1179,"port_weight":0.0398,"allocation":"portfolio_weight","scenario_source":"WEO2022","scenario":"NZE_2050","year":2027,"asset_class":"Listed Equity","ald_sector_translation":"Automotive","asset_class_translation":"Listed Equity","technology_translation":"LDV: Hybrid"},{"id":"Geely Automobile Holdings Ltd.","ald_sector":"Automotive","technology":"Hybrid","plan_tech_share":0.1179,"port_weight":0.0398,"allocation":"ownership_weight","scenario_source":"GECO2022","scenario":"1.5C","year":2027,"asset_class":"Listed Equity","ald_sector_translation":"Automotive","asset_class_translation":"Listed Equity","technology_translation":"LDV: Hybrid"},{"id":"Geely Automobile Holdings Ltd.","ald_sector":"Automotive","technology":"Hybrid","plan_tech_share":0.1179,"port_weight":0.0398,"allocation":"ownership_weight","scenario_source":"GECO2022","scenario":"NDC_LTS","year":2027,"asset_class":"Listed Equity","ald_sector_translation":"Automotive","asset_class_translation":"Listed Equity","technology_translation":"LDV: Hybrid"},{"id":"Geely Automobile Holdings Ltd.","ald_sector":"Automotive","technology":"Hybrid","plan_tech_share":0.1179,"port_weight":0.0398,"allocation":"ownership_weight","scenario_source":"GECO2022","scenario":"Reference","year":2027,"asset_class":"Listed Equity","ald_sector_translation":"Automotive","asset_class_translation":"Listed Equity","technology_translation":"LDV: Hybrid"},{"id":"Geely Automobile Holdings Ltd.","ald_sector":"Automotive","technology":"Hybrid","plan_tech_share":0.1179,"port_weight":0.0398,"allocation":"ownership_weight","scenario_source":"WEO2022","scenario":"APS","year":2027,"asset_class":"Listed Equity","ald_sector_translation":"Automotive","asset_class_translation":"Listed Equity","technology_translation":"LDV: Hybrid"},{"id":"Geely Automobile Holdings Ltd.","ald_sector":"Automotive","technology":"Hybrid","plan_tech_share":0.1179,"port_weight":0.0398,"allocation":"ownership_weight","scenario_source":"WEO2022","scenario":"NZE_2050","year":2027,"asset_class":"Listed Equity","ald_sector_translation":"Automotive","asset_class_translation":"Listed Equity","technology_translation":"LDV: Hybrid"},{"id":"Hyundai Motor Co., Ltd.","ald_sector":"Automotive","technology":"Hybrid","plan_tech_share":0.0091,"port_weight":0.0386,"allocation":"portfolio_weight","scenario_source":"GECO2022","scenario":"1.5C","year":2027,"asset_class":"Listed Equity","ald_sector_translation":"Automotive","asset_class_translation":"Listed Equity","technology_translation":"LDV: Hybrid"},{"id":"Hyundai Motor Co., Ltd.","ald_sector":"Automotive","technology":"Hybrid","plan_tech_share":0.0091,"port_weight":0.0386,"allocation":"portfolio_weight","scenario_source":"GECO2022","scenario":"NDC_LTS","year":2027,"asset_class":"Listed Equity","ald_sector_translation":"Automotive","asset_class_translation":"Listed Equity","technology_translation":"LDV: Hybrid"},{"id":"Hyundai Motor Co., Ltd.","ald_sector":"Automotive","technology":"Hybrid","plan_tech_share":0.0091,"port_weight":0.0386,"allocation":"portfolio_weight","scenario_source":"GECO2022","scenario":"Reference","year":2027,"asset_class":"Listed Equity","ald_sector_translation":"Automotive","asset_class_translation":"Listed Equity","technology_translation":"LDV: Hybrid"},{"id":"Hyundai Motor Co., Ltd.","ald_sector":"Automotive","technology":"Hybrid","plan_tech_share":0.0091,"port_weight":0.0386,"allocation":"portfolio_weight","scenario_source":"WEO2022","scenario":"APS","year":2027,"asset_class":"Listed Equity","ald_sector_translation":"Automotive","asset_class_translation":"Listed Equity","technology_translation":"LDV: Hybrid"},{"id":"Hyundai Motor Co., Ltd.","ald_sector":"Automotive","technology":"Hybrid","plan_tech_share":0.0091,"port_weight":0.0386,"allocation":"portfolio_weight","scenario_source":"WEO2022","scenario":"NZE_2050","year":2027,"asset_class":"Listed Equity","ald_sector_translation":"Automotive","asset_class_translation":"Listed Equity","technology_translation":"LDV: Hybrid"},{"id":"Geely Automobile Holdings Ltd.","ald_sector":"Automotive","technology":"ICE","plan_tech_share":0.367,"port_weight":0.0398,"allocation":"portfolio_weight","scenario_source":"GECO2022","scenario":"1.5C","year":2027,"asset_class":"Listed Equity","ald_sector_translation":"Automotive","asset_class_translation":"Listed Equity","technology_translation":"LDV: ICE"},{"id":"Geely Automobile Holdings Ltd.","ald_sector":"Automotive","technology":"ICE","plan_tech_share":0.367,"port_weight":0.0398,"allocation":"portfolio_weight","scenario_source":"GECO2022","scenario":"NDC_LTS","year":2027,"asset_class":"Listed Equity","ald_sector_translation":"Automotive","asset_class_translation":"Listed Equity","technology_translation":"LDV: ICE"},{"id":"Geely Automobile Holdings Ltd.","ald_sector":"Automotive","technology":"ICE","plan_tech_share":0.367,"port_weight":0.0398,"allocation":"portfolio_weight","scenario_source":"GECO2022","scenario":"Reference","year":2027,"asset_class":"Listed Equity","ald_sector_translation":"Automotive","asset_class_translation":"Listed Equity","technology_translation":"LDV: ICE"},{"id":"Geely Automobile Holdings Ltd.","ald_sector":"Automotive","technology":"ICE","plan_tech_share":0.367,"port_weight":0.0398,"allocation":"portfolio_weight","scenario_source":"WEO2022","scenario":"APS","year":2027,"asset_class":"Listed Equity","ald_sector_translation":"Automotive","asset_class_translation":"Listed Equity","technology_translation":"LDV: ICE"},{"id":"Geely Automobile Holdings Ltd.","ald_sector":"Automotive","technology":"ICE","plan_tech_share":0.367,"port_weight":0.0398,"allocation":"portfolio_weight","scenario_source":"WEO2022","scenario":"NZE_2050","year":2027,"asset_class":"Listed Equity","ald_sector_translation":"Automotive","asset_class_translation":"Listed Equity","technology_translation":"LDV: ICE"},{"id":"Geely Automobile Holdings Ltd.","ald_sector":"Automotive","technology":"ICE","plan_tech_share":0.367,"port_weight":0.0398,"allocation":"ownership_weight","scenario_source":"GECO2022","scenario":"1.5C","year":2027,"asset_class":"Listed Equity","ald_sector_translation":"Automotive","asset_class_translation":"Listed Equity","technology_translation":"LDV: ICE"},{"id":"Geely Automobile Holdings Ltd.","ald_sector":"Automotive","technology":"ICE","plan_tech_share":0.367,"port_weight":0.0398,"allocation":"ownership_weight","scenario_source":"GECO2022","scenario":"NDC_LTS","year":2027,"asset_class":"Listed Equity","ald_sector_translation":"Automotive","asset_class_translation":"Listed Equity","technology_translation":"LDV: ICE"},{"id":"Geely Automobile Holdings Ltd.","ald_sector":"Automotive","technology":"ICE","plan_tech_share":0.367,"port_weight":0.0398,"allocation":"ownership_weight","scenario_source":"GECO2022","scenario":"Reference","year":2027,"asset_class":"Listed Equity","ald_sector_translation":"Automotive","asset_class_translation":"Listed Equity","technology_translation":"LDV: ICE"},{"id":"Geely Automobile Holdings Ltd.","ald_sector":"Automotive","technology":"ICE","plan_tech_share":0.367,"port_weight":0.0398,"allocation":"ownership_weight","scenario_source":"WEO2022","scenario":"APS","year":2027,"asset_class":"Listed Equity","ald_sector_translation":"Automotive","asset_class_translation":"Listed Equity","technology_translation":"LDV: ICE"},{"id":"Geely Automobile Holdings Ltd.","ald_sector":"Automotive","technology":"ICE","plan_tech_share":0.367,"port_weight":0.0398,"allocation":"ownership_weight","scenario_source":"WEO2022","scenario":"NZE_2050","year":2027,"asset_class":"Listed Equity","ald_sector_translation":"Automotive","asset_class_translation":"Listed Equity","technology_translation":"LDV: ICE"},{"id":"Hyundai Motor Co., Ltd.","ald_sector":"Automotive","technology":"ICE","plan_tech_share":0.8508,"port_weight":0.0386,"allocation":"portfolio_weight","scenario_source":"GECO2022","scenario":"1.5C","year":2027,"asset_class":"Listed Equity","ald_sector_translation":"Automotive","asset_class_translation":"Listed Equity","technology_translation":"LDV: ICE"},{"id":"Hyundai Motor Co., Ltd.","ald_sector":"Automotive","technology":"ICE","plan_tech_share":0.8508,"port_weight":0.0386,"allocation":"portfolio_weight","scenario_source":"GECO2022","scenario":"NDC_LTS","year":2027,"asset_class":"Listed Equity","ald_sector_translation":"Automotive","asset_class_translation":"Listed Equity","technology_translation":"LDV: ICE"},{"id":"Hyundai Motor Co., Ltd.","ald_sector":"Automotive","technology":"ICE","plan_tech_share":0.8508,"port_weight":0.0386,"allocation":"portfolio_weight","scenario_source":"GECO2022","scenario":"Reference","year":2027,"asset_class":"Listed Equity","ald_sector_translation":"Automotive","asset_class_translation":"Listed Equity","technology_translation":"LDV: ICE"},{"id":"Hyundai Motor Co., Ltd.","ald_sector":"Automotive","technology":"ICE","plan_tech_share":0.8508,"port_weight":0.0386,"allocation":"portfolio_weight","scenario_source":"WEO2022","scenario":"APS","year":2027,"asset_class":"Listed Equity","ald_sector_translation":"Automotive","asset_class_translation":"Listed Equity","technology_translation":"LDV: ICE"},{"id":"Hyundai Motor Co., Ltd.","ald_sector":"Automotive","technology":"ICE","plan_tech_share":0.8508,"port_weight":0.0386,"allocation":"portfolio_weight","scenario_source":"WEO2022","scenario":"NZE_2050","year":2027,"asset_class":"Listed Equity","ald_sector_translation":"Automotive","asset_class_translation":"Listed Equity","technology_translation":"LDV: ICE"},{"id":"Hyundai Motor Co., Ltd.","ald_sector":"Power","technology":"CoalCap","plan_tech_share":0,"port_weight":0.0386,"allocation":"ownership_weight","scenario_source":"GECO2022","scenario":"1.5C","year":2027,"asset_class":"Listed Equity","ald_sector_translation":"Power","asset_class_translation":"Listed Equity","technology_translation":"Coal Power"},{"id":"Hyundai Motor Co., Ltd.","ald_sector":"Power","technology":"CoalCap","plan_tech_share":0,"port_weight":0.0386,"allocation":"ownership_weight","scenario_source":"GECO2022","scenario":"NDC_LTS","year":2027,"asset_class":"Listed Equity","ald_sector_translation":"Power","asset_class_translation":"Listed Equity","technology_translation":"Coal Power"},{"id":"Hyundai Motor Co., Ltd.","ald_sector":"Power","technology":"CoalCap","plan_tech_share":0,"port_weight":0.0386,"allocation":"ownership_weight","scenario_source":"GECO2022","scenario":"Reference","year":2027,"asset_class":"Listed Equity","ald_sector_translation":"Power","asset_class_translation":"Listed Equity","technology_translation":"Coal Power"},{"id":"Hyundai Motor Co., Ltd.","ald_sector":"Power","technology":"CoalCap","plan_tech_share":0,"port_weight":0.0386,"allocation":"ownership_weight","scenario_source":"ISF2021","scenario":"NZE","year":2027,"asset_class":"Listed Equity","ald_sector_translation":"Power","asset_class_translation":"Listed Equity","technology_translation":"Coal Power"},{"id":"Hyundai Motor Co., Ltd.","ald_sector":"Power","technology":"CoalCap","plan_tech_share":0,"port_weight":0.0386,"allocation":"ownership_weight","scenario_source":"WEO2022","scenario":"APS","year":2027,"asset_class":"Listed Equity","ald_sector_translation":"Power","asset_class_translation":"Listed Equity","technology_translation":"Coal Power"},{"id":"Hyundai Motor Co., Ltd.","ald_sector":"Power","technology":"CoalCap","plan_tech_share":0,"port_weight":0.0386,"allocation":"ownership_weight","scenario_source":"WEO2022","scenario":"NZE_2050","year":2027,"asset_class":"Listed Equity","ald_sector_translation":"Power","asset_class_translation":"Listed Equity","technology_translation":"Coal Power"},{"id":"Hyundai Motor Co., Ltd.","ald_sector":"Power","technology":"CoalCap","plan_tech_share":0,"port_weight":0.0386,"allocation":"ownership_weight","scenario_source":"WEO2022","scenario":"STEPS","year":2027,"asset_class":"Listed Equity","ald_sector_translation":"Power","asset_class_translation":"Listed Equity","technology_translation":"Coal Power"},{"id":"Energisa SA","ald_sector":"Power","technology":"CoalCap","plan_tech_share":0,"port_weight":0.0382,"allocation":"portfolio_weight","scenario_source":"GECO2022","scenario":"1.5C","year":2027,"asset_class":"Listed Equity","ald_sector_translation":"Power","asset_class_translation":"Listed Equity","technology_translation":"Coal Power"},{"id":"Energisa SA","ald_sector":"Power","technology":"CoalCap","plan_tech_share":0,"port_weight":0.0382,"allocation":"portfolio_weight","scenario_source":"GECO2022","scenario":"NDC_LTS","year":2027,"asset_class":"Listed Equity","ald_sector_translation":"Power","asset_class_translation":"Listed Equity","technology_translation":"Coal Power"},{"id":"Energisa SA","ald_sector":"Power","technology":"CoalCap","plan_tech_share":0,"port_weight":0.0382,"allocation":"portfolio_weight","scenario_source":"GECO2022","scenario":"Reference","year":2027,"asset_class":"Listed Equity","ald_sector_translation":"Power","asset_class_translation":"Listed Equity","technology_translation":"Coal Power"},{"id":"Energisa SA","ald_sector":"Power","technology":"CoalCap","plan_tech_share":0,"port_weight":0.0382,"allocation":"portfolio_weight","scenario_source":"ISF2021","scenario":"NZE","year":2027,"asset_class":"Listed Equity","ald_sector_translation":"Power","asset_class_translation":"Listed Equity","technology_translation":"Coal Power"},{"id":"Energisa SA","ald_sector":"Power","technology":"CoalCap","plan_tech_share":0,"port_weight":0.0382,"allocation":"portfolio_weight","scenario_source":"WEO2022","scenario":"APS","year":2027,"asset_class":"Listed Equity","ald_sector_translation":"Power","asset_class_translation":"Listed Equity","technology_translation":"Coal Power"},{"id":"Energisa SA","ald_sector":"Power","technology":"CoalCap","plan_tech_share":0,"port_weight":0.0382,"allocation":"portfolio_weight","scenario_source":"WEO2022","scenario":"NZE_2050","year":2027,"asset_class":"Listed Equity","ald_sector_translation":"Power","asset_class_translation":"Listed Equity","technology_translation":"Coal Power"},{"id":"Energisa SA","ald_sector":"Power","technology":"CoalCap","plan_tech_share":0,"port_weight":0.0382,"allocation":"portfolio_weight","scenario_source":"WEO2022","scenario":"STEPS","year":2027,"asset_class":"Listed Equity","ald_sector_translation":"Power","asset_class_translation":"Listed Equity","technology_translation":"Coal Power"},{"id":"Energisa SA","ald_sector":"Power","technology":"CoalCap","plan_tech_share":0,"port_weight":0.0382,"allocation":"ownership_weight","scenario_source":"GECO2022","scenario":"1.5C","year":2027,"asset_class":"Listed Equity","ald_sector_translation":"Power","asset_class_translation":"Listed Equity","technology_translation":"Coal Power"},{"id":"Hyundai Motor Co., Ltd.","ald_sector":"Power","technology":"GasCap","plan_tech_share":0,"port_weight":0.0386,"allocation":"ownership_weight","scenario_source":"GECO2022","scenario":"1.5C","year":2027,"asset_class":"Listed Equity","ald_sector_translation":"Power","asset_class_translation":"Listed Equity","technology_translation":"Gas Power"},{"id":"Hyundai Motor Co., Ltd.","ald_sector":"Power","technology":"GasCap","plan_tech_share":0,"port_weight":0.0386,"allocation":"ownership_weight","scenario_source":"GECO2022","scenario":"NDC_LTS","year":2027,"asset_class":"Listed Equity","ald_sector_translation":"Power","asset_class_translation":"Listed Equity","technology_translation":"Gas Power"},{"id":"Hyundai Motor Co., Ltd.","ald_sector":"Power","technology":"GasCap","plan_tech_share":0,"port_weight":0.0386,"allocation":"ownership_weight","scenario_source":"GECO2022","scenario":"Reference","year":2027,"asset_class":"Listed Equity","ald_sector_translation":"Power","asset_class_translation":"Listed Equity","technology_translation":"Gas Power"},{"id":"Hyundai Motor Co., Ltd.","ald_sector":"Power","technology":"GasCap","plan_tech_share":0,"port_weight":0.0386,"allocation":"ownership_weight","scenario_source":"ISF2021","scenario":"NZE","year":2027,"asset_class":"Listed Equity","ald_sector_translation":"Power","asset_class_translation":"Listed Equity","technology_translation":"Gas Power"},{"id":"Hyundai Motor Co., Ltd.","ald_sector":"Power","technology":"GasCap","plan_tech_share":0,"port_weight":0.0386,"allocation":"ownership_weight","scenario_source":"WEO2022","scenario":"APS","year":2027,"asset_class":"Listed Equity","ald_sector_translation":"Power","asset_class_translation":"Listed Equity","technology_translation":"Gas Power"},{"id":"Hyundai Motor Co., Ltd.","ald_sector":"Power","technology":"GasCap","plan_tech_share":0,"port_weight":0.0386,"allocation":"ownership_weight","scenario_source":"WEO2022","scenario":"NZE_2050","year":2027,"asset_class":"Listed Equity","ald_sector_translation":"Power","asset_class_translation":"Listed Equity","technology_translation":"Gas Power"},{"id":"Hyundai Motor Co., Ltd.","ald_sector":"Power","technology":"GasCap","plan_tech_share":0,"port_weight":0.0386,"allocation":"ownership_weight","scenario_source":"WEO2022","scenario":"STEPS","year":2027,"asset_class":"Listed Equity","ald_sector_translation":"Power","asset_class_translation":"Listed Equity","technology_translation":"Gas Power"},{"id":"Energisa SA","ald_sector":"Power","technology":"GasCap","plan_tech_share":0,"port_weight":0.0382,"allocation":"portfolio_weight","scenario_source":"GECO2022","scenario":"1.5C","year":2027,"asset_class":"Listed Equity","ald_sector_translation":"Power","asset_class_translation":"Listed Equity","technology_translation":"Gas Power"},{"id":"Energisa SA","ald_sector":"Power","technology":"GasCap","plan_tech_share":0,"port_weight":0.0382,"allocation":"portfolio_weight","scenario_source":"GECO2022","scenario":"NDC_LTS","year":2027,"asset_class":"Listed Equity","ald_sector_translation":"Power","asset_class_translation":"Listed Equity","technology_translation":"Gas Power"},{"id":"Energisa SA","ald_sector":"Power","technology":"GasCap","plan_tech_share":0,"port_weight":0.0382,"allocation":"portfolio_weight","scenario_source":"GECO2022","scenario":"Reference","year":2027,"asset_class":"Listed Equity","ald_sector_translation":"Power","asset_class_translation":"Listed Equity","technology_translation":"Gas Power"},{"id":"Energisa SA","ald_sector":"Power","technology":"GasCap","plan_tech_share":0,"port_weight":0.0382,"allocation":"portfolio_weight","scenario_source":"ISF2021","scenario":"NZE","year":2027,"asset_class":"Listed Equity","ald_sector_translation":"Power","asset_class_translation":"Listed Equity","technology_translation":"Gas Power"},{"id":"Energisa SA","ald_sector":"Power","technology":"GasCap","plan_tech_share":0,"port_weight":0.0382,"allocation":"portfolio_weight","scenario_source":"WEO2022","scenario":"APS","year":2027,"asset_class":"Listed Equity","ald_sector_translation":"Power","asset_class_translation":"Listed Equity","technology_translation":"Gas Power"},{"id":"Energisa SA","ald_sector":"Power","technology":"GasCap","plan_tech_share":0,"port_weight":0.0382,"allocation":"portfolio_weight","scenario_source":"WEO2022","scenario":"NZE_2050","year":2027,"asset_class":"Listed Equity","ald_sector_translation":"Power","asset_class_translation":"Listed Equity","technology_translation":"Gas Power"},{"id":"Energisa SA","ald_sector":"Power","technology":"GasCap","plan_tech_share":0,"port_weight":0.0382,"allocation":"portfolio_weight","scenario_source":"WEO2022","scenario":"STEPS","year":2027,"asset_class":"Listed Equity","ald_sector_translation":"Power","asset_class_translation":"Listed Equity","technology_translation":"Gas Power"},{"id":"Energisa SA","ald_sector":"Power","technology":"GasCap","plan_tech_share":0,"port_weight":0.0382,"allocation":"ownership_weight","scenario_source":"GECO2022","scenario":"1.5C","year":2027,"asset_class":"Listed Equity","ald_sector_translation":"Power","asset_class_translation":"Listed Equity","technology_translation":"Gas Power"},{"id":"Hyundai Motor Co., Ltd.","ald_sector":"Power","technology":"HydroCap","plan_tech_share":0,"port_weight":0.0386,"allocation":"ownership_weight","scenario_source":"GECO2022","scenario":"1.5C","year":2027,"asset_class":"Listed Equity","ald_sector_translation":"Power","asset_class_translation":"Listed Equity","technology_translation":"Hydropower"},{"id":"Hyundai Motor Co., Ltd.","ald_sector":"Power","technology":"HydroCap","plan_tech_share":0,"port_weight":0.0386,"allocation":"ownership_weight","scenario_source":"GECO2022","scenario":"NDC_LTS","year":2027,"asset_class":"Listed Equity","ald_sector_translation":"Power","asset_class_translation":"Listed Equity","technology_translation":"Hydropower"},{"id":"Hyundai Motor Co., Ltd.","ald_sector":"Power","technology":"HydroCap","plan_tech_share":0,"port_weight":0.0386,"allocation":"ownership_weight","scenario_source":"GECO2022","scenario":"Reference","year":2027,"asset_class":"Listed Equity","ald_sector_translation":"Power","asset_class_translation":"Listed Equity","technology_translation":"Hydropower"},{"id":"Hyundai Motor Co., Ltd.","ald_sector":"Power","technology":"HydroCap","plan_tech_share":0,"port_weight":0.0386,"allocation":"ownership_weight","scenario_source":"ISF2021","scenario":"NZE","year":2027,"asset_class":"Listed Equity","ald_sector_translation":"Power","asset_class_translation":"Listed Equity","technology_translation":"Hydropower"},{"id":"Hyundai Motor Co., Ltd.","ald_sector":"Power","technology":"HydroCap","plan_tech_share":0,"port_weight":0.0386,"allocation":"ownership_weight","scenario_source":"WEO2022","scenario":"APS","year":2027,"asset_class":"Listed Equity","ald_sector_translation":"Power","asset_class_translation":"Listed Equity","technology_translation":"Hydropower"},{"id":"Hyundai Motor Co., Ltd.","ald_sector":"Power","technology":"HydroCap","plan_tech_share":0,"port_weight":0.0386,"allocation":"ownership_weight","scenario_source":"WEO2022","scenario":"NZE_2050","year":2027,"asset_class":"Listed Equity","ald_sector_translation":"Power","asset_class_translation":"Listed Equity","technology_translation":"Hydropower"},{"id":"Hyundai Motor Co., Ltd.","ald_sector":"Power","technology":"HydroCap","plan_tech_share":0,"port_weight":0.0386,"allocation":"ownership_weight","scenario_source":"WEO2022","scenario":"STEPS","year":2027,"asset_class":"Listed Equity","ald_sector_translation":"Power","asset_class_translation":"Listed Equity","technology_translation":"Hydropower"},{"id":"Energisa SA","ald_sector":"Power","technology":"HydroCap","plan_tech_share":0,"port_weight":0.0382,"allocation":"portfolio_weight","scenario_source":"GECO2022","scenario":"1.5C","year":2027,"asset_class":"Listed Equity","ald_sector_translation":"Power","asset_class_translation":"Listed Equity","technology_translation":"Hydropower"},{"id":"Energisa SA","ald_sector":"Power","technology":"HydroCap","plan_tech_share":0,"port_weight":0.0382,"allocation":"portfolio_weight","scenario_source":"GECO2022","scenario":"NDC_LTS","year":2027,"asset_class":"Listed Equity","ald_sector_translation":"Power","asset_class_translation":"Listed Equity","technology_translation":"Hydropower"},{"id":"Energisa SA","ald_sector":"Power","technology":"HydroCap","plan_tech_share":0,"port_weight":0.0382,"allocation":"portfolio_weight","scenario_source":"GECO2022","scenario":"Reference","year":2027,"asset_class":"Listed Equity","ald_sector_translation":"Power","asset_class_translation":"Listed Equity","technology_translation":"Hydropower"},{"id":"Energisa SA","ald_sector":"Power","technology":"HydroCap","plan_tech_share":0,"port_weight":0.0382,"allocation":"portfolio_weight","scenario_source":"ISF2021","scenario":"NZE","year":2027,"asset_class":"Listed Equity","ald_sector_translation":"Power","asset_class_translation":"Listed Equity","technology_translation":"Hydropower"},{"id":"Energisa SA","ald_sector":"Power","technology":"HydroCap","plan_tech_share":0,"port_weight":0.0382,"allocation":"portfolio_weight","scenario_source":"WEO2022","scenario":"APS","year":2027,"asset_class":"Listed Equity","ald_sector_translation":"Power","asset_class_translation":"Listed Equity","technology_translation":"Hydropower"},{"id":"Energisa SA","ald_sector":"Power","technology":"HydroCap","plan_tech_share":0,"port_weight":0.0382,"allocation":"portfolio_weight","scenario_source":"WEO2022","scenario":"NZE_2050","year":2027,"asset_class":"Listed Equity","ald_sector_translation":"Power","asset_class_translation":"Listed Equity","technology_translation":"Hydropower"},{"id":"Energisa SA","ald_sector":"Power","technology":"HydroCap","plan_tech_share":0,"port_weight":0.0382,"allocation":"portfolio_weight","scenario_source":"WEO2022","scenario":"STEPS","year":2027,"asset_class":"Listed Equity","ald_sector_translation":"Power","asset_class_translation":"Listed Equity","technology_translation":"Hydropower"},{"id":"Energisa SA","ald_sector":"Power","technology":"HydroCap","plan_tech_share":0,"port_weight":0.0382,"allocation":"ownership_weight","scenario_source":"GECO2022","scenario":"1.5C","year":2027,"asset_class":"Listed Equity","ald_sector_translation":"Power","asset_class_translation":"Listed Equity","technology_translation":"Hydropower"},{"id":"Hyundai Motor Co., Ltd.","ald_sector":"Power","technology":"NuclearCap","plan_tech_share":0,"port_weight":0.0386,"allocation":"ownership_weight","scenario_source":"GECO2022","scenario":"1.5C","year":2027,"asset_class":"Listed Equity","ald_sector_translation":"Power","asset_class_translation":"Listed Equity","technology_translation":"Nuclear Power"},{"id":"Hyundai Motor Co., Ltd.","ald_sector":"Power","technology":"NuclearCap","plan_tech_share":0,"port_weight":0.0386,"allocation":"ownership_weight","scenario_source":"GECO2022","scenario":"NDC_LTS","year":2027,"asset_class":"Listed Equity","ald_sector_translation":"Power","asset_class_translation":"Listed Equity","technology_translation":"Nuclear Power"},{"id":"Hyundai Motor Co., Ltd.","ald_sector":"Power","technology":"NuclearCap","plan_tech_share":0,"port_weight":0.0386,"allocation":"ownership_weight","scenario_source":"GECO2022","scenario":"Reference","year":2027,"asset_class":"Listed Equity","ald_sector_translation":"Power","asset_class_translation":"Listed Equity","technology_translation":"Nuclear Power"},{"id":"Hyundai Motor Co., Ltd.","ald_sector":"Power","technology":"NuclearCap","plan_tech_share":0,"port_weight":0.0386,"allocation":"ownership_weight","scenario_source":"ISF2021","scenario":"NZE","year":2027,"asset_class":"Listed Equity","ald_sector_translation":"Power","asset_class_translation":"Listed Equity","technology_translation":"Nuclear Power"},{"id":"Hyundai Motor Co., Ltd.","ald_sector":"Power","technology":"NuclearCap","plan_tech_share":0,"port_weight":0.0386,"allocation":"ownership_weight","scenario_source":"WEO2022","scenario":"APS","year":2027,"asset_class":"Listed Equity","ald_sector_translation":"Power","asset_class_translation":"Listed Equity","technology_translation":"Nuclear Power"},{"id":"Hyundai Motor Co., Ltd.","ald_sector":"Power","technology":"NuclearCap","plan_tech_share":0,"port_weight":0.0386,"allocation":"ownership_weight","scenario_source":"WEO2022","scenario":"NZE_2050","year":2027,"asset_class":"Listed Equity","ald_sector_translation":"Power","asset_class_translation":"Listed Equity","technology_translation":"Nuclear Power"},{"id":"Hyundai Motor Co., Ltd.","ald_sector":"Power","technology":"NuclearCap","plan_tech_share":0,"port_weight":0.0386,"allocation":"ownership_weight","scenario_source":"WEO2022","scenario":"STEPS","year":2027,"asset_class":"Listed Equity","ald_sector_translation":"Power","asset_class_translation":"Listed Equity","technology_translation":"Nuclear Power"},{"id":"Energisa SA","ald_sector":"Power","technology":"NuclearCap","plan_tech_share":0,"port_weight":0.0382,"allocation":"portfolio_weight","scenario_source":"GECO2022","scenario":"1.5C","year":2027,"asset_class":"Listed Equity","ald_sector_translation":"Power","asset_class_translation":"Listed Equity","technology_translation":"Nuclear Power"},{"id":"Energisa SA","ald_sector":"Power","technology":"NuclearCap","plan_tech_share":0,"port_weight":0.0382,"allocation":"portfolio_weight","scenario_source":"GECO2022","scenario":"NDC_LTS","year":2027,"asset_class":"Listed Equity","ald_sector_translation":"Power","asset_class_translation":"Listed Equity","technology_translation":"Nuclear Power"},{"id":"Energisa SA","ald_sector":"Power","technology":"NuclearCap","plan_tech_share":0,"port_weight":0.0382,"allocation":"portfolio_weight","scenario_source":"GECO2022","scenario":"Reference","year":2027,"asset_class":"Listed Equity","ald_sector_translation":"Power","asset_class_translation":"Listed Equity","technology_translation":"Nuclear Power"},{"id":"Energisa SA","ald_sector":"Power","technology":"NuclearCap","plan_tech_share":0,"port_weight":0.0382,"allocation":"portfolio_weight","scenario_source":"ISF2021","scenario":"NZE","year":2027,"asset_class":"Listed Equity","ald_sector_translation":"Power","asset_class_translation":"Listed Equity","technology_translation":"Nuclear Power"},{"id":"Energisa SA","ald_sector":"Power","technology":"NuclearCap","plan_tech_share":0,"port_weight":0.0382,"allocation":"portfolio_weight","scenario_source":"WEO2022","scenario":"APS","year":2027,"asset_class":"Listed Equity","ald_sector_translation":"Power","asset_class_translation":"Listed Equity","technology_translation":"Nuclear Power"},{"id":"Energisa SA","ald_sector":"Power","technology":"NuclearCap","plan_tech_share":0,"port_weight":0.0382,"allocation":"portfolio_weight","scenario_source":"WEO2022","scenario":"NZE_2050","year":2027,"asset_class":"Listed Equity","ald_sector_translation":"Power","asset_class_translation":"Listed Equity","technology_translation":"Nuclear Power"},{"id":"Energisa SA","ald_sector":"Power","technology":"NuclearCap","plan_tech_share":0,"port_weight":0.0382,"allocation":"portfolio_weight","scenario_source":"WEO2022","scenario":"STEPS","year":2027,"asset_class":"Listed Equity","ald_sector_translation":"Power","asset_class_translation":"Listed Equity","technology_translation":"Nuclear Power"},{"id":"Energisa SA","ald_sector":"Power","technology":"NuclearCap","plan_tech_share":0,"port_weight":0.0382,"allocation":"ownership_weight","scenario_source":"GECO2022","scenario":"1.5C","year":2027,"asset_class":"Listed Equity","ald_sector_translation":"Power","asset_class_translation":"Listed Equity","technology_translation":"Nuclear Power"},{"id":"Hyundai Motor Co., Ltd.","ald_sector":"Power","technology":"OilCap","plan_tech_share":0,"port_weight":0.0386,"allocation":"ownership_weight","scenario_source":"GECO2022","scenario":"1.5C","year":2027,"asset_class":"Listed Equity","ald_sector_translation":"Power","asset_class_translation":"Listed Equity","technology_translation":"Oil Power"},{"id":"Hyundai Motor Co., Ltd.","ald_sector":"Power","technology":"OilCap","plan_tech_share":0,"port_weight":0.0386,"allocation":"ownership_weight","scenario_source":"GECO2022","scenario":"NDC_LTS","year":2027,"asset_class":"Listed Equity","ald_sector_translation":"Power","asset_class_translation":"Listed Equity","technology_translation":"Oil Power"},{"id":"Hyundai Motor Co., Ltd.","ald_sector":"Power","technology":"OilCap","plan_tech_share":0,"port_weight":0.0386,"allocation":"ownership_weight","scenario_source":"GECO2022","scenario":"Reference","year":2027,"asset_class":"Listed Equity","ald_sector_translation":"Power","asset_class_translation":"Listed Equity","technology_translation":"Oil Power"},{"id":"Hyundai Motor Co., Ltd.","ald_sector":"Power","technology":"OilCap","plan_tech_share":0,"port_weight":0.0386,"allocation":"ownership_weight","scenario_source":"ISF2021","scenario":"NZE","year":2027,"asset_class":"Listed Equity","ald_sector_translation":"Power","asset_class_translation":"Listed Equity","technology_translation":"Oil Power"},{"id":"Hyundai Motor Co., Ltd.","ald_sector":"Power","technology":"OilCap","plan_tech_share":0,"port_weight":0.0386,"allocation":"ownership_weight","scenario_source":"WEO2022","scenario":"APS","year":2027,"asset_class":"Listed Equity","ald_sector_translation":"Power","asset_class_translation":"Listed Equity","technology_translation":"Oil Power"},{"id":"Hyundai Motor Co., Ltd.","ald_sector":"Power","technology":"OilCap","plan_tech_share":0,"port_weight":0.0386,"allocation":"ownership_weight","scenario_source":"WEO2022","scenario":"NZE_2050","year":2027,"asset_class":"Listed Equity","ald_sector_translation":"Power","asset_class_translation":"Listed Equity","technology_translation":"Oil Power"},{"id":"Hyundai Motor Co., Ltd.","ald_sector":"Power","technology":"OilCap","plan_tech_share":0,"port_weight":0.0386,"allocation":"ownership_weight","scenario_source":"WEO2022","scenario":"STEPS","year":2027,"asset_class":"Listed Equity","ald_sector_translation":"Power","asset_class_translation":"Listed Equity","technology_translation":"Oil Power"},{"id":"Energisa SA","ald_sector":"Power","technology":"OilCap","plan_tech_share":0.1836,"port_weight":0.0382,"allocation":"portfolio_weight","scenario_source":"GECO2022","scenario":"1.5C","year":2027,"asset_class":"Listed Equity","ald_sector_translation":"Power","asset_class_translation":"Listed Equity","technology_translation":"Oil Power"},{"id":"Energisa SA","ald_sector":"Power","technology":"OilCap","plan_tech_share":0.1836,"port_weight":0.0382,"allocation":"portfolio_weight","scenario_source":"GECO2022","scenario":"NDC_LTS","year":2027,"asset_class":"Listed Equity","ald_sector_translation":"Power","asset_class_translation":"Listed Equity","technology_translation":"Oil Power"},{"id":"Energisa SA","ald_sector":"Power","technology":"OilCap","plan_tech_share":0.1836,"port_weight":0.0382,"allocation":"portfolio_weight","scenario_source":"GECO2022","scenario":"Reference","year":2027,"asset_class":"Listed Equity","ald_sector_translation":"Power","asset_class_translation":"Listed Equity","technology_translation":"Oil Power"},{"id":"Energisa SA","ald_sector":"Power","technology":"OilCap","plan_tech_share":0.1836,"port_weight":0.0382,"allocation":"portfolio_weight","scenario_source":"ISF2021","scenario":"NZE","year":2027,"asset_class":"Listed Equity","ald_sector_translation":"Power","asset_class_translation":"Listed Equity","technology_translation":"Oil Power"},{"id":"Energisa SA","ald_sector":"Power","technology":"OilCap","plan_tech_share":0.1836,"port_weight":0.0382,"allocation":"portfolio_weight","scenario_source":"WEO2022","scenario":"APS","year":2027,"asset_class":"Listed Equity","ald_sector_translation":"Power","asset_class_translation":"Listed Equity","technology_translation":"Oil Power"},{"id":"Energisa SA","ald_sector":"Power","technology":"OilCap","plan_tech_share":0.1836,"port_weight":0.0382,"allocation":"portfolio_weight","scenario_source":"WEO2022","scenario":"NZE_2050","year":2027,"asset_class":"Listed Equity","ald_sector_translation":"Power","asset_class_translation":"Listed Equity","technology_translation":"Oil Power"},{"id":"Energisa SA","ald_sector":"Power","technology":"OilCap","plan_tech_share":0.1836,"port_weight":0.0382,"allocation":"portfolio_weight","scenario_source":"WEO2022","scenario":"STEPS","year":2027,"asset_class":"Listed Equity","ald_sector_translation":"Power","asset_class_translation":"Listed Equity","technology_translation":"Oil Power"},{"id":"Energisa SA","ald_sector":"Power","technology":"OilCap","plan_tech_share":0.1836,"port_weight":0.0382,"allocation":"ownership_weight","scenario_source":"GECO2022","scenario":"1.5C","year":2027,"asset_class":"Listed Equity","ald_sector_translation":"Power","asset_class_translation":"Listed Equity","technology_translation":"Oil Power"},{"id":"Hyundai Motor Co., Ltd.","ald_sector":"Power","technology":"RenewablesCap","plan_tech_share":1,"port_weight":0.0386,"allocation":"ownership_weight","scenario_source":"GECO2022","scenario":"1.5C","year":2027,"asset_class":"Listed Equity","ald_sector_translation":"Power","asset_class_translation":"Listed Equity","technology_translation":"Renewables"},{"id":"Hyundai Motor Co., Ltd.","ald_sector":"Power","technology":"RenewablesCap","plan_tech_share":1,"port_weight":0.0386,"allocation":"ownership_weight","scenario_source":"GECO2022","scenario":"NDC_LTS","year":2027,"asset_class":"Listed Equity","ald_sector_translation":"Power","asset_class_translation":"Listed Equity","technology_translation":"Renewables"},{"id":"Hyundai Motor Co., Ltd.","ald_sector":"Power","technology":"RenewablesCap","plan_tech_share":1,"port_weight":0.0386,"allocation":"ownership_weight","scenario_source":"GECO2022","scenario":"Reference","year":2027,"asset_class":"Listed Equity","ald_sector_translation":"Power","asset_class_translation":"Listed Equity","technology_translation":"Renewables"},{"id":"Hyundai Motor Co., Ltd.","ald_sector":"Power","technology":"RenewablesCap","plan_tech_share":1,"port_weight":0.0386,"allocation":"ownership_weight","scenario_source":"ISF2021","scenario":"NZE","year":2027,"asset_class":"Listed Equity","ald_sector_translation":"Power","asset_class_translation":"Listed Equity","technology_translation":"Renewables"},{"id":"Hyundai Motor Co., Ltd.","ald_sector":"Power","technology":"RenewablesCap","plan_tech_share":1,"port_weight":0.0386,"allocation":"ownership_weight","scenario_source":"WEO2022","scenario":"APS","year":2027,"asset_class":"Listed Equity","ald_sector_translation":"Power","asset_class_translation":"Listed Equity","technology_translation":"Renewables"},{"id":"Hyundai Motor Co., Ltd.","ald_sector":"Power","technology":"RenewablesCap","plan_tech_share":1,"port_weight":0.0386,"allocation":"ownership_weight","scenario_source":"WEO2022","scenario":"NZE_2050","year":2027,"asset_class":"Listed Equity","ald_sector_translation":"Power","asset_class_translation":"Listed Equity","technology_translation":"Renewables"},{"id":"Hyundai Motor Co., Ltd.","ald_sector":"Power","technology":"RenewablesCap","plan_tech_share":1,"port_weight":0.0386,"allocation":"ownership_weight","scenario_source":"WEO2022","scenario":"STEPS","year":2027,"asset_class":"Listed Equity","ald_sector_translation":"Power","asset_class_translation":"Listed Equity","technology_translation":"Renewables"},{"id":"Energisa SA","ald_sector":"Power","technology":"RenewablesCap","plan_tech_share":0.8164,"port_weight":0.0382,"allocation":"portfolio_weight","scenario_source":"GECO2022","scenario":"1.5C","year":2027,"asset_class":"Listed Equity","ald_sector_translation":"Power","asset_class_translation":"Listed Equity","technology_translation":"Renewables"},{"id":"Energisa SA","ald_sector":"Power","technology":"RenewablesCap","plan_tech_share":0.8164,"port_weight":0.0382,"allocation":"portfolio_weight","scenario_source":"GECO2022","scenario":"NDC_LTS","year":2027,"asset_class":"Listed Equity","ald_sector_translation":"Power","asset_class_translation":"Listed Equity","technology_translation":"Renewables"},{"id":"Energisa SA","ald_sector":"Power","technology":"RenewablesCap","plan_tech_share":0.8164,"port_weight":0.0382,"allocation":"portfolio_weight","scenario_source":"GECO2022","scenario":"Reference","year":2027,"asset_class":"Listed Equity","ald_sector_translation":"Power","asset_class_translation":"Listed Equity","technology_translation":"Renewables"},{"id":"Energisa SA","ald_sector":"Power","technology":"RenewablesCap","plan_tech_share":0.8164,"port_weight":0.0382,"allocation":"portfolio_weight","scenario_source":"ISF2021","scenario":"NZE","year":2027,"asset_class":"Listed Equity","ald_sector_translation":"Power","asset_class_translation":"Listed Equity","technology_translation":"Renewables"},{"id":"Energisa SA","ald_sector":"Power","technology":"RenewablesCap","plan_tech_share":0.8164,"port_weight":0.0382,"allocation":"portfolio_weight","scenario_source":"WEO2022","scenario":"APS","year":2027,"asset_class":"Listed Equity","ald_sector_translation":"Power","asset_class_translation":"Listed Equity","technology_translation":"Renewables"},{"id":"Energisa SA","ald_sector":"Power","technology":"RenewablesCap","plan_tech_share":0.8164,"port_weight":0.0382,"allocation":"portfolio_weight","scenario_source":"WEO2022","scenario":"NZE_2050","year":2027,"asset_class":"Listed Equity","ald_sector_translation":"Power","asset_class_translation":"Listed Equity","technology_translation":"Renewables"},{"id":"Energisa SA","ald_sector":"Power","technology":"RenewablesCap","plan_tech_share":0.8164,"port_weight":0.0382,"allocation":"portfolio_weight","scenario_source":"WEO2022","scenario":"STEPS","year":2027,"asset_class":"Listed Equity","ald_sector_translation":"Power","asset_class_translation":"Listed Equity","technology_translation":"Renewables"},{"id":"Energisa SA","ald_sector":"Power","technology":"RenewablesCap","plan_tech_share":0.8164,"port_weight":0.0382,"allocation":"ownership_weight","scenario_source":"GECO2022","scenario":"1.5C","year":2027,"asset_class":"Listed Equity","ald_sector_translation":"Power","asset_class_translation":"Listed Equity","technology_translation":"Renewables"},{"id":"Mercedes-Benz Group AG","ald_sector":"Automotive","technology":"Electric","plan_tech_share":0.3024,"port_weight":0.2745,"allocation":"portfolio_weight","scenario_source":"GECO2022","scenario":"1.5C","year":2027,"asset_class":"Corporate Bonds","ald_sector_translation":"Automotive","asset_class_translation":"Corporate Bonds","technology_translation":"LDV: Electric"},{"id":"Mercedes-Benz Group AG","ald_sector":"Automotive","technology":"FuelCell","plan_tech_share":0,"port_weight":0.2745,"allocation":"portfolio_weight","scenario_source":"GECO2022","scenario":"1.5C","year":2027,"asset_class":"Corporate Bonds","ald_sector_translation":"Automotive","asset_class_translation":"Corporate Bonds","technology_translation":"LDV: Fuel Cell"},{"id":"Mercedes-Benz Group AG","ald_sector":"Automotive","technology":"Hybrid","plan_tech_share":0.1288,"port_weight":0.2745,"allocation":"portfolio_weight","scenario_source":"GECO2022","scenario":"1.5C","year":2027,"asset_class":"Corporate Bonds","ald_sector_translation":"Automotive","asset_class_translation":"Corporate Bonds","technology_translation":"LDV: Hybrid"},{"id":"Mercedes-Benz Group AG","ald_sector":"Automotive","technology":"ICE","plan_tech_share":0.5688,"port_weight":0.2745,"allocation":"portfolio_weight","scenario_source":"GECO2022","scenario":"1.5C","year":2027,"asset_class":"Corporate Bonds","ald_sector_translation":"Automotive","asset_class_translation":"Corporate Bonds","technology_translation":"LDV: ICE"},{"id":"Ford Motor Co.","ald_sector":"Automotive","technology":"Electric","plan_tech_share":0.3129,"port_weight":0.1336,"allocation":"portfolio_weight","scenario_source":"GECO2022","scenario":"1.5C","year":2027,"asset_class":"Corporate Bonds","ald_sector_translation":"Automotive","asset_class_translation":"Corporate Bonds","technology_translation":"LDV: Electric"},{"id":"Ford Motor Co.","ald_sector":"Automotive","technology":"FuelCell","plan_tech_share":0,"port_weight":0.1336,"allocation":"portfolio_weight","scenario_source":"GECO2022","scenario":"1.5C","year":2027,"asset_class":"Corporate Bonds","ald_sector_translation":"Automotive","asset_class_translation":"Corporate Bonds","technology_translation":"LDV: Fuel Cell"},{"id":"Ford Motor Co.","ald_sector":"Automotive","technology":"Hybrid","plan_tech_share":0.0082,"port_weight":0.1336,"allocation":"portfolio_weight","scenario_source":"GECO2022","scenario":"1.5C","year":2027,"asset_class":"Corporate Bonds","ald_sector_translation":"Automotive","asset_class_translation":"Corporate Bonds","technology_translation":"LDV: Hybrid"},{"id":"Ford Motor Co.","ald_sector":"Automotive","technology":"ICE","plan_tech_share":0.6789,"port_weight":0.1336,"allocation":"portfolio_weight","scenario_source":"GECO2022","scenario":"1.5C","year":2027,"asset_class":"Corporate Bonds","ald_sector_translation":"Automotive","asset_class_translation":"Corporate Bonds","technology_translation":"LDV: ICE"},{"id":"Stellantis NV","ald_sector":"Automotive","technology":"Electric","plan_tech_share":0.2934,"port_weight":0.0731,"allocation":"portfolio_weight","scenario_source":"GECO2022","scenario":"1.5C","year":2027,"asset_class":"Corporate Bonds","ald_sector_translation":"Automotive","asset_class_translation":"Corporate Bonds","technology_translation":"LDV: Electric"},{"id":"Stellantis NV","ald_sector":"Automotive","technology":"FuelCell","plan_tech_share":0,"port_weight":0.0731,"allocation":"portfolio_weight","scenario_source":"GECO2022","scenario":"1.5C","year":2027,"asset_class":"Corporate Bonds","ald_sector_translation":"Automotive","asset_class_translation":"Corporate Bonds","technology_translation":"LDV: Fuel Cell"},{"id":"Stellantis NV","ald_sector":"Automotive","technology":"Hybrid","plan_tech_share":0.0848,"port_weight":0.0731,"allocation":"portfolio_weight","scenario_source":"GECO2022","scenario":"1.5C","year":2027,"asset_class":"Corporate Bonds","ald_sector_translation":"Automotive","asset_class_translation":"Corporate Bonds","technology_translation":"LDV: Hybrid"},{"id":"Stellantis NV","ald_sector":"Automotive","technology":"ICE","plan_tech_share":0.6218,"port_weight":0.0731,"allocation":"portfolio_weight","scenario_source":"GECO2022","scenario":"1.5C","year":2027,"asset_class":"Corporate Bonds","ald_sector_translation":"Automotive","asset_class_translation":"Corporate Bonds","technology_translation":"LDV: ICE"},{"id":"Beijing Automotive Group Co., Ltd.","ald_sector":"Automotive","technology":"Electric","plan_tech_share":0.1382,"port_weight":0.0267,"allocation":"portfolio_weight","scenario_source":"GECO2022","scenario":"1.5C","year":2027,"asset_class":"Corporate Bonds","ald_sector_translation":"Automotive","asset_class_translation":"Corporate Bonds","technology_translation":"LDV: Electric"},{"id":"Beijing Automotive Group Co., Ltd.","ald_sector":"Automotive","technology":"FuelCell","plan_tech_share":0,"port_weight":0.0267,"allocation":"portfolio_weight","scenario_source":"GECO2022","scenario":"1.5C","year":2027,"asset_class":"Corporate Bonds","ald_sector_translation":"Automotive","asset_class_translation":"Corporate Bonds","technology_translation":"LDV: Fuel Cell"},{"id":"Beijing Automotive Group Co., Ltd.","ald_sector":"Automotive","technology":"Hybrid","plan_tech_share":0.0056,"port_weight":0.0267,"allocation":"portfolio_weight","scenario_source":"GECO2022","scenario":"1.5C","year":2027,"asset_class":"Corporate Bonds","ald_sector_translation":"Automotive","asset_class_translation":"Corporate Bonds","technology_translation":"LDV: Hybrid"},{"id":"Beijing Automotive Group Co., Ltd.","ald_sector":"Automotive","technology":"ICE","plan_tech_share":0.8562,"port_weight":0.0267,"allocation":"portfolio_weight","scenario_source":"GECO2022","scenario":"1.5C","year":2027,"asset_class":"Corporate Bonds","ald_sector_translation":"Automotive","asset_class_translation":"Corporate Bonds","technology_translation":"LDV: ICE"},{"id":"Hydro-Québec","ald_sector":"Power","technology":"RenewablesCap","plan_tech_share":0.0039,"port_weight":0.3223,"allocation":"portfolio_weight","scenario_source":"GECO2022","scenario":"1.5C","year":2027,"asset_class":"Corporate Bonds","ald_sector_translation":"Power","asset_class_translation":"Corporate Bonds","technology_translation":"Renewables"},{"id":"Hydro-Québec","ald_sector":"Power","technology":"HydroCap","plan_tech_share":0.9816,"port_weight":0.3223,"allocation":"portfolio_weight","scenario_source":"GECO2022","scenario":"1.5C","year":2027,"asset_class":"Corporate Bonds","ald_sector_translation":"Power","asset_class_translation":"Corporate Bonds","technology_translation":"Hydropower"},{"id":"Hydro-Québec","ald_sector":"Power","technology":"NuclearCap","plan_tech_share":0,"port_weight":0.3223,"allocation":"portfolio_weight","scenario_source":"GECO2022","scenario":"1.5C","year":2027,"asset_class":"Corporate Bonds","ald_sector_translation":"Power","asset_class_translation":"Corporate Bonds","technology_translation":"Nuclear Power"},{"id":"Hydro-Québec","ald_sector":"Power","technology":"GasCap","plan_tech_share":0.011,"port_weight":0.3223,"allocation":"portfolio_weight","scenario_source":"GECO2022","scenario":"1.5C","year":2027,"asset_class":"Corporate Bonds","ald_sector_translation":"Power","asset_class_translation":"Corporate Bonds","technology_translation":"Gas Power"},{"id":"Hydro-Québec","ald_sector":"Power","technology":"OilCap","plan_tech_share":0.0035,"port_weight":0.3223,"allocation":"portfolio_weight","scenario_source":"GECO2022","scenario":"1.5C","year":2027,"asset_class":"Corporate Bonds","ald_sector_translation":"Power","asset_class_translation":"Corporate Bonds","technology_translation":"Oil Power"},{"id":"Hydro-Québec","ald_sector":"Power","technology":"CoalCap","plan_tech_share":0,"port_weight":0.3223,"allocation":"portfolio_weight","scenario_source":"GECO2022","scenario":"1.5C","year":2027,"asset_class":"Corporate Bonds","ald_sector_translation":"Power","asset_class_translation":"Corporate Bonds","technology_translation":"Coal Power"},{"id":"Tohoku Electric Power Co., Inc.","ald_sector":"Power","technology":"RenewablesCap","plan_tech_share":0.0474,"port_weight":0.3209,"allocation":"portfolio_weight","scenario_source":"GECO2022","scenario":"1.5C","year":2027,"asset_class":"Corporate Bonds","ald_sector_translation":"Power","asset_class_translation":"Corporate Bonds","technology_translation":"Renewables"},{"id":"Tohoku Electric Power Co., Inc.","ald_sector":"Power","technology":"HydroCap","plan_tech_share":0.0812,"port_weight":0.3209,"allocation":"portfolio_weight","scenario_source":"GECO2022","scenario":"1.5C","year":2027,"asset_class":"Corporate Bonds","ald_sector_translation":"Power","asset_class_translation":"Corporate Bonds","technology_translation":"Hydropower"},{"id":"Tohoku Electric Power Co., Inc.","ald_sector":"Power","technology":"NuclearCap","plan_tech_share":0,"port_weight":0.3209,"allocation":"portfolio_weight","scenario_source":"GECO2022","scenario":"1.5C","year":2027,"asset_class":"Corporate Bonds","ald_sector_translation":"Power","asset_class_translation":"Corporate Bonds","technology_translation":"Nuclear Power"},{"id":"Tohoku Electric Power Co., Inc.","ald_sector":"Power","technology":"GasCap","plan_tech_share":0.5066,"port_weight":0.3209,"allocation":"portfolio_weight","scenario_source":"GECO2022","scenario":"1.5C","year":2027,"asset_class":"Corporate Bonds","ald_sector_translation":"Power","asset_class_translation":"Corporate Bonds","technology_translation":"Gas Power"},{"id":"Tohoku Electric Power Co., Inc.","ald_sector":"Power","technology":"OilCap","plan_tech_share":0.0762,"port_weight":0.3209,"allocation":"portfolio_weight","scenario_source":"GECO2022","scenario":"1.5C","year":2027,"asset_class":"Corporate Bonds","ald_sector_translation":"Power","asset_class_translation":"Corporate Bonds","technology_translation":"Oil Power"},{"id":"Tohoku Electric Power Co., Inc.","ald_sector":"Power","technology":"CoalCap","plan_tech_share":0.2886,"port_weight":0.3209,"allocation":"portfolio_weight","scenario_source":"GECO2022","scenario":"1.5C","year":2027,"asset_class":"Corporate Bonds","ald_sector_translation":"Power","asset_class_translation":"Corporate Bonds","technology_translation":"Coal Power"},{"id":"Nuclear Power Corporation of India Ltd.","ald_sector":"Power","technology":"RenewablesCap","plan_tech_share":0.0002,"port_weight":0.2067,"allocation":"portfolio_weight","scenario_source":"GECO2022","scenario":"1.5C","year":2027,"asset_class":"Corporate Bonds","ald_sector_translation":"Power","asset_class_translation":"Corporate Bonds","technology_translation":"Renewables"},{"id":"Nuclear Power Corporation of India Ltd.","ald_sector":"Power","technology":"HydroCap","plan_tech_share":0,"port_weight":0.2067,"allocation":"portfolio_weight","scenario_source":"GECO2022","scenario":"1.5C","year":2027,"asset_class":"Corporate Bonds","ald_sector_translation":"Power","asset_class_translation":"Corporate Bonds","technology_translation":"Hydropower"},{"id":"Nuclear Power Corporation of India Ltd.","ald_sector":"Power","technology":"NuclearCap","plan_tech_share":0.9998,"port_weight":0.2067,"allocation":"portfolio_weight","scenario_source":"GECO2022","scenario":"1.5C","year":2027,"asset_class":"Corporate Bonds","ald_sector_translation":"Power","asset_class_translation":"Corporate Bonds","technology_translation":"Nuclear Power"},{"id":"Nuclear Power Corporation of India Ltd.","ald_sector":"Power","technology":"GasCap","plan_tech_share":0,"port_weight":0.2067,"allocation":"portfolio_weight","scenario_source":"GECO2022","scenario":"1.5C","year":2027,"asset_class":"Corporate Bonds","ald_sector_translation":"Power","asset_class_translation":"Corporate Bonds","technology_translation":"Gas Power"},{"id":"Nuclear Power Corporation of India Ltd.","ald_sector":"Power","technology":"OilCap","plan_tech_share":0,"port_weight":0.2067,"allocation":"portfolio_weight","scenario_source":"GECO2022","scenario":"1.5C","year":2027,"asset_class":"Corporate Bonds","ald_sector_translation":"Power","asset_class_translation":"Corporate Bonds","technology_translation":"Oil Power"},{"id":"Nuclear Power Corporation of India Ltd.","ald_sector":"Power","technology":"CoalCap","plan_tech_share":0,"port_weight":0.2067,"allocation":"portfolio_weight","scenario_source":"GECO2022","scenario":"1.5C","year":2027,"asset_class":"Corporate Bonds","ald_sector_translation":"Power","asset_class_translation":"Corporate Bonds","technology_translation":"Coal Power"},{"id":"Puget Energy, Inc.","ald_sector":"Power","technology":"RenewablesCap","plan_tech_share":0.2229,"port_weight":0.0236,"allocation":"portfolio_weight","scenario_source":"GECO2022","scenario":"1.5C","year":2027,"asset_class":"Corporate Bonds","ald_sector_translation":"Power","asset_class_translation":"Corporate Bonds","technology_translation":"Renewables"},{"id":"Puget Energy, Inc.","ald_sector":"Power","technology":"HydroCap","plan_tech_share":0.0945,"port_weight":0.0236,"allocation":"portfolio_weight","scenario_source":"GECO2022","scenario":"1.5C","year":2027,"asset_class":"Corporate Bonds","ald_sector_translation":"Power","asset_class_translation":"Corporate Bonds","technology_translation":"Hydropower"},{"id":"Puget Energy, Inc.","ald_sector":"Power","technology":"NuclearCap","plan_tech_share":0,"port_weight":0.0236,"allocation":"portfolio_weight","scenario_source":"GECO2022","scenario":"1.5C","year":2027,"asset_class":"Corporate Bonds","ald_sector_translation":"Power","asset_class_translation":"Corporate Bonds","technology_translation":"Nuclear Power"},{"id":"Puget Energy, Inc.","ald_sector":"Power","technology":"GasCap","plan_tech_share":0.6825,"port_weight":0.0236,"allocation":"portfolio_weight","scenario_source":"GECO2022","scenario":"1.5C","year":2027,"asset_class":"Corporate Bonds","ald_sector_translation":"Power","asset_class_translation":"Corporate Bonds","technology_translation":"Gas Power"},{"id":"Puget Energy, Inc.","ald_sector":"Power","technology":"OilCap","plan_tech_share":0,"port_weight":0.0236,"allocation":"portfolio_weight","scenario_source":"GECO2022","scenario":"1.5C","year":2027,"asset_class":"Corporate Bonds","ald_sector_translation":"Power","asset_class_translation":"Corporate Bonds","technology_translation":"Oil Power"},{"id":"Puget Energy, Inc.","ald_sector":"Power","technology":"CoalCap","plan_tech_share":0,"port_weight":0.0236,"allocation":"portfolio_weight","scenario_source":"GECO2022","scenario":"1.5C","year":2027,"asset_class":"Corporate Bonds","ald_sector_translation":"Power","asset_class_translation":"Corporate Bonds","technology_translation":"Coal Power"}]
