[{"asset_type":"Corporate Bonds","percentage_value_invested":0.4584,"sector":"Power","perc_asset_val_sector":0.1257},{"asset_type":"Listed Equity","percentage_value_invested":0.5319,"sector":"Power","perc_asset_val_sector":0.1306},{"asset_type":"Corporate Bonds","percentage_value_invested":0.4584,"sector":"Automotive","perc_asset_val_sector":0.1024},{"asset_type":"Listed Equity","percentage_value_invested":0.5319,"sector":"Automotive","perc_asset_val_sector":0.1226},{"asset_type":"Corporate Bonds","percentage_value_invested":0.4584,"sector":"Coal","perc_asset_val_sector":0.1579},{"asset_type":"Listed Equity","percentage_value_invested":0.5319,"sector":"Coal","perc_asset_val_sector":0.0903},{"asset_type":"Corporate Bonds","percentage_value_invested":0.4584,"sector":"Steel","perc_asset_val_sector":0.1065},{"asset_type":"Listed Equity","percentage_value_invested":0.5319,"sector":"Steel","perc_asset_val_sector":0.115},{"asset_type":"Corporate Bonds","percentage_value_invested":0.4584,"sector":"Aviation","perc_asset_val_sector":0.1083},{"asset_type":"Listed Equity","percentage_value_invested":0.5319,"sector":"Aviation","perc_asset_val_sector":0.1225},{"asset_type":"Corporate Bonds","percentage_value_invested":0.4584,"sector":"Cement","perc_asset_val_sector":0.0589},{"asset_type":"Listed Equity","percentage_value_invested":0.5319,"sector":"Cement","perc_asset_val_sector":0.1165}]
