id,ald_sector,technology,plan_tech_share,port_weight,scenario,scenario_source,allocation,year,asset_class,ald_sector_translation,asset_class_translation,technology_translation,id_translation
Portfolio,Automotive,Electric,0.2929,1,1.5C,GECO2022,portfolio_weight,2027,Listed Equity,Automotive,Listed Equity,LDV: Electric,Portfolio
Aligned* Portfolio,Automotive,Electric,0.2417,1,1.5C,GECO2022,portfolio_weight,2027,Listed Equity,Automotive,Listed Equity,LDV: Electric,Aligned* Portfolio
Portfolio,Automotive,FuelCell,0.001,1,1.5C,GECO2022,portfolio_weight,2027,Listed Equity,Automotive,Listed Equity,LDV: Fuel Cell,Portfolio
Aligned* Portfolio,Automotive,FuelCell,0.0089,1,1.5C,GECO2022,portfolio_weight,2027,Listed Equity,Automotive,Listed Equity,LDV: Fuel Cell,Aligned* Portfolio
Portfolio,Automotive,Hybrid,0.0487,1,1.5C,GECO2022,portfolio_weight,2027,Listed Equity,Automotive,Listed Equity,LDV: Hybrid,Portfolio
Aligned* Portfolio,Automotive,Hybrid,0.1123,1,1.5C,GECO2022,portfolio_weight,2027,Listed Equity,Automotive,Listed Equity,LDV: Hybrid,Aligned* Portfolio
Portfolio,Automotive,ICE,0.6574,1,1.5C,GECO2022,portfolio_weight,2027,Listed Equity,Automotive,Listed Equity,LDV: ICE,Portfolio
Aligned* Portfolio,Automotive,ICE,0.6371,1,1.5C,GECO2022,portfolio_weight,2027,Listed Equity,Automotive,Listed Equity,LDV: ICE,Aligned* Portfolio
Portfolio,Power,CoalCap,0.0485,1,1.5C,GECO2022,portfolio_weight,2027,Listed Equity,Power,Listed Equity,Coal Power,Portfolio
Aligned* Portfolio,Power,CoalCap,0.1436,1,1.5C,GECO2022,portfolio_weight,2027,Listed Equity,Power,Listed Equity,Coal Power,Aligned* Portfolio
Portfolio,Power,GasCap,0.3248,1,1.5C,GECO2022,portfolio_weight,2027,Listed Equity,Power,Listed Equity,Gas Power,Portfolio
Aligned* Portfolio,Power,GasCap,0.1971,1,1.5C,GECO2022,portfolio_weight,2027,Listed Equity,Power,Listed Equity,Gas Power,Aligned* Portfolio
Portfolio,Power,HydroCap,0.1004,1,1.5C,GECO2022,portfolio_weight,2027,Listed Equity,Power,Listed Equity,Hydropower,Portfolio
Aligned* Portfolio,Power,HydroCap,0.082,1,1.5C,GECO2022,portfolio_weight,2027,Listed Equity,Power,Listed Equity,Hydropower,Aligned* Portfolio
Portfolio,Power,NuclearCap,0,1,1.5C,GECO2022,portfolio_weight,2027,Listed Equity,Power,Listed Equity,Nuclear Power,Portfolio
Aligned* Portfolio,Power,NuclearCap,0.0039,1,1.5C,GECO2022,portfolio_weight,2027,Listed Equity,Power,Listed Equity,Nuclear Power,Aligned* Portfolio
Portfolio,Power,OilCap,0.0072,1,1.5C,GECO2022,portfolio_weight,2027,Listed Equity,Power,Listed Equity,Oil Power,Portfolio
Aligned* Portfolio,Power,OilCap,0.0065,1,1.5C,GECO2022,portfolio_weight,2027,Listed Equity,Power,Listed Equity,Oil Power,Aligned* Portfolio
Portfolio,Power,RenewablesCap,0.519,1,1.5C,GECO2022,portfolio_weight,2027,Listed Equity,Power,Listed Equity,Renewables,Portfolio
Aligned* Portfolio,Power,RenewablesCap,0.567,1,1.5C,GECO2022,portfolio_weight,2027,Listed Equity,Power,Listed Equity,Renewables,Aligned* Portfolio
Portfolio,Automotive,Electric,0.2929,1,NDC_LTS,GECO2022,portfolio_weight,2027,Listed Equity,Automotive,Listed Equity,LDV: Electric,Portfolio
Aligned* Portfolio,Automotive,Electric,0.2279,1,NDC_LTS,GECO2022,portfolio_weight,2027,Listed Equity,Automotive,Listed Equity,LDV: Electric,Aligned* Portfolio
Portfolio,Automotive,FuelCell,0.001,1,NDC_LTS,GECO2022,portfolio_weight,2027,Listed Equity,Automotive,Listed Equity,LDV: Fuel Cell,Portfolio
Aligned* Portfolio,Automotive,FuelCell,0.0082,1,NDC_LTS,GECO2022,portfolio_weight,2027,Listed Equity,Automotive,Listed Equity,LDV: Fuel Cell,Aligned* Portfolio
Portfolio,Automotive,Hybrid,0.0487,1,NDC_LTS,GECO2022,portfolio_weight,2027,Listed Equity,Automotive,Listed Equity,LDV: Hybrid,Portfolio
Aligned* Portfolio,Automotive,Hybrid,0.1079,1,NDC_LTS,GECO2022,portfolio_weight,2027,Listed Equity,Automotive,Listed Equity,LDV: Hybrid,Aligned* Portfolio
Portfolio,Automotive,ICE,0.6574,1,NDC_LTS,GECO2022,portfolio_weight,2027,Listed Equity,Automotive,Listed Equity,LDV: ICE,Portfolio
Aligned* Portfolio,Automotive,ICE,0.6559,1,NDC_LTS,GECO2022,portfolio_weight,2027,Listed Equity,Automotive,Listed Equity,LDV: ICE,Aligned* Portfolio
Portfolio,Power,CoalCap,0.0485,1,NDC_LTS,GECO2022,portfolio_weight,2027,Listed Equity,Power,Listed Equity,Coal Power,Portfolio
Aligned* Portfolio,Power,CoalCap,0.1788,1,NDC_LTS,GECO2022,portfolio_weight,2027,Listed Equity,Power,Listed Equity,Coal Power,Aligned* Portfolio
Portfolio,Power,GasCap,0.3248,1,NDC_LTS,GECO2022,portfolio_weight,2027,Listed Equity,Power,Listed Equity,Gas Power,Portfolio
Aligned* Portfolio,Power,GasCap,0.2249,1,NDC_LTS,GECO2022,portfolio_weight,2027,Listed Equity,Power,Listed Equity,Gas Power,Aligned* Portfolio
Portfolio,Power,HydroCap,0.1004,1,NDC_LTS,GECO2022,portfolio_weight,2027,Listed Equity,Power,Listed Equity,Hydropower,Portfolio
Aligned* Portfolio,Power,HydroCap,0.0889,1,NDC_LTS,GECO2022,portfolio_weight,2027,Listed Equity,Power,Listed Equity,Hydropower,Aligned* Portfolio
Portfolio,Power,NuclearCap,0,1,NDC_LTS,GECO2022,portfolio_weight,2027,Listed Equity,Power,Listed Equity,Nuclear Power,Portfolio
Aligned* Portfolio,Power,NuclearCap,0.0051,1,NDC_LTS,GECO2022,portfolio_weight,2027,Listed Equity,Power,Listed Equity,Nuclear Power,Aligned* Portfolio
Portfolio,Power,OilCap,0.0072,1,NDC_LTS,GECO2022,portfolio_weight,2027,Listed Equity,Power,Listed Equity,Oil Power,Portfolio
Aligned* Portfolio,Power,OilCap,0.0072,1,NDC_LTS,GECO2022,portfolio_weight,2027,Listed Equity,Power,Listed Equity,Oil Power,Aligned* Portfolio
Portfolio,Power,RenewablesCap,0.519,1,NDC_LTS,GECO2022,portfolio_weight,2027,Listed Equity,Power,Listed Equity,Renewables,Portfolio
Aligned* Portfolio,Power,RenewablesCap,0.4949,1,NDC_LTS,GECO2022,portfolio_weight,2027,Listed Equity,Power,Listed Equity,Renewables,Aligned* Portfolio
Portfolio,Automotive,Electric,0.2929,1,Reference,GECO2022,portfolio_weight,2027,Listed Equity,Automotive,Listed Equity,LDV: Electric,Portfolio
Aligned* Portfolio,Automotive,Electric,0.2008,1,Reference,GECO2022,portfolio_weight,2027,Listed Equity,Automotive,Listed Equity,LDV: Electric,Aligned* Portfolio
Portfolio,Automotive,FuelCell,0.001,1,Reference,GECO2022,portfolio_weight,2027,Listed Equity,Automotive,Listed Equity,LDV: Fuel Cell,Portfolio
Aligned* Portfolio,Automotive,FuelCell,0.0086,1,Reference,GECO2022,portfolio_weight,2027,Listed Equity,Automotive,Listed Equity,LDV: Fuel Cell,Aligned* Portfolio
Portfolio,Automotive,Hybrid,0.0487,1,Reference,GECO2022,portfolio_weight,2027,Listed Equity,Automotive,Listed Equity,LDV: Hybrid,Portfolio
Aligned* Portfolio,Automotive,Hybrid,0.1025,1,Reference,GECO2022,portfolio_weight,2027,Listed Equity,Automotive,Listed Equity,LDV: Hybrid,Aligned* Portfolio
Portfolio,Automotive,ICE,0.6574,1,Reference,GECO2022,portfolio_weight,2027,Listed Equity,Automotive,Listed Equity,LDV: ICE,Portfolio
Aligned* Portfolio,Automotive,ICE,0.6881,1,Reference,GECO2022,portfolio_weight,2027,Listed Equity,Automotive,Listed Equity,LDV: ICE,Aligned* Portfolio
Portfolio,Power,CoalCap,0.0485,1,Reference,GECO2022,portfolio_weight,2027,Listed Equity,Power,Listed Equity,Coal Power,Portfolio
Aligned* Portfolio,Power,CoalCap,0.1834,1,Reference,GECO2022,portfolio_weight,2027,Listed Equity,Power,Listed Equity,Coal Power,Aligned* Portfolio
Portfolio,Power,GasCap,0.3248,1,Reference,GECO2022,portfolio_weight,2027,Listed Equity,Power,Listed Equity,Gas Power,Portfolio
Aligned* Portfolio,Power,GasCap,0.2262,1,Reference,GECO2022,portfolio_weight,2027,Listed Equity,Power,Listed Equity,Gas Power,Aligned* Portfolio
Portfolio,Power,HydroCap,0.1004,1,Reference,GECO2022,portfolio_weight,2027,Listed Equity,Power,Listed Equity,Hydropower,Portfolio
Aligned* Portfolio,Power,HydroCap,0.089,1,Reference,GECO2022,portfolio_weight,2027,Listed Equity,Power,Listed Equity,Hydropower,Aligned* Portfolio
Portfolio,Power,NuclearCap,0,1,Reference,GECO2022,portfolio_weight,2027,Listed Equity,Power,Listed Equity,Nuclear Power,Portfolio
Aligned* Portfolio,Power,NuclearCap,0.0049,1,Reference,GECO2022,portfolio_weight,2027,Listed Equity,Power,Listed Equity,Nuclear Power,Aligned* Portfolio
Portfolio,Power,OilCap,0.0072,1,Reference,GECO2022,portfolio_weight,2027,Listed Equity,Power,Listed Equity,Oil Power,Portfolio
Aligned* Portfolio,Power,OilCap,0.0073,1,Reference,GECO2022,portfolio_weight,2027,Listed Equity,Power,Listed Equity,Oil Power,Aligned* Portfolio
Portfolio,Power,RenewablesCap,0.519,1,Reference,GECO2022,portfolio_weight,2027,Listed Equity,Power,Listed Equity,Renewables,Portfolio
Aligned* Portfolio,Power,RenewablesCap,0.4893,1,Reference,GECO2022,portfolio_weight,2027,Listed Equity,Power,Listed Equity,Renewables,Aligned* Portfolio
Portfolio,Power,CoalCap,0.0485,1,NZE,ISF2021,portfolio_weight,2027,Listed Equity,Power,Listed Equity,Coal Power,Portfolio
Aligned* Portfolio,Power,CoalCap,0.1254,1,NZE,ISF2021,portfolio_weight,2027,Listed Equity,Power,Listed Equity,Coal Power,Aligned* Portfolio
Portfolio,Power,GasCap,0.3248,1,NZE,ISF2021,portfolio_weight,2027,Listed Equity,Power,Listed Equity,Gas Power,Portfolio
Aligned* Portfolio,Power,GasCap,0.2214,1,NZE,ISF2021,portfolio_weight,2027,Listed Equity,Power,Listed Equity,Gas Power,Aligned* Portfolio
Portfolio,Power,HydroCap,0.1004,1,NZE,ISF2021,portfolio_weight,2027,Listed Equity,Power,Listed Equity,Hydropower,Portfolio
Aligned* Portfolio,Power,HydroCap,0.0808,1,NZE,ISF2021,portfolio_weight,2027,Listed Equity,Power,Listed Equity,Hydropower,Aligned* Portfolio
Portfolio,Power,NuclearCap,0,1,NZE,ISF2021,portfolio_weight,2027,Listed Equity,Power,Listed Equity,Nuclear Power,Portfolio
Aligned* Portfolio,Power,NuclearCap,0,1,NZE,ISF2021,portfolio_weight,2027,Listed Equity,Power,Listed Equity,Nuclear Power,Aligned* Portfolio
Portfolio,Power,OilCap,0.0072,1,NZE,ISF2021,portfolio_weight,2027,Listed Equity,Power,Listed Equity,Oil Power,Portfolio
Aligned* Portfolio,Power,OilCap,0.0034,1,NZE,ISF2021,portfolio_weight,2027,Listed Equity,Power,Listed Equity,Oil Power,Aligned* Portfolio
Portfolio,Power,RenewablesCap,0.519,1,NZE,ISF2021,portfolio_weight,2027,Listed Equity,Power,Listed Equity,Renewables,Portfolio
Aligned* Portfolio,Power,RenewablesCap,0.569,1,NZE,ISF2021,portfolio_weight,2027,Listed Equity,Power,Listed Equity,Renewables,Aligned* Portfolio
Portfolio,Automotive,Electric,0.2929,1,APS,WEO2022,portfolio_weight,2027,Listed Equity,Automotive,Listed Equity,LDV: Electric,Portfolio
Aligned* Portfolio,Automotive,Electric,0.2113,1,APS,WEO2022,portfolio_weight,2027,Listed Equity,Automotive,Listed Equity,LDV: Electric,Aligned* Portfolio
Portfolio,Automotive,FuelCell,0.001,1,APS,WEO2022,portfolio_weight,2027,Listed Equity,Automotive,Listed Equity,LDV: Fuel Cell,Portfolio
Aligned* Portfolio,Automotive,FuelCell,0.0066,1,APS,WEO2022,portfolio_weight,2027,Listed Equity,Automotive,Listed Equity,LDV: Fuel Cell,Aligned* Portfolio
Portfolio,Automotive,Hybrid,0.0487,1,APS,WEO2022,portfolio_weight,2027,Listed Equity,Automotive,Listed Equity,LDV: Hybrid,Portfolio
Aligned* Portfolio,Automotive,Hybrid,0.0686,1,APS,WEO2022,portfolio_weight,2027,Listed Equity,Automotive,Listed Equity,LDV: Hybrid,Aligned* Portfolio
Portfolio,Automotive,ICE,0.6574,1,APS,WEO2022,portfolio_weight,2027,Listed Equity,Automotive,Listed Equity,LDV: ICE,Portfolio
Aligned* Portfolio,Automotive,ICE,0.7135,1,APS,WEO2022,portfolio_weight,2027,Listed Equity,Automotive,Listed Equity,LDV: ICE,Aligned* Portfolio
Portfolio,Power,CoalCap,0.0485,1,APS,WEO2022,portfolio_weight,2027,Listed Equity,Power,Listed Equity,Coal Power,Portfolio
Aligned* Portfolio,Power,CoalCap,0.1721,1,APS,WEO2022,portfolio_weight,2027,Listed Equity,Power,Listed Equity,Coal Power,Aligned* Portfolio
Portfolio,Power,GasCap,0.3248,1,APS,WEO2022,portfolio_weight,2027,Listed Equity,Power,Listed Equity,Gas Power,Portfolio
Aligned* Portfolio,Power,GasCap,0.2006,1,APS,WEO2022,portfolio_weight,2027,Listed Equity,Power,Listed Equity,Gas Power,Aligned* Portfolio
Portfolio,Power,HydroCap,0.1004,1,APS,WEO2022,portfolio_weight,2027,Listed Equity,Power,Listed Equity,Hydropower,Portfolio
Aligned* Portfolio,Power,HydroCap,0.0875,1,APS,WEO2022,portfolio_weight,2027,Listed Equity,Power,Listed Equity,Hydropower,Aligned* Portfolio
Portfolio,Power,NuclearCap,0,1,APS,WEO2022,portfolio_weight,2027,Listed Equity,Power,Listed Equity,Nuclear Power,Portfolio
Aligned* Portfolio,Power,NuclearCap,0.0037,1,APS,WEO2022,portfolio_weight,2027,Listed Equity,Power,Listed Equity,Nuclear Power,Aligned* Portfolio
Portfolio,Power,OilCap,0.0072,1,APS,WEO2022,portfolio_weight,2027,Listed Equity,Power,Listed Equity,Oil Power,Portfolio
Aligned* Portfolio,Power,OilCap,0.0044,1,APS,WEO2022,portfolio_weight,2027,Listed Equity,Power,Listed Equity,Oil Power,Aligned* Portfolio
Portfolio,Power,RenewablesCap,0.519,1,APS,WEO2022,portfolio_weight,2027,Listed Equity,Power,Listed Equity,Renewables,Portfolio
Aligned* Portfolio,Power,RenewablesCap,0.5317,1,APS,WEO2022,portfolio_weight,2027,Listed Equity,Power,Listed Equity,Renewables,Aligned* Portfolio
Portfolio,Automotive,Electric,0.2929,1,NZE_2050,WEO2022,portfolio_weight,2027,Listed Equity,Automotive,Listed Equity,LDV: Electric,Portfolio
Aligned* Portfolio,Automotive,Electric,0.3448,1,NZE_2050,WEO2022,portfolio_weight,2027,Listed Equity,Automotive,Listed Equity,LDV: Electric,Aligned* Portfolio
Portfolio,Automotive,FuelCell,0.001,1,NZE_2050,WEO2022,portfolio_weight,2027,Listed Equity,Automotive,Listed Equity,LDV: Fuel Cell,Portfolio
Aligned* Portfolio,Automotive,FuelCell,0.0164,1,NZE_2050,WEO2022,portfolio_weight,2027,Listed Equity,Automotive,Listed Equity,LDV: Fuel Cell,Aligned* Portfolio
Portfolio,Automotive,Hybrid,0.0487,1,NZE_2050,WEO2022,portfolio_weight,2027,Listed Equity,Automotive,Listed Equity,LDV: Hybrid,Portfolio
Aligned* Portfolio,Automotive,Hybrid,0.075,1,NZE_2050,WEO2022,portfolio_weight,2027,Listed Equity,Automotive,Listed Equity,LDV: Hybrid,Aligned* Portfolio
Portfolio,Automotive,ICE,0.6574,1,NZE_2050,WEO2022,portfolio_weight,2027,Listed Equity,Automotive,Listed Equity,LDV: ICE,Portfolio
Aligned* Portfolio,Automotive,ICE,0.5638,1,NZE_2050,WEO2022,portfolio_weight,2027,Listed Equity,Automotive,Listed Equity,LDV: ICE,Aligned* Portfolio
Portfolio,Power,CoalCap,0.0485,1,NZE_2050,WEO2022,portfolio_weight,2027,Listed Equity,Power,Listed Equity,Coal Power,Portfolio
Aligned* Portfolio,Power,CoalCap,0.1363,1,NZE_2050,WEO2022,portfolio_weight,2027,Listed Equity,Power,Listed Equity,Coal Power,Aligned* Portfolio
Portfolio,Power,GasCap,0.3248,1,NZE_2050,WEO2022,portfolio_weight,2027,Listed Equity,Power,Listed Equity,Gas Power,Portfolio
Aligned* Portfolio,Power,GasCap,0.1729,1,NZE_2050,WEO2022,portfolio_weight,2027,Listed Equity,Power,Listed Equity,Gas Power,Aligned* Portfolio
Portfolio,Power,HydroCap,0.1004,1,NZE_2050,WEO2022,portfolio_weight,2027,Listed Equity,Power,Listed Equity,Hydropower,Portfolio
Aligned* Portfolio,Power,HydroCap,0.0881,1,NZE_2050,WEO2022,portfolio_weight,2027,Listed Equity,Power,Listed Equity,Hydropower,Aligned* Portfolio
Portfolio,Power,NuclearCap,0,1,NZE_2050,WEO2022,portfolio_weight,2027,Listed Equity,Power,Listed Equity,Nuclear Power,Portfolio
Aligned* Portfolio,Power,NuclearCap,0.0055,1,NZE_2050,WEO2022,portfolio_weight,2027,Listed Equity,Power,Listed Equity,Nuclear Power,Aligned* Portfolio
Portfolio,Power,OilCap,0.0072,1,NZE_2050,WEO2022,portfolio_weight,2027,Listed Equity,Power,Listed Equity,Oil Power,Portfolio
Aligned* Portfolio,Power,OilCap,0.0035,1,NZE_2050,WEO2022,portfolio_weight,2027,Listed Equity,Power,Listed Equity,Oil Power,Aligned* Portfolio
Portfolio,Power,RenewablesCap,0.519,1,NZE_2050,WEO2022,portfolio_weight,2027,Listed Equity,Power,Listed Equity,Renewables,Portfolio
Aligned* Portfolio,Power,RenewablesCap,0.5938,1,NZE_2050,WEO2022,portfolio_weight,2027,Listed Equity,Power,Listed Equity,Renewables,Aligned* Portfolio
Portfolio,Power,CoalCap,0.0485,1,STEPS,WEO2022,portfolio_weight,2027,Listed Equity,Power,Listed Equity,Coal Power,Portfolio
Aligned* Portfolio,Power,CoalCap,0.1855,1,STEPS,WEO2022,portfolio_weight,2027,Listed Equity,Power,Listed Equity,Coal Power,Aligned* Portfolio
Portfolio,Power,GasCap,0.3248,1,STEPS,WEO2022,portfolio_weight,2027,Listed Equity,Power,Listed Equity,Gas Power,Portfolio
Aligned* Portfolio,Power,GasCap,0.2152,1,STEPS,WEO2022,portfolio_weight,2027,Listed Equity,Power,Listed Equity,Gas Power,Aligned* Portfolio
Portfolio,Power,HydroCap,0.1004,1,STEPS,WEO2022,portfolio_weight,2027,Listed Equity,Power,Listed Equity,Hydropower,Portfolio
Aligned* Portfolio,Power,HydroCap,0.0887,1,STEPS,WEO2022,portfolio_weight,2027,Listed Equity,Power,Listed Equity,Hydropower,Aligned* Portfolio
Portfolio,Power,NuclearCap,0,1,STEPS,WEO2022,portfolio_weight,2027,Listed Equity,Power,Listed Equity,Nuclear Power,Portfolio
Aligned* Portfolio,Power,NuclearCap,0.0031,1,STEPS,WEO2022,portfolio_weight,2027,Listed Equity,Power,Listed Equity,Nuclear Power,Aligned* Portfolio
Portfolio,Power,OilCap,0.0072,1,STEPS,WEO2022,portfolio_weight,2027,Listed Equity,Power,Listed Equity,Oil Power,Portfolio
Aligned* Portfolio,Power,OilCap,0.0046,1,STEPS,WEO2022,portfolio_weight,2027,Listed Equity,Power,Listed Equity,Oil Power,Aligned* Portfolio
Portfolio,Power,RenewablesCap,0.519,1,STEPS,WEO2022,portfolio_weight,2027,Listed Equity,Power,Listed Equity,Renewables,Portfolio
Aligned* Portfolio,Power,RenewablesCap,0.5029,1,STEPS,WEO2022,portfolio_weight,2027,Listed Equity,Power,Listed Equity,Renewables,Aligned* Portfolio
Portfolio,Automotive,Electric,0.2664,1,1.5C,GECO2022,ownership_weight,2027,Listed Equity,Automotive,Listed Equity,LDV: Electric,Portfolio
Aligned* Portfolio,Automotive,Electric,0.2312,1,1.5C,GECO2022,ownership_weight,2027,Listed Equity,Automotive,Listed Equity,LDV: Electric,Aligned* Portfolio
Portfolio,Automotive,FuelCell,3e-4,1,1.5C,GECO2022,ownership_weight,2027,Listed Equity,Automotive,Listed Equity,LDV: Fuel Cell,Portfolio
Aligned* Portfolio,Automotive,FuelCell,0.0081,1,1.5C,GECO2022,ownership_weight,2027,Listed Equity,Automotive,Listed Equity,LDV: Fuel Cell,Aligned* Portfolio
Portfolio,Automotive,Hybrid,0.0541,1,1.5C,GECO2022,ownership_weight,2027,Listed Equity,Automotive,Listed Equity,LDV: Hybrid,Portfolio
Aligned* Portfolio,Automotive,Hybrid,0.1073,1,1.5C,GECO2022,ownership_weight,2027,Listed Equity,Automotive,Listed Equity,LDV: Hybrid,Aligned* Portfolio
Portfolio,Automotive,ICE,0.6792,1,1.5C,GECO2022,ownership_weight,2027,Listed Equity,Automotive,Listed Equity,LDV: ICE,Portfolio
Aligned* Portfolio,Automotive,ICE,0.6535,1,1.5C,GECO2022,ownership_weight,2027,Listed Equity,Automotive,Listed Equity,LDV: ICE,Aligned* Portfolio
Portfolio,Power,CoalCap,0.0234,1,1.5C,GECO2022,ownership_weight,2027,Listed Equity,Power,Listed Equity,Coal Power,Portfolio
Aligned* Portfolio,Power,CoalCap,0.1154,1,1.5C,GECO2022,ownership_weight,2027,Listed Equity,Power,Listed Equity,Coal Power,Aligned* Portfolio
Portfolio,Power,GasCap,0.2015,1,1.5C,GECO2022,ownership_weight,2027,Listed Equity,Power,Listed Equity,Gas Power,Portfolio
Aligned* Portfolio,Power,GasCap,0.0801,1,1.5C,GECO2022,ownership_weight,2027,Listed Equity,Power,Listed Equity,Gas Power,Aligned* Portfolio
Portfolio,Power,HydroCap,0.1553,1,1.5C,GECO2022,ownership_weight,2027,Listed Equity,Power,Listed Equity,Hydropower,Portfolio
Aligned* Portfolio,Power,HydroCap,0.1256,1,1.5C,GECO2022,ownership_weight,2027,Listed Equity,Power,Listed Equity,Hydropower,Aligned* Portfolio
Portfolio,Power,NuclearCap,0,1,1.5C,GECO2022,ownership_weight,2027,Listed Equity,Power,Listed Equity,Nuclear Power,Portfolio
Aligned* Portfolio,Power,NuclearCap,0.0039,1,1.5C,GECO2022,ownership_weight,2027,Listed Equity,Power,Listed Equity,Nuclear Power,Aligned* Portfolio
Portfolio,Power,OilCap,0.0044,1,1.5C,GECO2022,ownership_weight,2027,Listed Equity,Power,Listed Equity,Oil Power,Portfolio
Aligned* Portfolio,Power,OilCap,0.0042,1,1.5C,GECO2022,ownership_weight,2027,Listed Equity,Power,Listed Equity,Oil Power,Aligned* Portfolio
Portfolio,Power,RenewablesCap,0.6154,1,1.5C,GECO2022,ownership_weight,2027,Listed Equity,Power,Listed Equity,Renewables,Portfolio
Aligned* Portfolio,Power,RenewablesCap,0.6708,1,1.5C,GECO2022,ownership_weight,2027,Listed Equity,Power,Listed Equity,Renewables,Aligned* Portfolio
Portfolio,Automotive,Electric,0.2664,1,NDC_LTS,GECO2022,ownership_weight,2027,Listed Equity,Automotive,Listed Equity,LDV: Electric,Portfolio
Aligned* Portfolio,Automotive,Electric,0.2173,1,NDC_LTS,GECO2022,ownership_weight,2027,Listed Equity,Automotive,Listed Equity,LDV: Electric,Aligned* Portfolio
Portfolio,Automotive,FuelCell,3e-4,1,NDC_LTS,GECO2022,ownership_weight,2027,Listed Equity,Automotive,Listed Equity,LDV: Fuel Cell,Portfolio
Aligned* Portfolio,Automotive,FuelCell,0.0074,1,NDC_LTS,GECO2022,ownership_weight,2027,Listed Equity,Automotive,Listed Equity,LDV: Fuel Cell,Aligned* Portfolio
Portfolio,Automotive,Hybrid,0.0541,1,NDC_LTS,GECO2022,ownership_weight,2027,Listed Equity,Automotive,Listed Equity,LDV: Hybrid,Portfolio
Aligned* Portfolio,Automotive,Hybrid,0.1028,1,NDC_LTS,GECO2022,ownership_weight,2027,Listed Equity,Automotive,Listed Equity,LDV: Hybrid,Aligned* Portfolio
Portfolio,Automotive,ICE,0.6792,1,NDC_LTS,GECO2022,ownership_weight,2027,Listed Equity,Automotive,Listed Equity,LDV: ICE,Portfolio
Aligned* Portfolio,Automotive,ICE,0.6725,1,NDC_LTS,GECO2022,ownership_weight,2027,Listed Equity,Automotive,Listed Equity,LDV: ICE,Aligned* Portfolio
Portfolio,Power,CoalCap,0.0234,1,NDC_LTS,GECO2022,ownership_weight,2027,Listed Equity,Power,Listed Equity,Coal Power,Portfolio
Aligned* Portfolio,Power,CoalCap,0.1444,1,NDC_LTS,GECO2022,ownership_weight,2027,Listed Equity,Power,Listed Equity,Coal Power,Aligned* Portfolio
Portfolio,Power,GasCap,0.2015,1,NDC_LTS,GECO2022,ownership_weight,2027,Listed Equity,Power,Listed Equity,Gas Power,Portfolio
Aligned* Portfolio,Power,GasCap,0.0918,1,NDC_LTS,GECO2022,ownership_weight,2027,Listed Equity,Power,Listed Equity,Gas Power,Aligned* Portfolio
Portfolio,Power,HydroCap,0.1553,1,NDC_LTS,GECO2022,ownership_weight,2027,Listed Equity,Power,Listed Equity,Hydropower,Portfolio
Aligned* Portfolio,Power,HydroCap,0.1391,1,NDC_LTS,GECO2022,ownership_weight,2027,Listed Equity,Power,Listed Equity,Hydropower,Aligned* Portfolio
Portfolio,Power,NuclearCap,0,1,NDC_LTS,GECO2022,ownership_weight,2027,Listed Equity,Power,Listed Equity,Nuclear Power,Portfolio
Aligned* Portfolio,Power,NuclearCap,0.0052,1,NDC_LTS,GECO2022,ownership_weight,2027,Listed Equity,Power,Listed Equity,Nuclear Power,Aligned* Portfolio
Portfolio,Power,OilCap,0.0044,1,NDC_LTS,GECO2022,ownership_weight,2027,Listed Equity,Power,Listed Equity,Oil Power,Portfolio
Aligned* Portfolio,Power,OilCap,0.0047,1,NDC_LTS,GECO2022,ownership_weight,2027,Listed Equity,Power,Listed Equity,Oil Power,Aligned* Portfolio
Portfolio,Power,RenewablesCap,0.6154,1,NDC_LTS,GECO2022,ownership_weight,2027,Listed Equity,Power,Listed Equity,Renewables,Portfolio
Aligned* Portfolio,Power,RenewablesCap,0.6149,1,NDC_LTS,GECO2022,ownership_weight,2027,Listed Equity,Power,Listed Equity,Renewables,Aligned* Portfolio
Portfolio,Automotive,Electric,0.2664,1,Reference,GECO2022,ownership_weight,2027,Listed Equity,Automotive,Listed Equity,LDV: Electric,Portfolio
Aligned* Portfolio,Automotive,Electric,0.1899,1,Reference,GECO2022,ownership_weight,2027,Listed Equity,Automotive,Listed Equity,LDV: Electric,Aligned* Portfolio
Portfolio,Automotive,FuelCell,3e-4,1,Reference,GECO2022,ownership_weight,2027,Listed Equity,Automotive,Listed Equity,LDV: Fuel Cell,Portfolio
Aligned* Portfolio,Automotive,FuelCell,0.0078,1,Reference,GECO2022,ownership_weight,2027,Listed Equity,Automotive,Listed Equity,LDV: Fuel Cell,Aligned* Portfolio
Portfolio,Automotive,Hybrid,0.0541,1,Reference,GECO2022,ownership_weight,2027,Listed Equity,Automotive,Listed Equity,LDV: Hybrid,Portfolio
Aligned* Portfolio,Automotive,Hybrid,0.0973,1,Reference,GECO2022,ownership_weight,2027,Listed Equity,Automotive,Listed Equity,LDV: Hybrid,Aligned* Portfolio
Portfolio,Automotive,ICE,0.6792,1,Reference,GECO2022,ownership_weight,2027,Listed Equity,Automotive,Listed Equity,LDV: ICE,Portfolio
Aligned* Portfolio,Automotive,ICE,0.705,1,Reference,GECO2022,ownership_weight,2027,Listed Equity,Automotive,Listed Equity,LDV: ICE,Aligned* Portfolio
Portfolio,Power,CoalCap,0.0234,1,Reference,GECO2022,ownership_weight,2027,Listed Equity,Power,Listed Equity,Coal Power,Portfolio
Aligned* Portfolio,Power,CoalCap,0.1481,1,Reference,GECO2022,ownership_weight,2027,Listed Equity,Power,Listed Equity,Coal Power,Aligned* Portfolio
Portfolio,Power,GasCap,0.2015,1,Reference,GECO2022,ownership_weight,2027,Listed Equity,Power,Listed Equity,Gas Power,Portfolio
Aligned* Portfolio,Power,GasCap,0.0924,1,Reference,GECO2022,ownership_weight,2027,Listed Equity,Power,Listed Equity,Gas Power,Aligned* Portfolio
Portfolio,Power,HydroCap,0.1553,1,Reference,GECO2022,ownership_weight,2027,Listed Equity,Power,Listed Equity,Hydropower,Portfolio
Aligned* Portfolio,Power,HydroCap,0.1396,1,Reference,GECO2022,ownership_weight,2027,Listed Equity,Power,Listed Equity,Hydropower,Aligned* Portfolio
Portfolio,Power,NuclearCap,0,1,Reference,GECO2022,ownership_weight,2027,Listed Equity,Power,Listed Equity,Nuclear Power,Portfolio
Aligned* Portfolio,Power,NuclearCap,0.0049,1,Reference,GECO2022,ownership_weight,2027,Listed Equity,Power,Listed Equity,Nuclear Power,Aligned* Portfolio
Portfolio,Power,OilCap,0.0044,1,Reference,GECO2022,ownership_weight,2027,Listed Equity,Power,Listed Equity,Oil Power,Portfolio
Aligned* Portfolio,Power,OilCap,0.0047,1,Reference,GECO2022,ownership_weight,2027,Listed Equity,Power,Listed Equity,Oil Power,Aligned* Portfolio
Portfolio,Power,RenewablesCap,0.6154,1,Reference,GECO2022,ownership_weight,2027,Listed Equity,Power,Listed Equity,Renewables,Portfolio
Aligned* Portfolio,Power,RenewablesCap,0.6103,1,Reference,GECO2022,ownership_weight,2027,Listed Equity,Power,Listed Equity,Renewables,Aligned* Portfolio
Portfolio,Power,CoalCap,0.0234,1,NZE,ISF2021,ownership_weight,2027,Listed Equity,Power,Listed Equity,Coal Power,Portfolio
Aligned* Portfolio,Power,CoalCap,0.1005,1,NZE,ISF2021,ownership_weight,2027,Listed Equity,Power,Listed Equity,Coal Power,Aligned* Portfolio
Portfolio,Power,GasCap,0.2015,1,NZE,ISF2021,ownership_weight,2027,Listed Equity,Power,Listed Equity,Gas Power,Portfolio
Aligned* Portfolio,Power,GasCap,0.0897,1,NZE,ISF2021,ownership_weight,2027,Listed Equity,Power,Listed Equity,Gas Power,Aligned* Portfolio
Portfolio,Power,HydroCap,0.1553,1,NZE,ISF2021,ownership_weight,2027,Listed Equity,Power,Listed Equity,Hydropower,Portfolio
Aligned* Portfolio,Power,HydroCap,0.1279,1,NZE,ISF2021,ownership_weight,2027,Listed Equity,Power,Listed Equity,Hydropower,Aligned* Portfolio
Portfolio,Power,NuclearCap,0,1,NZE,ISF2021,ownership_weight,2027,Listed Equity,Power,Listed Equity,Nuclear Power,Portfolio
Aligned* Portfolio,Power,NuclearCap,0,1,NZE,ISF2021,ownership_weight,2027,Listed Equity,Power,Listed Equity,Nuclear Power,Aligned* Portfolio
Portfolio,Power,OilCap,0.0044,1,NZE,ISF2021,ownership_weight,2027,Listed Equity,Power,Listed Equity,Oil Power,Portfolio
Aligned* Portfolio,Power,OilCap,0.0022,1,NZE,ISF2021,ownership_weight,2027,Listed Equity,Power,Listed Equity,Oil Power,Aligned* Portfolio
Portfolio,Power,RenewablesCap,0.6154,1,NZE,ISF2021,ownership_weight,2027,Listed Equity,Power,Listed Equity,Renewables,Portfolio
Aligned* Portfolio,Power,RenewablesCap,0.6797,1,NZE,ISF2021,ownership_weight,2027,Listed Equity,Power,Listed Equity,Renewables,Aligned* Portfolio
Portfolio,Automotive,Electric,0.2664,1,APS,WEO2022,ownership_weight,2027,Listed Equity,Automotive,Listed Equity,LDV: Electric,Portfolio
Aligned* Portfolio,Automotive,Electric,0.2007,1,APS,WEO2022,ownership_weight,2027,Listed Equity,Automotive,Listed Equity,LDV: Electric,Aligned* Portfolio
Portfolio,Automotive,FuelCell,3e-4,1,APS,WEO2022,ownership_weight,2027,Listed Equity,Automotive,Listed Equity,LDV: Fuel Cell,Portfolio
Aligned* Portfolio,Automotive,FuelCell,0.0059,1,APS,WEO2022,ownership_weight,2027,Listed Equity,Automotive,Listed Equity,LDV: Fuel Cell,Aligned* Portfolio
Portfolio,Automotive,Hybrid,0.0541,1,APS,WEO2022,ownership_weight,2027,Listed Equity,Automotive,Listed Equity,LDV: Hybrid,Portfolio
Aligned* Portfolio,Automotive,Hybrid,0.0635,1,APS,WEO2022,ownership_weight,2027,Listed Equity,Automotive,Listed Equity,LDV: Hybrid,Aligned* Portfolio
Portfolio,Automotive,ICE,0.6792,1,APS,WEO2022,ownership_weight,2027,Listed Equity,Automotive,Listed Equity,LDV: ICE,Portfolio
Aligned* Portfolio,Automotive,ICE,0.7299,1,APS,WEO2022,ownership_weight,2027,Listed Equity,Automotive,Listed Equity,LDV: ICE,Aligned* Portfolio
Portfolio,Power,CoalCap,0.0234,1,APS,WEO2022,ownership_weight,2027,Listed Equity,Power,Listed Equity,Coal Power,Portfolio
Aligned* Portfolio,Power,CoalCap,0.1378,1,APS,WEO2022,ownership_weight,2027,Listed Equity,Power,Listed Equity,Coal Power,Aligned* Portfolio
Portfolio,Power,GasCap,0.2015,1,APS,WEO2022,ownership_weight,2027,Listed Equity,Power,Listed Equity,Gas Power,Portfolio
Aligned* Portfolio,Power,GasCap,0.0812,1,APS,WEO2022,ownership_weight,2027,Listed Equity,Power,Listed Equity,Gas Power,Aligned* Portfolio
Portfolio,Power,HydroCap,0.1553,1,APS,WEO2022,ownership_weight,2027,Listed Equity,Power,Listed Equity,Hydropower,Portfolio
Aligned* Portfolio,Power,HydroCap,0.134,1,APS,WEO2022,ownership_weight,2027,Listed Equity,Power,Listed Equity,Hydropower,Aligned* Portfolio
Portfolio,Power,NuclearCap,0,1,APS,WEO2022,ownership_weight,2027,Listed Equity,Power,Listed Equity,Nuclear Power,Portfolio
Aligned* Portfolio,Power,NuclearCap,0.0037,1,APS,WEO2022,ownership_weight,2027,Listed Equity,Power,Listed Equity,Nuclear Power,Aligned* Portfolio
Portfolio,Power,OilCap,0.0044,1,APS,WEO2022,ownership_weight,2027,Listed Equity,Power,Listed Equity,Oil Power,Portfolio
Aligned* Portfolio,Power,OilCap,0.0028,1,APS,WEO2022,ownership_weight,2027,Listed Equity,Power,Listed Equity,Oil Power,Aligned* Portfolio
Portfolio,Power,RenewablesCap,0.6154,1,APS,WEO2022,ownership_weight,2027,Listed Equity,Power,Listed Equity,Renewables,Portfolio
Aligned* Portfolio,Power,RenewablesCap,0.6405,1,APS,WEO2022,ownership_weight,2027,Listed Equity,Power,Listed Equity,Renewables,Aligned* Portfolio
Portfolio,Automotive,Electric,0.2664,1,NZE_2050,WEO2022,ownership_weight,2027,Listed Equity,Automotive,Listed Equity,LDV: Electric,Portfolio
Aligned* Portfolio,Automotive,Electric,0.3347,1,NZE_2050,WEO2022,ownership_weight,2027,Listed Equity,Automotive,Listed Equity,LDV: Electric,Aligned* Portfolio
Portfolio,Automotive,FuelCell,3e-4,1,NZE_2050,WEO2022,ownership_weight,2027,Listed Equity,Automotive,Listed Equity,LDV: Fuel Cell,Portfolio
Aligned* Portfolio,Automotive,FuelCell,0.0157,1,NZE_2050,WEO2022,ownership_weight,2027,Listed Equity,Automotive,Listed Equity,LDV: Fuel Cell,Aligned* Portfolio
Portfolio,Automotive,Hybrid,0.0541,1,NZE_2050,WEO2022,ownership_weight,2027,Listed Equity,Automotive,Listed Equity,LDV: Hybrid,Portfolio
Aligned* Portfolio,Automotive,Hybrid,0.0696,1,NZE_2050,WEO2022,ownership_weight,2027,Listed Equity,Automotive,Listed Equity,LDV: Hybrid,Aligned* Portfolio
Portfolio,Automotive,ICE,0.6792,1,NZE_2050,WEO2022,ownership_weight,2027,Listed Equity,Automotive,Listed Equity,LDV: ICE,Portfolio
Aligned* Portfolio,Automotive,ICE,0.5801,1,NZE_2050,WEO2022,ownership_weight,2027,Listed Equity,Automotive,Listed Equity,LDV: ICE,Aligned* Portfolio
Portfolio,Power,CoalCap,0.0234,1,NZE_2050,WEO2022,ownership_weight,2027,Listed Equity,Power,Listed Equity,Coal Power,Portfolio
Aligned* Portfolio,Power,CoalCap,0.10780000000000001,1,NZE_2050,WEO2022,ownership_weight,2027,Listed Equity,Power,Listed Equity,Coal Power,Aligned* Portfolio
Portfolio,Power,GasCap,0.2015,1,NZE_2050,WEO2022,ownership_weight,2027,Listed Equity,Power,Listed Equity,Gas Power,Portfolio
Aligned* Portfolio,Power,GasCap,0.0691,1,NZE_2050,WEO2022,ownership_weight,2027,Listed Equity,Power,Listed Equity,Gas Power,Aligned* Portfolio
Portfolio,Power,HydroCap,0.1553,1,NZE_2050,WEO2022,ownership_weight,2027,Listed Equity,Power,Listed Equity,Hydropower,Portfolio
Aligned* Portfolio,Power,HydroCap,0.1293,1,NZE_2050,WEO2022,ownership_weight,2027,Listed Equity,Power,Listed Equity,Hydropower,Aligned* Portfolio
Portfolio,Power,NuclearCap,0,1,NZE_2050,WEO2022,ownership_weight,2027,Listed Equity,Power,Listed Equity,Nuclear Power,Portfolio
Aligned* Portfolio,Power,NuclearCap,0.0055,1,NZE_2050,WEO2022,ownership_weight,2027,Listed Equity,Power,Listed Equity,Nuclear Power,Aligned* Portfolio
Portfolio,Power,OilCap,0.0044,1,NZE_2050,WEO2022,ownership_weight,2027,Listed Equity,Power,Listed Equity,Oil Power,Portfolio
Aligned* Portfolio,Power,OilCap,0.0022,1,NZE_2050,WEO2022,ownership_weight,2027,Listed Equity,Power,Listed Equity,Oil Power,Aligned* Portfolio
Portfolio,Power,RenewablesCap,0.6154,1,NZE_2050,WEO2022,ownership_weight,2027,Listed Equity,Power,Listed Equity,Renewables,Portfolio
Aligned* Portfolio,Power,RenewablesCap,0.6861,1,NZE_2050,WEO2022,ownership_weight,2027,Listed Equity,Power,Listed Equity,Renewables,Aligned* Portfolio
Portfolio,Power,CoalCap,0.0234,1,STEPS,WEO2022,ownership_weight,2027,Listed Equity,Power,Listed Equity,Coal Power,Portfolio
Aligned* Portfolio,Power,CoalCap,0.1493,1,STEPS,WEO2022,ownership_weight,2027,Listed Equity,Power,Listed Equity,Coal Power,Aligned* Portfolio
Portfolio,Power,GasCap,0.2015,1,STEPS,WEO2022,ownership_weight,2027,Listed Equity,Power,Listed Equity,Gas Power,Portfolio
Aligned* Portfolio,Power,GasCap,0.0876,1,STEPS,WEO2022,ownership_weight,2027,Listed Equity,Power,Listed Equity,Gas Power,Aligned* Portfolio
Portfolio,Power,HydroCap,0.1553,1,STEPS,WEO2022,ownership_weight,2027,Listed Equity,Power,Listed Equity,Hydropower,Portfolio
Aligned* Portfolio,Power,HydroCap,0.1377,1,STEPS,WEO2022,ownership_weight,2027,Listed Equity,Power,Listed Equity,Hydropower,Aligned* Portfolio
Portfolio,Power,NuclearCap,0,1,STEPS,WEO2022,ownership_weight,2027,Listed Equity,Power,Listed Equity,Nuclear Power,Portfolio
Aligned* Portfolio,Power,NuclearCap,0.0031,1,STEPS,WEO2022,ownership_weight,2027,Listed Equity,Power,Listed Equity,Nuclear Power,Aligned* Portfolio
Portfolio,Power,OilCap,0.0044,1,STEPS,WEO2022,ownership_weight,2027,Listed Equity,Power,Listed Equity,Oil Power,Portfolio
Aligned* Portfolio,Power,OilCap,0.003,1,STEPS,WEO2022,ownership_weight,2027,Listed Equity,Power,Listed Equity,Oil Power,Aligned* Portfolio
Portfolio,Power,RenewablesCap,0.6154,1,STEPS,WEO2022,ownership_weight,2027,Listed Equity,Power,Listed Equity,Renewables,Portfolio
Aligned* Portfolio,Power,RenewablesCap,0.6193,1,STEPS,WEO2022,ownership_weight,2027,Listed Equity,Power,Listed Equity,Renewables,Aligned* Portfolio
Portfolio,Power,RenewablesCap,0.0136,1,1.5C,GECO2022,portfolio_weight,2027,Corporate Bonds,Power,Corporate Bonds,Renewables,Portfolio
Aligned* Portfolio,Power,RenewablesCap,0.2718,1,1.5C,GECO2022,portfolio_weight,2027,Corporate Bonds,Power,Corporate Bonds,Renewables,Aligned* Portfolio
Portfolio,Power,RenewablesCap,0.0136,1,NDC_LTS,GECO2022,portfolio_weight,2027,Corporate Bonds,Power,Corporate Bonds,Renewables,Portfolio
Aligned* Portfolio,Power,RenewablesCap,0.1627,1,NDC_LTS,GECO2022,portfolio_weight,2027,Corporate Bonds,Power,Corporate Bonds,Renewables,Aligned* Portfolio
Portfolio,Power,RenewablesCap,0.0136,1,Reference,GECO2022,portfolio_weight,2027,Corporate Bonds,Power,Corporate Bonds,Renewables,Portfolio
Aligned* Portfolio,Power,RenewablesCap,0.1552,1,Reference,GECO2022,portfolio_weight,2027,Corporate Bonds,Power,Corporate Bonds,Renewables,Aligned* Portfolio
Portfolio,Power,RenewablesCap,0.0136,1,NZE,ISF2021,portfolio_weight,2027,Corporate Bonds,Power,Corporate Bonds,Renewables,Portfolio
Aligned* Portfolio,Power,RenewablesCap,0.2453,1,NZE,ISF2021,portfolio_weight,2027,Corporate Bonds,Power,Corporate Bonds,Renewables,Aligned* Portfolio
Portfolio,Power,RenewablesCap,0.0136,1,APS,WEO2022,portfolio_weight,2027,Corporate Bonds,Power,Corporate Bonds,Renewables,Portfolio
Aligned* Portfolio,Power,RenewablesCap,0.2171,1,APS,WEO2022,portfolio_weight,2027,Corporate Bonds,Power,Corporate Bonds,Renewables,Aligned* Portfolio
Portfolio,Power,RenewablesCap,0.0136,1,NZE_2050,WEO2022,portfolio_weight,2027,Corporate Bonds,Power,Corporate Bonds,Renewables,Portfolio
Aligned* Portfolio,Power,RenewablesCap,0.2982,1,NZE_2050,WEO2022,portfolio_weight,2027,Corporate Bonds,Power,Corporate Bonds,Renewables,Aligned* Portfolio
Portfolio,Power,RenewablesCap,0.0136,1,STEPS,WEO2022,portfolio_weight,2027,Corporate Bonds,Power,Corporate Bonds,Renewables,Portfolio
Aligned* Portfolio,Power,RenewablesCap,0.1773,1,STEPS,WEO2022,portfolio_weight,2027,Corporate Bonds,Power,Corporate Bonds,Renewables,Aligned* Portfolio
Portfolio,Power,HydroCap,0.6343,1,1.5C,GECO2022,portfolio_weight,2027,Corporate Bonds,Power,Corporate Bonds,Hydropower,Portfolio
Aligned* Portfolio,Power,HydroCap,0.5102,1,1.5C,GECO2022,portfolio_weight,2027,Corporate Bonds,Power,Corporate Bonds,Hydropower,Aligned* Portfolio
Portfolio,Power,HydroCap,0.6343,1,NDC_LTS,GECO2022,portfolio_weight,2027,Corporate Bonds,Power,Corporate Bonds,Hydropower,Portfolio
Aligned* Portfolio,Power,HydroCap,0.5815,1,NDC_LTS,GECO2022,portfolio_weight,2027,Corporate Bonds,Power,Corporate Bonds,Hydropower,Aligned* Portfolio
Portfolio,Power,HydroCap,0.6343,1,Reference,GECO2022,portfolio_weight,2027,Corporate Bonds,Power,Corporate Bonds,Hydropower,Portfolio
Aligned* Portfolio,Power,HydroCap,0.586,1,Reference,GECO2022,portfolio_weight,2027,Corporate Bonds,Power,Corporate Bonds,Hydropower,Aligned* Portfolio
Portfolio,Power,HydroCap,0.6343,1,NZE,ISF2021,portfolio_weight,2027,Corporate Bonds,Power,Corporate Bonds,Hydropower,Portfolio
Aligned* Portfolio,Power,HydroCap,0.541,1,NZE,ISF2021,portfolio_weight,2027,Corporate Bonds,Power,Corporate Bonds,Hydropower,Aligned* Portfolio
Portfolio,Power,HydroCap,0.6343,1,APS,WEO2022,portfolio_weight,2027,Corporate Bonds,Power,Corporate Bonds,Hydropower,Portfolio
Aligned* Portfolio,Power,HydroCap,0.5544,1,APS,WEO2022,portfolio_weight,2027,Corporate Bonds,Power,Corporate Bonds,Hydropower,Aligned* Portfolio
Portfolio,Power,HydroCap,0.6343,1,NZE_2050,WEO2022,portfolio_weight,2027,Corporate Bonds,Power,Corporate Bonds,Hydropower,Portfolio
Aligned* Portfolio,Power,HydroCap,0.5074,1,NZE_2050,WEO2022,portfolio_weight,2027,Corporate Bonds,Power,Corporate Bonds,Hydropower,Aligned* Portfolio
Portfolio,Power,HydroCap,0.6343,1,STEPS,WEO2022,portfolio_weight,2027,Corporate Bonds,Power,Corporate Bonds,Hydropower,Portfolio
Aligned* Portfolio,Power,HydroCap,0.5786,1,STEPS,WEO2022,portfolio_weight,2027,Corporate Bonds,Power,Corporate Bonds,Hydropower,Aligned* Portfolio
Portfolio,Power,NuclearCap,0.1493,1,1.5C,GECO2022,portfolio_weight,2027,Corporate Bonds,Power,Corporate Bonds,Nuclear Power,Portfolio
Aligned* Portfolio,Power,NuclearCap,0.06,1,1.5C,GECO2022,portfolio_weight,2027,Corporate Bonds,Power,Corporate Bonds,Nuclear Power,Aligned* Portfolio
Portfolio,Power,NuclearCap,0.1493,1,NDC_LTS,GECO2022,portfolio_weight,2027,Corporate Bonds,Power,Corporate Bonds,Nuclear Power,Portfolio
Aligned* Portfolio,Power,NuclearCap,0.0697,1,NDC_LTS,GECO2022,portfolio_weight,2027,Corporate Bonds,Power,Corporate Bonds,Nuclear Power,Aligned* Portfolio
Portfolio,Power,NuclearCap,0.1493,1,Reference,GECO2022,portfolio_weight,2027,Corporate Bonds,Power,Corporate Bonds,Nuclear Power,Portfolio
Aligned* Portfolio,Power,NuclearCap,0.07,1,Reference,GECO2022,portfolio_weight,2027,Corporate Bonds,Power,Corporate Bonds,Nuclear Power,Aligned* Portfolio
Portfolio,Power,NuclearCap,0.1493,1,NZE,ISF2021,portfolio_weight,2027,Corporate Bonds,Power,Corporate Bonds,Nuclear Power,Portfolio
Aligned* Portfolio,Power,NuclearCap,0.0601,1,NZE,ISF2021,portfolio_weight,2027,Corporate Bonds,Power,Corporate Bonds,Nuclear Power,Aligned* Portfolio
Portfolio,Power,NuclearCap,0.1493,1,APS,WEO2022,portfolio_weight,2027,Corporate Bonds,Power,Corporate Bonds,Nuclear Power,Portfolio
Aligned* Portfolio,Power,NuclearCap,0.0649,1,APS,WEO2022,portfolio_weight,2027,Corporate Bonds,Power,Corporate Bonds,Nuclear Power,Aligned* Portfolio
Portfolio,Power,NuclearCap,0.1493,1,NZE_2050,WEO2022,portfolio_weight,2027,Corporate Bonds,Power,Corporate Bonds,Nuclear Power,Portfolio
Aligned* Portfolio,Power,NuclearCap,0.0606,1,NZE_2050,WEO2022,portfolio_weight,2027,Corporate Bonds,Power,Corporate Bonds,Nuclear Power,Aligned* Portfolio
Portfolio,Power,NuclearCap,0.1493,1,STEPS,WEO2022,portfolio_weight,2027,Corporate Bonds,Power,Corporate Bonds,Nuclear Power,Portfolio
Aligned* Portfolio,Power,NuclearCap,0.0672,1,STEPS,WEO2022,portfolio_weight,2027,Corporate Bonds,Power,Corporate Bonds,Nuclear Power,Aligned* Portfolio
Portfolio,Power,GasCap,0.1204,1,1.5C,GECO2022,portfolio_weight,2027,Corporate Bonds,Power,Corporate Bonds,Gas Power,Portfolio
Aligned* Portfolio,Power,GasCap,0.0958,1,1.5C,GECO2022,portfolio_weight,2027,Corporate Bonds,Power,Corporate Bonds,Gas Power,Aligned* Portfolio
Portfolio,Power,GasCap,0.1204,1,NDC_LTS,GECO2022,portfolio_weight,2027,Corporate Bonds,Power,Corporate Bonds,Gas Power,Portfolio
Aligned* Portfolio,Power,GasCap,0.1105,1,NDC_LTS,GECO2022,portfolio_weight,2027,Corporate Bonds,Power,Corporate Bonds,Gas Power,Aligned* Portfolio
Portfolio,Power,GasCap,0.1204,1,Reference,GECO2022,portfolio_weight,2027,Corporate Bonds,Power,Corporate Bonds,Gas Power,Portfolio
Aligned* Portfolio,Power,GasCap,0.1113,1,Reference,GECO2022,portfolio_weight,2027,Corporate Bonds,Power,Corporate Bonds,Gas Power,Aligned* Portfolio
Portfolio,Power,GasCap,0.1204,1,NZE,ISF2021,portfolio_weight,2027,Corporate Bonds,Power,Corporate Bonds,Gas Power,Portfolio
Aligned* Portfolio,Power,GasCap,0.1064,1,NZE,ISF2021,portfolio_weight,2027,Corporate Bonds,Power,Corporate Bonds,Gas Power,Aligned* Portfolio
Portfolio,Power,GasCap,0.1204,1,APS,WEO2022,portfolio_weight,2027,Corporate Bonds,Power,Corporate Bonds,Gas Power,Portfolio
Aligned* Portfolio,Power,GasCap,0.0986,1,APS,WEO2022,portfolio_weight,2027,Corporate Bonds,Power,Corporate Bonds,Gas Power,Aligned* Portfolio
Portfolio,Power,GasCap,0.1204,1,NZE_2050,WEO2022,portfolio_weight,2027,Corporate Bonds,Power,Corporate Bonds,Gas Power,Portfolio
Aligned* Portfolio,Power,GasCap,0.0833,1,NZE_2050,WEO2022,portfolio_weight,2027,Corporate Bonds,Power,Corporate Bonds,Gas Power,Aligned* Portfolio
Portfolio,Power,GasCap,0.1204,1,STEPS,WEO2022,portfolio_weight,2027,Corporate Bonds,Power,Corporate Bonds,Gas Power,Portfolio
Aligned* Portfolio,Power,GasCap,0.1066,1,STEPS,WEO2022,portfolio_weight,2027,Corporate Bonds,Power,Corporate Bonds,Gas Power,Aligned* Portfolio
Portfolio,Power,OilCap,0.0189,1,1.5C,GECO2022,portfolio_weight,2027,Corporate Bonds,Power,Corporate Bonds,Oil Power,Portfolio
Aligned* Portfolio,Power,OilCap,0.0194,1,1.5C,GECO2022,portfolio_weight,2027,Corporate Bonds,Power,Corporate Bonds,Oil Power,Aligned* Portfolio
Portfolio,Power,OilCap,0.0189,1,NDC_LTS,GECO2022,portfolio_weight,2027,Corporate Bonds,Power,Corporate Bonds,Oil Power,Portfolio
Aligned* Portfolio,Power,OilCap,0.0218,1,NDC_LTS,GECO2022,portfolio_weight,2027,Corporate Bonds,Power,Corporate Bonds,Oil Power,Aligned* Portfolio
Portfolio,Power,OilCap,0.0189,1,Reference,GECO2022,portfolio_weight,2027,Corporate Bonds,Power,Corporate Bonds,Oil Power,Portfolio
Aligned* Portfolio,Power,OilCap,0.0221,1,Reference,GECO2022,portfolio_weight,2027,Corporate Bonds,Power,Corporate Bonds,Oil Power,Aligned* Portfolio
Portfolio,Power,OilCap,0.0189,1,NZE,ISF2021,portfolio_weight,2027,Corporate Bonds,Power,Corporate Bonds,Oil Power,Portfolio
Aligned* Portfolio,Power,OilCap,0.0101,1,NZE,ISF2021,portfolio_weight,2027,Corporate Bonds,Power,Corporate Bonds,Oil Power,Aligned* Portfolio
Portfolio,Power,OilCap,0.0189,1,APS,WEO2022,portfolio_weight,2027,Corporate Bonds,Power,Corporate Bonds,Oil Power,Portfolio
Aligned* Portfolio,Power,OilCap,0.0132,1,APS,WEO2022,portfolio_weight,2027,Corporate Bonds,Power,Corporate Bonds,Oil Power,Aligned* Portfolio
Portfolio,Power,OilCap,0.0189,1,NZE_2050,WEO2022,portfolio_weight,2027,Corporate Bonds,Power,Corporate Bonds,Oil Power,Portfolio
Aligned* Portfolio,Power,OilCap,0.0103,1,NZE_2050,WEO2022,portfolio_weight,2027,Corporate Bonds,Power,Corporate Bonds,Oil Power,Aligned* Portfolio
Portfolio,Power,OilCap,0.0189,1,STEPS,WEO2022,portfolio_weight,2027,Corporate Bonds,Power,Corporate Bonds,Oil Power,Portfolio
Aligned* Portfolio,Power,OilCap,0.014,1,STEPS,WEO2022,portfolio_weight,2027,Corporate Bonds,Power,Corporate Bonds,Oil Power,Aligned* Portfolio
Portfolio,Power,CoalCap,0.0634,1,1.5C,GECO2022,portfolio_weight,2027,Corporate Bonds,Power,Corporate Bonds,Coal Power,Portfolio
Aligned* Portfolio,Power,CoalCap,0.0428,1,1.5C,GECO2022,portfolio_weight,2027,Corporate Bonds,Power,Corporate Bonds,Coal Power,Aligned* Portfolio
Portfolio,Power,CoalCap,0.0634,1,NDC_LTS,GECO2022,portfolio_weight,2027,Corporate Bonds,Power,Corporate Bonds,Coal Power,Portfolio
Aligned* Portfolio,Power,CoalCap,0.0538,1,NDC_LTS,GECO2022,portfolio_weight,2027,Corporate Bonds,Power,Corporate Bonds,Coal Power,Aligned* Portfolio
Portfolio,Power,CoalCap,0.0634,1,Reference,GECO2022,portfolio_weight,2027,Corporate Bonds,Power,Corporate Bonds,Coal Power,Portfolio
Aligned* Portfolio,Power,CoalCap,0.0553,1,Reference,GECO2022,portfolio_weight,2027,Corporate Bonds,Power,Corporate Bonds,Coal Power,Aligned* Portfolio
Portfolio,Power,CoalCap,0.0634,1,NZE,ISF2021,portfolio_weight,2027,Corporate Bonds,Power,Corporate Bonds,Coal Power,Portfolio
Aligned* Portfolio,Power,CoalCap,0.037,1,NZE,ISF2021,portfolio_weight,2027,Corporate Bonds,Power,Corporate Bonds,Coal Power,Aligned* Portfolio
Portfolio,Power,CoalCap,0.0634,1,APS,WEO2022,portfolio_weight,2027,Corporate Bonds,Power,Corporate Bonds,Coal Power,Portfolio
Aligned* Portfolio,Power,CoalCap,0.0519,1,APS,WEO2022,portfolio_weight,2027,Corporate Bonds,Power,Corporate Bonds,Coal Power,Aligned* Portfolio
Portfolio,Power,CoalCap,0.0634,1,NZE_2050,WEO2022,portfolio_weight,2027,Corporate Bonds,Power,Corporate Bonds,Coal Power,Portfolio
Aligned* Portfolio,Power,CoalCap,0.0403,1,NZE_2050,WEO2022,portfolio_weight,2027,Corporate Bonds,Power,Corporate Bonds,Coal Power,Aligned* Portfolio
Portfolio,Power,CoalCap,0.0634,1,STEPS,WEO2022,portfolio_weight,2027,Corporate Bonds,Power,Corporate Bonds,Coal Power,Portfolio
Aligned* Portfolio,Power,CoalCap,0.0563,1,STEPS,WEO2022,portfolio_weight,2027,Corporate Bonds,Power,Corporate Bonds,Coal Power,Aligned* Portfolio
Portfolio,Automotive,Electric,0.3019,1,1.5C,GECO2022,portfolio_weight,2027,Corporate Bonds,Automotive,Corporate Bonds,LDV: Electric,Portfolio
Aligned* Portfolio,Automotive,Electric,0.2271,1,1.5C,GECO2022,portfolio_weight,2027,Corporate Bonds,Automotive,Corporate Bonds,LDV: Electric,Aligned* Portfolio
Portfolio,Automotive,Electric,0.3019,1,NDC_LTS,GECO2022,portfolio_weight,2027,Corporate Bonds,Automotive,Corporate Bonds,LDV: Electric,Portfolio
Aligned* Portfolio,Automotive,Electric,0.2133,1,NDC_LTS,GECO2022,portfolio_weight,2027,Corporate Bonds,Automotive,Corporate Bonds,LDV: Electric,Aligned* Portfolio
Portfolio,Automotive,Electric,0.3019,1,Reference,GECO2022,portfolio_weight,2027,Corporate Bonds,Automotive,Corporate Bonds,LDV: Electric,Portfolio
Aligned* Portfolio,Automotive,Electric,0.1859,1,Reference,GECO2022,portfolio_weight,2027,Corporate Bonds,Automotive,Corporate Bonds,LDV: Electric,Aligned* Portfolio
Portfolio,Automotive,Electric,0.3019,1,APS,WEO2022,portfolio_weight,2027,Corporate Bonds,Automotive,Corporate Bonds,LDV: Electric,Portfolio
Aligned* Portfolio,Automotive,Electric,0.197,1,APS,WEO2022,portfolio_weight,2027,Corporate Bonds,Automotive,Corporate Bonds,LDV: Electric,Aligned* Portfolio
Portfolio,Automotive,Electric,0.3019,1,NZE_2050,WEO2022,portfolio_weight,2027,Corporate Bonds,Automotive,Corporate Bonds,LDV: Electric,Portfolio
Aligned* Portfolio,Automotive,Electric,0.3303,1,NZE_2050,WEO2022,portfolio_weight,2027,Corporate Bonds,Automotive,Corporate Bonds,LDV: Electric,Aligned* Portfolio
Portfolio,Automotive,FuelCell,0,1,1.5C,GECO2022,portfolio_weight,2027,Corporate Bonds,Automotive,Corporate Bonds,LDV: Fuel Cell,Portfolio
Aligned* Portfolio,Automotive,FuelCell,0.0078,1,1.5C,GECO2022,portfolio_weight,2027,Corporate Bonds,Automotive,Corporate Bonds,LDV: Fuel Cell,Aligned* Portfolio
Portfolio,Automotive,FuelCell,0,1,NDC_LTS,GECO2022,portfolio_weight,2027,Corporate Bonds,Automotive,Corporate Bonds,LDV: Fuel Cell,Portfolio
Aligned* Portfolio,Automotive,FuelCell,0.0071,1,NDC_LTS,GECO2022,portfolio_weight,2027,Corporate Bonds,Automotive,Corporate Bonds,LDV: Fuel Cell,Aligned* Portfolio
Portfolio,Automotive,FuelCell,0,1,Reference,GECO2022,portfolio_weight,2027,Corporate Bonds,Automotive,Corporate Bonds,LDV: Fuel Cell,Portfolio
Aligned* Portfolio,Automotive,FuelCell,0.0075,1,Reference,GECO2022,portfolio_weight,2027,Corporate Bonds,Automotive,Corporate Bonds,LDV: Fuel Cell,Aligned* Portfolio
Portfolio,Automotive,FuelCell,0,1,APS,WEO2022,portfolio_weight,2027,Corporate Bonds,Automotive,Corporate Bonds,LDV: Fuel Cell,Portfolio
Aligned* Portfolio,Automotive,FuelCell,0.0056,1,APS,WEO2022,portfolio_weight,2027,Corporate Bonds,Automotive,Corporate Bonds,LDV: Fuel Cell,Aligned* Portfolio
Portfolio,Automotive,FuelCell,0,1,NZE_2050,WEO2022,portfolio_weight,2027,Corporate Bonds,Automotive,Corporate Bonds,LDV: Fuel Cell,Portfolio
Aligned* Portfolio,Automotive,FuelCell,0.0153,1,NZE_2050,WEO2022,portfolio_weight,2027,Corporate Bonds,Automotive,Corporate Bonds,LDV: Fuel Cell,Aligned* Portfolio
Portfolio,Automotive,Hybrid,0.08,1,1.5C,GECO2022,portfolio_weight,2027,Corporate Bonds,Automotive,Corporate Bonds,LDV: Hybrid,Portfolio
Aligned* Portfolio,Automotive,Hybrid,0.1124,1,1.5C,GECO2022,portfolio_weight,2027,Corporate Bonds,Automotive,Corporate Bonds,LDV: Hybrid,Aligned* Portfolio
Portfolio,Automotive,Hybrid,0.08,1,NDC_LTS,GECO2022,portfolio_weight,2027,Corporate Bonds,Automotive,Corporate Bonds,LDV: Hybrid,Portfolio
Aligned* Portfolio,Automotive,Hybrid,0.1079,1,NDC_LTS,GECO2022,portfolio_weight,2027,Corporate Bonds,Automotive,Corporate Bonds,LDV: Hybrid,Aligned* Portfolio
Portfolio,Automotive,Hybrid,0.08,1,Reference,GECO2022,portfolio_weight,2027,Corporate Bonds,Automotive,Corporate Bonds,LDV: Hybrid,Portfolio
Aligned* Portfolio,Automotive,Hybrid,0.1024,1,Reference,GECO2022,portfolio_weight,2027,Corporate Bonds,Automotive,Corporate Bonds,LDV: Hybrid,Aligned* Portfolio
Portfolio,Automotive,Hybrid,0.08,1,APS,WEO2022,portfolio_weight,2027,Corporate Bonds,Automotive,Corporate Bonds,LDV: Hybrid,Portfolio
Aligned* Portfolio,Automotive,Hybrid,0.0684,1,APS,WEO2022,portfolio_weight,2027,Corporate Bonds,Automotive,Corporate Bonds,LDV: Hybrid,Aligned* Portfolio
Portfolio,Automotive,Hybrid,0.08,1,NZE_2050,WEO2022,portfolio_weight,2027,Corporate Bonds,Automotive,Corporate Bonds,LDV: Hybrid,Portfolio
Aligned* Portfolio,Automotive,Hybrid,0.0751,1,NZE_2050,WEO2022,portfolio_weight,2027,Corporate Bonds,Automotive,Corporate Bonds,LDV: Hybrid,Aligned* Portfolio
Portfolio,Automotive,ICE,0.6181,1,1.5C,GECO2022,portfolio_weight,2027,Corporate Bonds,Automotive,Corporate Bonds,LDV: ICE,Portfolio
Aligned* Portfolio,Automotive,ICE,0.6527,1,1.5C,GECO2022,portfolio_weight,2027,Corporate Bonds,Automotive,Corporate Bonds,LDV: ICE,Aligned* Portfolio
Portfolio,Automotive,ICE,0.6181,1,NDC_LTS,GECO2022,portfolio_weight,2027,Corporate Bonds,Automotive,Corporate Bonds,LDV: ICE,Portfolio
Aligned* Portfolio,Automotive,ICE,0.6717,1,NDC_LTS,GECO2022,portfolio_weight,2027,Corporate Bonds,Automotive,Corporate Bonds,LDV: ICE,Aligned* Portfolio
Portfolio,Automotive,ICE,0.6181,1,Reference,GECO2022,portfolio_weight,2027,Corporate Bonds,Automotive,Corporate Bonds,LDV: ICE,Portfolio
Aligned* Portfolio,Automotive,ICE,0.7042,1,Reference,GECO2022,portfolio_weight,2027,Corporate Bonds,Automotive,Corporate Bonds,LDV: ICE,Aligned* Portfolio
Portfolio,Automotive,ICE,0.6181,1,APS,WEO2022,portfolio_weight,2027,Corporate Bonds,Automotive,Corporate Bonds,LDV: ICE,Portfolio
Aligned* Portfolio,Automotive,ICE,0.7291,1,APS,WEO2022,portfolio_weight,2027,Corporate Bonds,Automotive,Corporate Bonds,LDV: ICE,Aligned* Portfolio
Portfolio,Automotive,ICE,0.6181,1,NZE_2050,WEO2022,portfolio_weight,2027,Corporate Bonds,Automotive,Corporate Bonds,LDV: ICE,Portfolio
Aligned* Portfolio,Automotive,ICE,0.5792,1,NZE_2050,WEO2022,portfolio_weight,2027,Corporate Bonds,Automotive,Corporate Bonds,LDV: ICE,Aligned* Portfolio
