id,ald_sector,technology,plan_tech_share,port_weight,allocation,scenario_source,scenario,year,asset_class,ald_sector_translation,asset_class_translation,technology_translation
Geely Automobile Holdings Ltd.,Automotive,Electric,0.5151,0.0398,portfolio_weight,GECO2022,1.5C,2027,Listed Equity,Automotive,Listed Equity,LDV: Electric
Geely Automobile Holdings Ltd.,Automotive,Electric,0.5151,0.0398,portfolio_weight,GECO2022,NDC_LTS,2027,Listed Equity,Automotive,Listed Equity,LDV: Electric
Geely Automobile Holdings Ltd.,Automotive,Electric,0.5151,0.0398,portfolio_weight,GECO2022,Reference,2027,Listed Equity,Automotive,Listed Equity,LDV: Electric
Geely Automobile Holdings Ltd.,Automotive,Electric,0.5151,0.0398,portfolio_weight,WEO2022,APS,2027,Listed Equity,Automotive,Listed Equity,LDV: Electric
Geely Automobile Holdings Ltd.,Automotive,Electric,0.5151,0.0398,portfolio_weight,WEO2022,NZE_2050,2027,Listed Equity,Automotive,Listed Equity,LDV: Electric
Geely Automobile Holdings Ltd.,Automotive,Electric,0.5151,0.0398,ownership_weight,GECO2022,1.5C,2027,Listed Equity,Automotive,Listed Equity,LDV: Electric
Geely Automobile Holdings Ltd.,Automotive,Electric,0.5151,0.0398,ownership_weight,GECO2022,NDC_LTS,2027,Listed Equity,Automotive,Listed Equity,LDV: Electric
Geely Automobile Holdings Ltd.,Automotive,Electric,0.5151,0.0398,ownership_weight,GECO2022,Reference,2027,Listed Equity,Automotive,Listed Equity,LDV: Electric
Geely Automobile Holdings Ltd.,Automotive,Electric,0.5151,0.0398,ownership_weight,WEO2022,APS,2027,Listed Equity,Automotive,Listed Equity,LDV: Electric
Geely Automobile Holdings Ltd.,Automotive,Electric,0.5151,0.0398,ownership_weight,WEO2022,NZE_2050,2027,Listed Equity,Automotive,Listed Equity,LDV: Electric
"Hyundai Motor Co., Ltd.",Automotive,Electric,0.1383,0.0386,portfolio_weight,GECO2022,1.5C,2027,Listed Equity,Automotive,Listed Equity,LDV: Electric
"Hyundai Motor Co., Ltd.",Automotive,Electric,0.1383,0.0386,portfolio_weight,GECO2022,NDC_LTS,2027,Listed Equity,Automotive,Listed Equity,LDV: Electric
"Hyundai Motor Co., Ltd.",Automotive,Electric,0.1383,0.0386,portfolio_weight,GECO2022,Reference,2027,Listed Equity,Automotive,Listed Equity,LDV: Electric
"Hyundai Motor Co., Ltd.",Automotive,Electric,0.1383,0.0386,portfolio_weight,WEO2022,APS,2027,Listed Equity,Automotive,Listed Equity,LDV: Electric
"Hyundai Motor Co., Ltd.",Automotive,Electric,0.1383,0.0386,portfolio_weight,WEO2022,NZE_2050,2027,Listed Equity,Automotive,Listed Equity,LDV: Electric
Geely Automobile Holdings Ltd.,Automotive,FuelCell,0,0.0398,portfolio_weight,GECO2022,1.5C,2027,Listed Equity,Automotive,Listed Equity,LDV: Fuel Cell
Geely Automobile Holdings Ltd.,Automotive,FuelCell,0,0.0398,portfolio_weight,GECO2022,NDC_LTS,2027,Listed Equity,Automotive,Listed Equity,LDV: Fuel Cell
Geely Automobile Holdings Ltd.,Automotive,FuelCell,0,0.0398,portfolio_weight,GECO2022,Reference,2027,Listed Equity,Automotive,Listed Equity,LDV: Fuel Cell
Geely Automobile Holdings Ltd.,Automotive,FuelCell,0,0.0398,portfolio_weight,WEO2022,APS,2027,Listed Equity,Automotive,Listed Equity,LDV: Fuel Cell
Geely Automobile Holdings Ltd.,Automotive,FuelCell,0,0.0398,portfolio_weight,WEO2022,NZE_2050,2027,Listed Equity,Automotive,Listed Equity,LDV: Fuel Cell
Geely Automobile Holdings Ltd.,Automotive,FuelCell,0,0.0398,ownership_weight,GECO2022,1.5C,2027,Listed Equity,Automotive,Listed Equity,LDV: Fuel Cell
Geely Automobile Holdings Ltd.,Automotive,FuelCell,0,0.0398,ownership_weight,GECO2022,NDC_LTS,2027,Listed Equity,Automotive,Listed Equity,LDV: Fuel Cell
Geely Automobile Holdings Ltd.,Automotive,FuelCell,0,0.0398,ownership_weight,GECO2022,Reference,2027,Listed Equity,Automotive,Listed Equity,LDV: Fuel Cell
Geely Automobile Holdings Ltd.,Automotive,FuelCell,0,0.0398,ownership_weight,WEO2022,APS,2027,Listed Equity,Automotive,Listed Equity,LDV: Fuel Cell
Geely Automobile Holdings Ltd.,Automotive,FuelCell,0,0.0398,ownership_weight,WEO2022,NZE_2050,2027,Listed Equity,Automotive,Listed Equity,LDV: Fuel Cell
"Hyundai Motor Co., Ltd.",Automotive,FuelCell,0.0018,0.0386,portfolio_weight,GECO2022,1.5C,2027,Listed Equity,Automotive,Listed Equity,LDV: Fuel Cell
"Hyundai Motor Co., Ltd.",Automotive,FuelCell,0.0018,0.0386,portfolio_weight,GECO2022,NDC_LTS,2027,Listed Equity,Automotive,Listed Equity,LDV: Fuel Cell
"Hyundai Motor Co., Ltd.",Automotive,FuelCell,0.0018,0.0386,portfolio_weight,GECO2022,Reference,2027,Listed Equity,Automotive,Listed Equity,LDV: Fuel Cell
"Hyundai Motor Co., Ltd.",Automotive,FuelCell,0.0018,0.0386,portfolio_weight,WEO2022,APS,2027,Listed Equity,Automotive,Listed Equity,LDV: Fuel Cell
"Hyundai Motor Co., Ltd.",Automotive,FuelCell,0.0018,0.0386,portfolio_weight,WEO2022,NZE_2050,2027,Listed Equity,Automotive,Listed Equity,LDV: Fuel Cell
Geely Automobile Holdings Ltd.,Automotive,Hybrid,0.1179,0.0398,portfolio_weight,GECO2022,1.5C,2027,Listed Equity,Automotive,Listed Equity,LDV: Hybrid
Geely Automobile Holdings Ltd.,Automotive,Hybrid,0.1179,0.0398,portfolio_weight,GECO2022,NDC_LTS,2027,Listed Equity,Automotive,Listed Equity,LDV: Hybrid
Geely Automobile Holdings Ltd.,Automotive,Hybrid,0.1179,0.0398,portfolio_weight,GECO2022,Reference,2027,Listed Equity,Automotive,Listed Equity,LDV: Hybrid
Geely Automobile Holdings Ltd.,Automotive,Hybrid,0.1179,0.0398,portfolio_weight,WEO2022,APS,2027,Listed Equity,Automotive,Listed Equity,LDV: Hybrid
Geely Automobile Holdings Ltd.,Automotive,Hybrid,0.1179,0.0398,portfolio_weight,WEO2022,NZE_2050,2027,Listed Equity,Automotive,Listed Equity,LDV: Hybrid
Geely Automobile Holdings Ltd.,Automotive,Hybrid,0.1179,0.0398,ownership_weight,GECO2022,1.5C,2027,Listed Equity,Automotive,Listed Equity,LDV: Hybrid
Geely Automobile Holdings Ltd.,Automotive,Hybrid,0.1179,0.0398,ownership_weight,GECO2022,NDC_LTS,2027,Listed Equity,Automotive,Listed Equity,LDV: Hybrid
Geely Automobile Holdings Ltd.,Automotive,Hybrid,0.1179,0.0398,ownership_weight,GECO2022,Reference,2027,Listed Equity,Automotive,Listed Equity,LDV: Hybrid
Geely Automobile Holdings Ltd.,Automotive,Hybrid,0.1179,0.0398,ownership_weight,WEO2022,APS,2027,Listed Equity,Automotive,Listed Equity,LDV: Hybrid
Geely Automobile Holdings Ltd.,Automotive,Hybrid,0.1179,0.0398,ownership_weight,WEO2022,NZE_2050,2027,Listed Equity,Automotive,Listed Equity,LDV: Hybrid
"Hyundai Motor Co., Ltd.",Automotive,Hybrid,0.0091,0.0386,portfolio_weight,GECO2022,1.5C,2027,Listed Equity,Automotive,Listed Equity,LDV: Hybrid
"Hyundai Motor Co., Ltd.",Automotive,Hybrid,0.0091,0.0386,portfolio_weight,GECO2022,NDC_LTS,2027,Listed Equity,Automotive,Listed Equity,LDV: Hybrid
"Hyundai Motor Co., Ltd.",Automotive,Hybrid,0.0091,0.0386,portfolio_weight,GECO2022,Reference,2027,Listed Equity,Automotive,Listed Equity,LDV: Hybrid
"Hyundai Motor Co., Ltd.",Automotive,Hybrid,0.0091,0.0386,portfolio_weight,WEO2022,APS,2027,Listed Equity,Automotive,Listed Equity,LDV: Hybrid
"Hyundai Motor Co., Ltd.",Automotive,Hybrid,0.0091,0.0386,portfolio_weight,WEO2022,NZE_2050,2027,Listed Equity,Automotive,Listed Equity,LDV: Hybrid
Geely Automobile Holdings Ltd.,Automotive,ICE,0.367,0.0398,portfolio_weight,GECO2022,1.5C,2027,Listed Equity,Automotive,Listed Equity,LDV: ICE
Geely Automobile Holdings Ltd.,Automotive,ICE,0.367,0.0398,portfolio_weight,GECO2022,NDC_LTS,2027,Listed Equity,Automotive,Listed Equity,LDV: ICE
Geely Automobile Holdings Ltd.,Automotive,ICE,0.367,0.0398,portfolio_weight,GECO2022,Reference,2027,Listed Equity,Automotive,Listed Equity,LDV: ICE
Geely Automobile Holdings Ltd.,Automotive,ICE,0.367,0.0398,portfolio_weight,WEO2022,APS,2027,Listed Equity,Automotive,Listed Equity,LDV: ICE
Geely Automobile Holdings Ltd.,Automotive,ICE,0.367,0.0398,portfolio_weight,WEO2022,NZE_2050,2027,Listed Equity,Automotive,Listed Equity,LDV: ICE
Geely Automobile Holdings Ltd.,Automotive,ICE,0.367,0.0398,ownership_weight,GECO2022,1.5C,2027,Listed Equity,Automotive,Listed Equity,LDV: ICE
Geely Automobile Holdings Ltd.,Automotive,ICE,0.367,0.0398,ownership_weight,GECO2022,NDC_LTS,2027,Listed Equity,Automotive,Listed Equity,LDV: ICE
Geely Automobile Holdings Ltd.,Automotive,ICE,0.367,0.0398,ownership_weight,GECO2022,Reference,2027,Listed Equity,Automotive,Listed Equity,LDV: ICE
Geely Automobile Holdings Ltd.,Automotive,ICE,0.367,0.0398,ownership_weight,WEO2022,APS,2027,Listed Equity,Automotive,Listed Equity,LDV: ICE
Geely Automobile Holdings Ltd.,Automotive,ICE,0.367,0.0398,ownership_weight,WEO2022,NZE_2050,2027,Listed Equity,Automotive,Listed Equity,LDV: ICE
"Hyundai Motor Co., Ltd.",Automotive,ICE,0.8508,0.0386,portfolio_weight,GECO2022,1.5C,2027,Listed Equity,Automotive,Listed Equity,LDV: ICE
"Hyundai Motor Co., Ltd.",Automotive,ICE,0.8508,0.0386,portfolio_weight,GECO2022,NDC_LTS,2027,Listed Equity,Automotive,Listed Equity,LDV: ICE
"Hyundai Motor Co., Ltd.",Automotive,ICE,0.8508,0.0386,portfolio_weight,GECO2022,Reference,2027,Listed Equity,Automotive,Listed Equity,LDV: ICE
"Hyundai Motor Co., Ltd.",Automotive,ICE,0.8508,0.0386,portfolio_weight,WEO2022,APS,2027,Listed Equity,Automotive,Listed Equity,LDV: ICE
"Hyundai Motor Co., Ltd.",Automotive,ICE,0.8508,0.0386,portfolio_weight,WEO2022,NZE_2050,2027,Listed Equity,Automotive,Listed Equity,LDV: ICE
"Hyundai Motor Co., Ltd.",Power,CoalCap,0,0.0386,ownership_weight,GECO2022,1.5C,2027,Listed Equity,Power,Listed Equity,Coal Power
"Hyundai Motor Co., Ltd.",Power,CoalCap,0,0.0386,ownership_weight,GECO2022,NDC_LTS,2027,Listed Equity,Power,Listed Equity,Coal Power
"Hyundai Motor Co., Ltd.",Power,CoalCap,0,0.0386,ownership_weight,GECO2022,Reference,2027,Listed Equity,Power,Listed Equity,Coal Power
"Hyundai Motor Co., Ltd.",Power,CoalCap,0,0.0386,ownership_weight,ISF2021,NZE,2027,Listed Equity,Power,Listed Equity,Coal Power
"Hyundai Motor Co., Ltd.",Power,CoalCap,0,0.0386,ownership_weight,WEO2022,APS,2027,Listed Equity,Power,Listed Equity,Coal Power
"Hyundai Motor Co., Ltd.",Power,CoalCap,0,0.0386,ownership_weight,WEO2022,NZE_2050,2027,Listed Equity,Power,Listed Equity,Coal Power
"Hyundai Motor Co., Ltd.",Power,CoalCap,0,0.0386,ownership_weight,WEO2022,STEPS,2027,Listed Equity,Power,Listed Equity,Coal Power
Energisa SA,Power,CoalCap,0,0.0382,portfolio_weight,GECO2022,1.5C,2027,Listed Equity,Power,Listed Equity,Coal Power
Energisa SA,Power,CoalCap,0,0.0382,portfolio_weight,GECO2022,NDC_LTS,2027,Listed Equity,Power,Listed Equity,Coal Power
Energisa SA,Power,CoalCap,0,0.0382,portfolio_weight,GECO2022,Reference,2027,Listed Equity,Power,Listed Equity,Coal Power
Energisa SA,Power,CoalCap,0,0.0382,portfolio_weight,ISF2021,NZE,2027,Listed Equity,Power,Listed Equity,Coal Power
Energisa SA,Power,CoalCap,0,0.0382,portfolio_weight,WEO2022,APS,2027,Listed Equity,Power,Listed Equity,Coal Power
Energisa SA,Power,CoalCap,0,0.0382,portfolio_weight,WEO2022,NZE_2050,2027,Listed Equity,Power,Listed Equity,Coal Power
Energisa SA,Power,CoalCap,0,0.0382,portfolio_weight,WEO2022,STEPS,2027,Listed Equity,Power,Listed Equity,Coal Power
Energisa SA,Power,CoalCap,0,0.0382,ownership_weight,GECO2022,1.5C,2027,Listed Equity,Power,Listed Equity,Coal Power
"Hyundai Motor Co., Ltd.",Power,GasCap,0,0.0386,ownership_weight,GECO2022,1.5C,2027,Listed Equity,Power,Listed Equity,Gas Power
"Hyundai Motor Co., Ltd.",Power,GasCap,0,0.0386,ownership_weight,GECO2022,NDC_LTS,2027,Listed Equity,Power,Listed Equity,Gas Power
"Hyundai Motor Co., Ltd.",Power,GasCap,0,0.0386,ownership_weight,GECO2022,Reference,2027,Listed Equity,Power,Listed Equity,Gas Power
"Hyundai Motor Co., Ltd.",Power,GasCap,0,0.0386,ownership_weight,ISF2021,NZE,2027,Listed Equity,Power,Listed Equity,Gas Power
"Hyundai Motor Co., Ltd.",Power,GasCap,0,0.0386,ownership_weight,WEO2022,APS,2027,Listed Equity,Power,Listed Equity,Gas Power
"Hyundai Motor Co., Ltd.",Power,GasCap,0,0.0386,ownership_weight,WEO2022,NZE_2050,2027,Listed Equity,Power,Listed Equity,Gas Power
"Hyundai Motor Co., Ltd.",Power,GasCap,0,0.0386,ownership_weight,WEO2022,STEPS,2027,Listed Equity,Power,Listed Equity,Gas Power
Energisa SA,Power,GasCap,0,0.0382,portfolio_weight,GECO2022,1.5C,2027,Listed Equity,Power,Listed Equity,Gas Power
Energisa SA,Power,GasCap,0,0.0382,portfolio_weight,GECO2022,NDC_LTS,2027,Listed Equity,Power,Listed Equity,Gas Power
Energisa SA,Power,GasCap,0,0.0382,portfolio_weight,GECO2022,Reference,2027,Listed Equity,Power,Listed Equity,Gas Power
Energisa SA,Power,GasCap,0,0.0382,portfolio_weight,ISF2021,NZE,2027,Listed Equity,Power,Listed Equity,Gas Power
Energisa SA,Power,GasCap,0,0.0382,portfolio_weight,WEO2022,APS,2027,Listed Equity,Power,Listed Equity,Gas Power
Energisa SA,Power,GasCap,0,0.0382,portfolio_weight,WEO2022,NZE_2050,2027,Listed Equity,Power,Listed Equity,Gas Power
Energisa SA,Power,GasCap,0,0.0382,portfolio_weight,WEO2022,STEPS,2027,Listed Equity,Power,Listed Equity,Gas Power
Energisa SA,Power,GasCap,0,0.0382,ownership_weight,GECO2022,1.5C,2027,Listed Equity,Power,Listed Equity,Gas Power
"Hyundai Motor Co., Ltd.",Power,HydroCap,0,0.0386,ownership_weight,GECO2022,1.5C,2027,Listed Equity,Power,Listed Equity,Hydropower
"Hyundai Motor Co., Ltd.",Power,HydroCap,0,0.0386,ownership_weight,GECO2022,NDC_LTS,2027,Listed Equity,Power,Listed Equity,Hydropower
"Hyundai Motor Co., Ltd.",Power,HydroCap,0,0.0386,ownership_weight,GECO2022,Reference,2027,Listed Equity,Power,Listed Equity,Hydropower
"Hyundai Motor Co., Ltd.",Power,HydroCap,0,0.0386,ownership_weight,ISF2021,NZE,2027,Listed Equity,Power,Listed Equity,Hydropower
"Hyundai Motor Co., Ltd.",Power,HydroCap,0,0.0386,ownership_weight,WEO2022,APS,2027,Listed Equity,Power,Listed Equity,Hydropower
"Hyundai Motor Co., Ltd.",Power,HydroCap,0,0.0386,ownership_weight,WEO2022,NZE_2050,2027,Listed Equity,Power,Listed Equity,Hydropower
"Hyundai Motor Co., Ltd.",Power,HydroCap,0,0.0386,ownership_weight,WEO2022,STEPS,2027,Listed Equity,Power,Listed Equity,Hydropower
Energisa SA,Power,HydroCap,0,0.0382,portfolio_weight,GECO2022,1.5C,2027,Listed Equity,Power,Listed Equity,Hydropower
Energisa SA,Power,HydroCap,0,0.0382,portfolio_weight,GECO2022,NDC_LTS,2027,Listed Equity,Power,Listed Equity,Hydropower
Energisa SA,Power,HydroCap,0,0.0382,portfolio_weight,GECO2022,Reference,2027,Listed Equity,Power,Listed Equity,Hydropower
Energisa SA,Power,HydroCap,0,0.0382,portfolio_weight,ISF2021,NZE,2027,Listed Equity,Power,Listed Equity,Hydropower
Energisa SA,Power,HydroCap,0,0.0382,portfolio_weight,WEO2022,APS,2027,Listed Equity,Power,Listed Equity,Hydropower
Energisa SA,Power,HydroCap,0,0.0382,portfolio_weight,WEO2022,NZE_2050,2027,Listed Equity,Power,Listed Equity,Hydropower
Energisa SA,Power,HydroCap,0,0.0382,portfolio_weight,WEO2022,STEPS,2027,Listed Equity,Power,Listed Equity,Hydropower
Energisa SA,Power,HydroCap,0,0.0382,ownership_weight,GECO2022,1.5C,2027,Listed Equity,Power,Listed Equity,Hydropower
"Hyundai Motor Co., Ltd.",Power,NuclearCap,0,0.0386,ownership_weight,GECO2022,1.5C,2027,Listed Equity,Power,Listed Equity,Nuclear Power
"Hyundai Motor Co., Ltd.",Power,NuclearCap,0,0.0386,ownership_weight,GECO2022,NDC_LTS,2027,Listed Equity,Power,Listed Equity,Nuclear Power
"Hyundai Motor Co., Ltd.",Power,NuclearCap,0,0.0386,ownership_weight,GECO2022,Reference,2027,Listed Equity,Power,Listed Equity,Nuclear Power
"Hyundai Motor Co., Ltd.",Power,NuclearCap,0,0.0386,ownership_weight,ISF2021,NZE,2027,Listed Equity,Power,Listed Equity,Nuclear Power
"Hyundai Motor Co., Ltd.",Power,NuclearCap,0,0.0386,ownership_weight,WEO2022,APS,2027,Listed Equity,Power,Listed Equity,Nuclear Power
"Hyundai Motor Co., Ltd.",Power,NuclearCap,0,0.0386,ownership_weight,WEO2022,NZE_2050,2027,Listed Equity,Power,Listed Equity,Nuclear Power
"Hyundai Motor Co., Ltd.",Power,NuclearCap,0,0.0386,ownership_weight,WEO2022,STEPS,2027,Listed Equity,Power,Listed Equity,Nuclear Power
Energisa SA,Power,NuclearCap,0,0.0382,portfolio_weight,GECO2022,1.5C,2027,Listed Equity,Power,Listed Equity,Nuclear Power
Energisa SA,Power,NuclearCap,0,0.0382,portfolio_weight,GECO2022,NDC_LTS,2027,Listed Equity,Power,Listed Equity,Nuclear Power
Energisa SA,Power,NuclearCap,0,0.0382,portfolio_weight,GECO2022,Reference,2027,Listed Equity,Power,Listed Equity,Nuclear Power
Energisa SA,Power,NuclearCap,0,0.0382,portfolio_weight,ISF2021,NZE,2027,Listed Equity,Power,Listed Equity,Nuclear Power
Energisa SA,Power,NuclearCap,0,0.0382,portfolio_weight,WEO2022,APS,2027,Listed Equity,Power,Listed Equity,Nuclear Power
Energisa SA,Power,NuclearCap,0,0.0382,portfolio_weight,WEO2022,NZE_2050,2027,Listed Equity,Power,Listed Equity,Nuclear Power
Energisa SA,Power,NuclearCap,0,0.0382,portfolio_weight,WEO2022,STEPS,2027,Listed Equity,Power,Listed Equity,Nuclear Power
Energisa SA,Power,NuclearCap,0,0.0382,ownership_weight,GECO2022,1.5C,2027,Listed Equity,Power,Listed Equity,Nuclear Power
"Hyundai Motor Co., Ltd.",Power,OilCap,0,0.0386,ownership_weight,GECO2022,1.5C,2027,Listed Equity,Power,Listed Equity,Oil Power
"Hyundai Motor Co., Ltd.",Power,OilCap,0,0.0386,ownership_weight,GECO2022,NDC_LTS,2027,Listed Equity,Power,Listed Equity,Oil Power
"Hyundai Motor Co., Ltd.",Power,OilCap,0,0.0386,ownership_weight,GECO2022,Reference,2027,Listed Equity,Power,Listed Equity,Oil Power
"Hyundai Motor Co., Ltd.",Power,OilCap,0,0.0386,ownership_weight,ISF2021,NZE,2027,Listed Equity,Power,Listed Equity,Oil Power
"Hyundai Motor Co., Ltd.",Power,OilCap,0,0.0386,ownership_weight,WEO2022,APS,2027,Listed Equity,Power,Listed Equity,Oil Power
"Hyundai Motor Co., Ltd.",Power,OilCap,0,0.0386,ownership_weight,WEO2022,NZE_2050,2027,Listed Equity,Power,Listed Equity,Oil Power
"Hyundai Motor Co., Ltd.",Power,OilCap,0,0.0386,ownership_weight,WEO2022,STEPS,2027,Listed Equity,Power,Listed Equity,Oil Power
Energisa SA,Power,OilCap,0.1836,0.0382,portfolio_weight,GECO2022,1.5C,2027,Listed Equity,Power,Listed Equity,Oil Power
Energisa SA,Power,OilCap,0.1836,0.0382,portfolio_weight,GECO2022,NDC_LTS,2027,Listed Equity,Power,Listed Equity,Oil Power
Energisa SA,Power,OilCap,0.1836,0.0382,portfolio_weight,GECO2022,Reference,2027,Listed Equity,Power,Listed Equity,Oil Power
Energisa SA,Power,OilCap,0.1836,0.0382,portfolio_weight,ISF2021,NZE,2027,Listed Equity,Power,Listed Equity,Oil Power
Energisa SA,Power,OilCap,0.1836,0.0382,portfolio_weight,WEO2022,APS,2027,Listed Equity,Power,Listed Equity,Oil Power
Energisa SA,Power,OilCap,0.1836,0.0382,portfolio_weight,WEO2022,NZE_2050,2027,Listed Equity,Power,Listed Equity,Oil Power
Energisa SA,Power,OilCap,0.1836,0.0382,portfolio_weight,WEO2022,STEPS,2027,Listed Equity,Power,Listed Equity,Oil Power
Energisa SA,Power,OilCap,0.1836,0.0382,ownership_weight,GECO2022,1.5C,2027,Listed Equity,Power,Listed Equity,Oil Power
"Hyundai Motor Co., Ltd.",Power,RenewablesCap,1,0.0386,ownership_weight,GECO2022,1.5C,2027,Listed Equity,Power,Listed Equity,Renewables
"Hyundai Motor Co., Ltd.",Power,RenewablesCap,1,0.0386,ownership_weight,GECO2022,NDC_LTS,2027,Listed Equity,Power,Listed Equity,Renewables
"Hyundai Motor Co., Ltd.",Power,RenewablesCap,1,0.0386,ownership_weight,GECO2022,Reference,2027,Listed Equity,Power,Listed Equity,Renewables
"Hyundai Motor Co., Ltd.",Power,RenewablesCap,1,0.0386,ownership_weight,ISF2021,NZE,2027,Listed Equity,Power,Listed Equity,Renewables
"Hyundai Motor Co., Ltd.",Power,RenewablesCap,1,0.0386,ownership_weight,WEO2022,APS,2027,Listed Equity,Power,Listed Equity,Renewables
"Hyundai Motor Co., Ltd.",Power,RenewablesCap,1,0.0386,ownership_weight,WEO2022,NZE_2050,2027,Listed Equity,Power,Listed Equity,Renewables
"Hyundai Motor Co., Ltd.",Power,RenewablesCap,1,0.0386,ownership_weight,WEO2022,STEPS,2027,Listed Equity,Power,Listed Equity,Renewables
Energisa SA,Power,RenewablesCap,0.8164,0.0382,portfolio_weight,GECO2022,1.5C,2027,Listed Equity,Power,Listed Equity,Renewables
Energisa SA,Power,RenewablesCap,0.8164,0.0382,portfolio_weight,GECO2022,NDC_LTS,2027,Listed Equity,Power,Listed Equity,Renewables
Energisa SA,Power,RenewablesCap,0.8164,0.0382,portfolio_weight,GECO2022,Reference,2027,Listed Equity,Power,Listed Equity,Renewables
Energisa SA,Power,RenewablesCap,0.8164,0.0382,portfolio_weight,ISF2021,NZE,2027,Listed Equity,Power,Listed Equity,Renewables
Energisa SA,Power,RenewablesCap,0.8164,0.0382,portfolio_weight,WEO2022,APS,2027,Listed Equity,Power,Listed Equity,Renewables
Energisa SA,Power,RenewablesCap,0.8164,0.0382,portfolio_weight,WEO2022,NZE_2050,2027,Listed Equity,Power,Listed Equity,Renewables
Energisa SA,Power,RenewablesCap,0.8164,0.0382,portfolio_weight,WEO2022,STEPS,2027,Listed Equity,Power,Listed Equity,Renewables
Energisa SA,Power,RenewablesCap,0.8164,0.0382,ownership_weight,GECO2022,1.5C,2027,Listed Equity,Power,Listed Equity,Renewables
Mercedes-Benz Group AG,Automotive,Electric,0.3024,0.2745,portfolio_weight,GECO2022,1.5C,2027,Corporate Bonds,Automotive,Corporate Bonds,LDV: Electric
Mercedes-Benz Group AG,Automotive,FuelCell,0,0.2745,portfolio_weight,GECO2022,1.5C,2027,Corporate Bonds,Automotive,Corporate Bonds,LDV: Fuel Cell
Mercedes-Benz Group AG,Automotive,Hybrid,0.1288,0.2745,portfolio_weight,GECO2022,1.5C,2027,Corporate Bonds,Automotive,Corporate Bonds,LDV: Hybrid
Mercedes-Benz Group AG,Automotive,ICE,0.5688,0.2745,portfolio_weight,GECO2022,1.5C,2027,Corporate Bonds,Automotive,Corporate Bonds,LDV: ICE
Ford Motor Co.,Automotive,Electric,0.3129,0.1336,portfolio_weight,GECO2022,1.5C,2027,Corporate Bonds,Automotive,Corporate Bonds,LDV: Electric
Ford Motor Co.,Automotive,FuelCell,0,0.1336,portfolio_weight,GECO2022,1.5C,2027,Corporate Bonds,Automotive,Corporate Bonds,LDV: Fuel Cell
Ford Motor Co.,Automotive,Hybrid,0.0082,0.1336,portfolio_weight,GECO2022,1.5C,2027,Corporate Bonds,Automotive,Corporate Bonds,LDV: Hybrid
Ford Motor Co.,Automotive,ICE,0.6789,0.1336,portfolio_weight,GECO2022,1.5C,2027,Corporate Bonds,Automotive,Corporate Bonds,LDV: ICE
Stellantis NV,Automotive,Electric,0.2934,0.0731,portfolio_weight,GECO2022,1.5C,2027,Corporate Bonds,Automotive,Corporate Bonds,LDV: Electric
Stellantis NV,Automotive,FuelCell,0,0.0731,portfolio_weight,GECO2022,1.5C,2027,Corporate Bonds,Automotive,Corporate Bonds,LDV: Fuel Cell
Stellantis NV,Automotive,Hybrid,0.0848,0.0731,portfolio_weight,GECO2022,1.5C,2027,Corporate Bonds,Automotive,Corporate Bonds,LDV: Hybrid
Stellantis NV,Automotive,ICE,0.6218,0.0731,portfolio_weight,GECO2022,1.5C,2027,Corporate Bonds,Automotive,Corporate Bonds,LDV: ICE
"Beijing Automotive Group Co., Ltd.",Automotive,Electric,0.1382,0.0267,portfolio_weight,GECO2022,1.5C,2027,Corporate Bonds,Automotive,Corporate Bonds,LDV: Electric
"Beijing Automotive Group Co., Ltd.",Automotive,FuelCell,0,0.0267,portfolio_weight,GECO2022,1.5C,2027,Corporate Bonds,Automotive,Corporate Bonds,LDV: Fuel Cell
"Beijing Automotive Group Co., Ltd.",Automotive,Hybrid,0.0056,0.0267,portfolio_weight,GECO2022,1.5C,2027,Corporate Bonds,Automotive,Corporate Bonds,LDV: Hybrid
"Beijing Automotive Group Co., Ltd.",Automotive,ICE,0.8562,0.0267,portfolio_weight,GECO2022,1.5C,2027,Corporate Bonds,Automotive,Corporate Bonds,LDV: ICE
Hydro-Québec,Power,RenewablesCap,0.0039,0.3223,portfolio_weight,GECO2022,1.5C,2027,Corporate Bonds,Power,Corporate Bonds,Renewables
Hydro-Québec,Power,HydroCap,0.9816,0.3223,portfolio_weight,GECO2022,1.5C,2027,Corporate Bonds,Power,Corporate Bonds,Hydropower
Hydro-Québec,Power,NuclearCap,0,0.3223,portfolio_weight,GECO2022,1.5C,2027,Corporate Bonds,Power,Corporate Bonds,Nuclear Power
Hydro-Québec,Power,GasCap,0.011,0.3223,portfolio_weight,GECO2022,1.5C,2027,Corporate Bonds,Power,Corporate Bonds,Gas Power
Hydro-Québec,Power,OilCap,0.0035,0.3223,portfolio_weight,GECO2022,1.5C,2027,Corporate Bonds,Power,Corporate Bonds,Oil Power
Hydro-Québec,Power,CoalCap,0,0.3223,portfolio_weight,GECO2022,1.5C,2027,Corporate Bonds,Power,Corporate Bonds,Coal Power
"Tohoku Electric Power Co., Inc.",Power,RenewablesCap,0.0474,0.3209,portfolio_weight,GECO2022,1.5C,2027,Corporate Bonds,Power,Corporate Bonds,Renewables
"Tohoku Electric Power Co., Inc.",Power,HydroCap,0.0812,0.3209,portfolio_weight,GECO2022,1.5C,2027,Corporate Bonds,Power,Corporate Bonds,Hydropower
"Tohoku Electric Power Co., Inc.",Power,NuclearCap,0,0.3209,portfolio_weight,GECO2022,1.5C,2027,Corporate Bonds,Power,Corporate Bonds,Nuclear Power
"Tohoku Electric Power Co., Inc.",Power,GasCap,0.5066,0.3209,portfolio_weight,GECO2022,1.5C,2027,Corporate Bonds,Power,Corporate Bonds,Gas Power
"Tohoku Electric Power Co., Inc.",Power,OilCap,0.0762,0.3209,portfolio_weight,GECO2022,1.5C,2027,Corporate Bonds,Power,Corporate Bonds,Oil Power
"Tohoku Electric Power Co., Inc.",Power,CoalCap,0.2886,0.3209,portfolio_weight,GECO2022,1.5C,2027,Corporate Bonds,Power,Corporate Bonds,Coal Power
Nuclear Power Corporation of India Ltd.,Power,RenewablesCap,2e-4,0.2067,portfolio_weight,GECO2022,1.5C,2027,Corporate Bonds,Power,Corporate Bonds,Renewables
Nuclear Power Corporation of India Ltd.,Power,HydroCap,0,0.2067,portfolio_weight,GECO2022,1.5C,2027,Corporate Bonds,Power,Corporate Bonds,Hydropower
Nuclear Power Corporation of India Ltd.,Power,NuclearCap,0.9998,0.2067,portfolio_weight,GECO2022,1.5C,2027,Corporate Bonds,Power,Corporate Bonds,Nuclear Power
Nuclear Power Corporation of India Ltd.,Power,GasCap,0,0.2067,portfolio_weight,GECO2022,1.5C,2027,Corporate Bonds,Power,Corporate Bonds,Gas Power
Nuclear Power Corporation of India Ltd.,Power,OilCap,0,0.2067,portfolio_weight,GECO2022,1.5C,2027,Corporate Bonds,Power,Corporate Bonds,Oil Power
Nuclear Power Corporation of India Ltd.,Power,CoalCap,0,0.2067,portfolio_weight,GECO2022,1.5C,2027,Corporate Bonds,Power,Corporate Bonds,Coal Power
"Puget Energy, Inc.",Power,RenewablesCap,0.2229,0.0236,portfolio_weight,GECO2022,1.5C,2027,Corporate Bonds,Power,Corporate Bonds,Renewables
"Puget Energy, Inc.",Power,HydroCap,0.0945,0.0236,portfolio_weight,GECO2022,1.5C,2027,Corporate Bonds,Power,Corporate Bonds,Hydropower
"Puget Energy, Inc.",Power,NuclearCap,0,0.0236,portfolio_weight,GECO2022,1.5C,2027,Corporate Bonds,Power,Corporate Bonds,Nuclear Power
"Puget Energy, Inc.",Power,GasCap,0.6825,0.0236,portfolio_weight,GECO2022,1.5C,2027,Corporate Bonds,Power,Corporate Bonds,Gas Power
"Puget Energy, Inc.",Power,OilCap,0,0.0236,portfolio_weight,GECO2022,1.5C,2027,Corporate Bonds,Power,Corporate Bonds,Oil Power
"Puget Energy, Inc.",Power,CoalCap,0,0.0236,portfolio_weight,GECO2022,1.5C,2027,Corporate Bonds,Power,Corporate Bonds,Coal Power
