[{"company_name":"Alliant Energy Corp.","allocation":"portfolio_weight","scenario_source":"GECO2022","scenario":"1.5C","ald_sector":"Power","year":2023,"plan_tech_share":0.2432,"plan_carsten":0.0071,"port_weight":0.029,"y":0,"asset_class":"Listed Equity","ald_sector_translation":"Power","asset_class_translation":"Listed Equity"},{"company_name":"Alliant Energy Corp.","allocation":"portfolio_weight","scenario_source":"GECO2022","scenario":"NDC_LTS","ald_sector":"Power","year":2023,"plan_tech_share":0.2432,"plan_carsten":0.0071,"port_weight":0.029,"y":0,"asset_class":"Listed Equity","ald_sector_translation":"Power","asset_class_translation":"Listed Equity"},{"company_name":"Alliant Energy Corp.","allocation":"portfolio_weight","scenario_source":"GECO2022","scenario":"Reference","ald_sector":"Power","year":2023,"plan_tech_share":0.2432,"plan_carsten":0.0071,"port_weight":0.029,"y":0,"asset_class":"Listed Equity","ald_sector_translation":"Power","asset_class_translation":"Listed Equity"},{"company_name":"Alliant Energy Corp.","allocation":"portfolio_weight","scenario_source":"ISF2021","scenario":"NZE","ald_sector":"Power","year":2023,"plan_tech_share":0.2432,"plan_carsten":0.0071,"port_weight":0.029,"y":0,"asset_class":"Listed Equity","ald_sector_translation":"Power","asset_class_translation":"Listed Equity"},{"company_name":"Alliant Energy Corp.","allocation":"portfolio_weight","scenario_source":"WEO2022","scenario":"APS","ald_sector":"Power","year":2023,"plan_tech_share":0.2432,"plan_carsten":0.0071,"port_weight":0.029,"y":0,"asset_class":"Listed Equity","ald_sector_translation":"Power","asset_class_translation":"Listed Equity"},{"company_name":"Alliant Energy Corp.","allocation":"portfolio_weight","scenario_source":"WEO2022","scenario":"NZE_2050","ald_sector":"Power","year":2023,"plan_tech_share":0.2432,"plan_carsten":0.0071,"port_weight":0.029,"y":0,"asset_class":"Listed Equity","ald_sector_translation":"Power","asset_class_translation":"Listed Equity"},{"company_name":"Alliant Energy Corp.","allocation":"portfolio_weight","scenario_source":"WEO2022","scenario":"STEPS","ald_sector":"Power","year":2023,"plan_tech_share":0.2432,"plan_carsten":0.0071,"port_weight":0.029,"y":0,"asset_class":"Listed Equity","ald_sector_translation":"Power","asset_class_translation":"Listed Equity"},{"company_name":"Drax Group Plc","allocation":"portfolio_weight","scenario_source":"GECO2022","scenario":"1.5C","ald_sector":"Power","year":2023,"plan_tech_share":0.6777,"plan_carsten":0.0182,"port_weight":0.0268,"y":0,"asset_class":"Listed Equity","ald_sector_translation":"Power","asset_class_translation":"Listed Equity"},{"company_name":"Drax Group Plc","allocation":"portfolio_weight","scenario_source":"GECO2022","scenario":"NDC_LTS","ald_sector":"Power","year":2023,"plan_tech_share":0.6777,"plan_carsten":0.0182,"port_weight":0.0268,"y":0,"asset_class":"Listed Equity","ald_sector_translation":"Power","asset_class_translation":"Listed Equity"},{"company_name":"Drax Group Plc","allocation":"portfolio_weight","scenario_source":"GECO2022","scenario":"Reference","ald_sector":"Power","year":2023,"plan_tech_share":0.6777,"plan_carsten":0.0182,"port_weight":0.0268,"y":0,"asset_class":"Listed Equity","ald_sector_translation":"Power","asset_class_translation":"Listed Equity"},{"company_name":"Drax Group Plc","allocation":"portfolio_weight","scenario_source":"ISF2021","scenario":"NZE","ald_sector":"Power","year":2023,"plan_tech_share":0.6777,"plan_carsten":0.0182,"port_weight":0.0268,"y":0,"asset_class":"Listed Equity","ald_sector_translation":"Power","asset_class_translation":"Listed Equity"},{"company_name":"Drax Group Plc","allocation":"portfolio_weight","scenario_source":"WEO2022","scenario":"APS","ald_sector":"Power","year":2023,"plan_tech_share":0.6777,"plan_carsten":0.0182,"port_weight":0.0268,"y":0,"asset_class":"Listed Equity","ald_sector_translation":"Power","asset_class_translation":"Listed Equity"},{"company_name":"Drax Group Plc","allocation":"portfolio_weight","scenario_source":"WEO2022","scenario":"NZE_2050","ald_sector":"Power","year":2023,"plan_tech_share":0.6777,"plan_carsten":0.0182,"port_weight":0.0268,"y":0,"asset_class":"Listed Equity","ald_sector_translation":"Power","asset_class_translation":"Listed Equity"},{"company_name":"Drax Group Plc","allocation":"portfolio_weight","scenario_source":"WEO2022","scenario":"STEPS","ald_sector":"Power","year":2023,"plan_tech_share":0.6777,"plan_carsten":0.0182,"port_weight":0.0268,"y":0,"asset_class":"Listed Equity","ald_sector_translation":"Power","asset_class_translation":"Listed Equity"},{"company_name":"Energisa SA","allocation":"portfolio_weight","scenario_source":"GECO2022","scenario":"1.5C","ald_sector":"Power","year":2023,"plan_tech_share":0.8164,"plan_carsten":0.0312,"port_weight":0.0382,"y":0,"asset_class":"Listed Equity","ald_sector_translation":"Power","asset_class_translation":"Listed Equity"},{"company_name":"Energisa SA","allocation":"portfolio_weight","scenario_source":"GECO2022","scenario":"NDC_LTS","ald_sector":"Power","year":2023,"plan_tech_share":0.8164,"plan_carsten":0.0312,"port_weight":0.0382,"y":0,"asset_class":"Listed Equity","ald_sector_translation":"Power","asset_class_translation":"Listed Equity"},{"company_name":"Energisa SA","allocation":"portfolio_weight","scenario_source":"GECO2022","scenario":"Reference","ald_sector":"Power","year":2023,"plan_tech_share":0.8164,"plan_carsten":0.0312,"port_weight":0.0382,"y":0,"asset_class":"Listed Equity","ald_sector_translation":"Power","asset_class_translation":"Listed Equity"},{"company_name":"Energisa SA","allocation":"portfolio_weight","scenario_source":"ISF2021","scenario":"NZE","ald_sector":"Power","year":2023,"plan_tech_share":0.8164,"plan_carsten":0.0312,"port_weight":0.0382,"y":0,"asset_class":"Listed Equity","ald_sector_translation":"Power","asset_class_translation":"Listed Equity"},{"company_name":"Energisa SA","allocation":"portfolio_weight","scenario_source":"WEO2022","scenario":"APS","ald_sector":"Power","year":2023,"plan_tech_share":0.8164,"plan_carsten":0.0312,"port_weight":0.0382,"y":0,"asset_class":"Listed Equity","ald_sector_translation":"Power","asset_class_translation":"Listed Equity"},{"company_name":"Energisa SA","allocation":"portfolio_weight","scenario_source":"WEO2022","scenario":"NZE_2050","ald_sector":"Power","year":2023,"plan_tech_share":0.8164,"plan_carsten":0.0312,"port_weight":0.0382,"y":0,"asset_class":"Listed Equity","ald_sector_translation":"Power","asset_class_translation":"Listed Equity"},{"company_name":"Energisa SA","allocation":"portfolio_weight","scenario_source":"WEO2022","scenario":"STEPS","ald_sector":"Power","year":2023,"plan_tech_share":0.8164,"plan_carsten":0.0312,"port_weight":0.0382,"y":0,"asset_class":"Listed Equity","ald_sector_translation":"Power","asset_class_translation":"Listed Equity"},{"company_name":"Geely Automobile Holdings Ltd.","allocation":"portfolio_weight","scenario_source":"GECO2022","scenario":"1.5C","ald_sector":"Automotive","year":2023,"plan_tech_share":0.3235,"plan_carsten":0.0129,"port_weight":0.0398,"y":0,"asset_class":"Listed Equity","ald_sector_translation":"Automotive","asset_class_translation":"Listed Equity"},{"company_name":"Geely Automobile Holdings Ltd.","allocation":"portfolio_weight","scenario_source":"GECO2022","scenario":"NDC_LTS","ald_sector":"Automotive","year":2023,"plan_tech_share":0.3235,"plan_carsten":0.0129,"port_weight":0.0398,"y":0,"asset_class":"Listed Equity","ald_sector_translation":"Automotive","asset_class_translation":"Listed Equity"},{"company_name":"Geely Automobile Holdings Ltd.","allocation":"portfolio_weight","scenario_source":"GECO2022","scenario":"Reference","ald_sector":"Automotive","year":2023,"plan_tech_share":0.3235,"plan_carsten":0.0129,"port_weight":0.0398,"y":0,"asset_class":"Listed Equity","ald_sector_translation":"Automotive","asset_class_translation":"Listed Equity"},{"company_name":"Geely Automobile Holdings Ltd.","allocation":"portfolio_weight","scenario_source":"WEO2022","scenario":"APS","ald_sector":"Automotive","year":2023,"plan_tech_share":0.3235,"plan_carsten":0.0129,"port_weight":0.0398,"y":0,"asset_class":"Listed Equity","ald_sector_translation":"Automotive","asset_class_translation":"Listed Equity"},{"company_name":"Geely Automobile Holdings Ltd.","allocation":"portfolio_weight","scenario_source":"WEO2022","scenario":"NZE_2050","ald_sector":"Automotive","year":2023,"plan_tech_share":0.3235,"plan_carsten":0.0129,"port_weight":0.0398,"y":0,"asset_class":"Listed Equity","ald_sector_translation":"Automotive","asset_class_translation":"Listed Equity"},{"company_name":"Guangzhou Automobile Group Co., Ltd.","allocation":"portfolio_weight","scenario_source":"GECO2022","scenario":"1.5C","ald_sector":"Automotive","year":2023,"plan_tech_share":0.5002,"plan_carsten":0.0022,"port_weight":0.0044,"y":0,"asset_class":"Listed Equity","ald_sector_translation":"Automotive","asset_class_translation":"Listed Equity"},{"company_name":"Guangzhou Automobile Group Co., Ltd.","allocation":"portfolio_weight","scenario_source":"GECO2022","scenario":"NDC_LTS","ald_sector":"Automotive","year":2023,"plan_tech_share":0.5002,"plan_carsten":0.0022,"port_weight":0.0044,"y":0,"asset_class":"Listed Equity","ald_sector_translation":"Automotive","asset_class_translation":"Listed Equity"},{"company_name":"Guangzhou Automobile Group Co., Ltd.","allocation":"portfolio_weight","scenario_source":"GECO2022","scenario":"Reference","ald_sector":"Automotive","year":2023,"plan_tech_share":0.5002,"plan_carsten":0.0022,"port_weight":0.0044,"y":0,"asset_class":"Listed Equity","ald_sector_translation":"Automotive","asset_class_translation":"Listed Equity"},{"company_name":"Guangzhou Automobile Group Co., Ltd.","allocation":"portfolio_weight","scenario_source":"WEO2022","scenario":"APS","ald_sector":"Automotive","year":2023,"plan_tech_share":0.5002,"plan_carsten":0.0022,"port_weight":0.0044,"y":0,"asset_class":"Listed Equity","ald_sector_translation":"Automotive","asset_class_translation":"Listed Equity"},{"company_name":"Guangzhou Automobile Group Co., Ltd.","allocation":"portfolio_weight","scenario_source":"WEO2022","scenario":"NZE_2050","ald_sector":"Automotive","year":2023,"plan_tech_share":0.5002,"plan_carsten":0.0022,"port_weight":0.0044,"y":0,"asset_class":"Listed Equity","ald_sector_translation":"Automotive","asset_class_translation":"Listed Equity"},{"company_name":"Hyundai Motor Co., Ltd.","allocation":"portfolio_weight","scenario_source":"GECO2022","scenario":"1.5C","ald_sector":"Automotive","year":2023,"plan_tech_share":0.0649,"plan_carsten":0.0025,"port_weight":0.0386,"y":0,"asset_class":"Listed Equity","ald_sector_translation":"Automotive","asset_class_translation":"Listed Equity"},{"company_name":"Hyundai Motor Co., Ltd.","allocation":"portfolio_weight","scenario_source":"GECO2022","scenario":"NDC_LTS","ald_sector":"Automotive","year":2023,"plan_tech_share":0.0649,"plan_carsten":0.0025,"port_weight":0.0386,"y":0,"asset_class":"Listed Equity","ald_sector_translation":"Automotive","asset_class_translation":"Listed Equity"},{"company_name":"Hyundai Motor Co., Ltd.","allocation":"portfolio_weight","scenario_source":"GECO2022","scenario":"Reference","ald_sector":"Automotive","year":2023,"plan_tech_share":0.0649,"plan_carsten":0.0025,"port_weight":0.0386,"y":0,"asset_class":"Listed Equity","ald_sector_translation":"Automotive","asset_class_translation":"Listed Equity"},{"company_name":"Hyundai Motor Co., Ltd.","allocation":"portfolio_weight","scenario_source":"WEO2022","scenario":"APS","ald_sector":"Automotive","year":2023,"plan_tech_share":0.0649,"plan_carsten":0.0025,"port_weight":0.0386,"y":0,"asset_class":"Listed Equity","ald_sector_translation":"Automotive","asset_class_translation":"Listed Equity"},{"company_name":"Hyundai Motor Co., Ltd.","allocation":"portfolio_weight","scenario_source":"WEO2022","scenario":"NZE_2050","ald_sector":"Automotive","year":2023,"plan_tech_share":0.0649,"plan_carsten":0.0025,"port_weight":0.0386,"y":0,"asset_class":"Listed Equity","ald_sector_translation":"Automotive","asset_class_translation":"Listed Equity"},{"company_name":"Innergex Renewable Energy, Inc.","allocation":"portfolio_weight","scenario_source":"GECO2022","scenario":"1.5C","ald_sector":"Power","year":2023,"plan_tech_share":1,"plan_carsten":0.0351,"port_weight":0.0351,"y":0,"asset_class":"Listed Equity","ald_sector_translation":"Power","asset_class_translation":"Listed Equity"},{"company_name":"Innergex Renewable Energy, Inc.","allocation":"portfolio_weight","scenario_source":"GECO2022","scenario":"NDC_LTS","ald_sector":"Power","year":2023,"plan_tech_share":1,"plan_carsten":0.0351,"port_weight":0.0351,"y":0,"asset_class":"Listed Equity","ald_sector_translation":"Power","asset_class_translation":"Listed Equity"},{"company_name":"Innergex Renewable Energy, Inc.","allocation":"portfolio_weight","scenario_source":"GECO2022","scenario":"Reference","ald_sector":"Power","year":2023,"plan_tech_share":1,"plan_carsten":0.0351,"port_weight":0.0351,"y":0,"asset_class":"Listed Equity","ald_sector_translation":"Power","asset_class_translation":"Listed Equity"},{"company_name":"Innergex Renewable Energy, Inc.","allocation":"portfolio_weight","scenario_source":"ISF2021","scenario":"NZE","ald_sector":"Power","year":2023,"plan_tech_share":1,"plan_carsten":0.0351,"port_weight":0.0351,"y":0,"asset_class":"Listed Equity","ald_sector_translation":"Power","asset_class_translation":"Listed Equity"},{"company_name":"Innergex Renewable Energy, Inc.","allocation":"portfolio_weight","scenario_source":"WEO2022","scenario":"APS","ald_sector":"Power","year":2023,"plan_tech_share":1,"plan_carsten":0.0351,"port_weight":0.0351,"y":0,"asset_class":"Listed Equity","ald_sector_translation":"Power","asset_class_translation":"Listed Equity"},{"company_name":"Innergex Renewable Energy, Inc.","allocation":"portfolio_weight","scenario_source":"WEO2022","scenario":"NZE_2050","ald_sector":"Power","year":2023,"plan_tech_share":1,"plan_carsten":0.0351,"port_weight":0.0351,"y":0,"asset_class":"Listed Equity","ald_sector_translation":"Power","asset_class_translation":"Listed Equity"},{"company_name":"Innergex Renewable Energy, Inc.","allocation":"portfolio_weight","scenario_source":"WEO2022","scenario":"STEPS","ald_sector":"Power","year":2023,"plan_tech_share":1,"plan_carsten":0.0351,"port_weight":0.0351,"y":0,"asset_class":"Listed Equity","ald_sector_translation":"Power","asset_class_translation":"Listed Equity"},{"company_name":"Mazda Motor Corp.","allocation":"portfolio_weight","scenario_source":"GECO2022","scenario":"1.5C","ald_sector":"Automotive","year":2023,"plan_tech_share":0.0099,"plan_carsten":0.0002,"port_weight":0.0226,"y":0,"asset_class":"Listed Equity","ald_sector_translation":"Automotive","asset_class_translation":"Listed Equity"},{"company_name":"Mazda Motor Corp.","allocation":"portfolio_weight","scenario_source":"GECO2022","scenario":"NDC_LTS","ald_sector":"Automotive","year":2023,"plan_tech_share":0.0099,"plan_carsten":0.0002,"port_weight":0.0226,"y":0,"asset_class":"Listed Equity","ald_sector_translation":"Automotive","asset_class_translation":"Listed Equity"},{"company_name":"Mazda Motor Corp.","allocation":"portfolio_weight","scenario_source":"GECO2022","scenario":"Reference","ald_sector":"Automotive","year":2023,"plan_tech_share":0.0099,"plan_carsten":0.0002,"port_weight":0.0226,"y":0,"asset_class":"Listed Equity","ald_sector_translation":"Automotive","asset_class_translation":"Listed Equity"},{"company_name":"Mazda Motor Corp.","allocation":"portfolio_weight","scenario_source":"WEO2022","scenario":"APS","ald_sector":"Automotive","year":2023,"plan_tech_share":0.0099,"plan_carsten":0.0002,"port_weight":0.0226,"y":0,"asset_class":"Listed Equity","ald_sector_translation":"Automotive","asset_class_translation":"Listed Equity"},{"company_name":"Mazda Motor Corp.","allocation":"portfolio_weight","scenario_source":"WEO2022","scenario":"NZE_2050","ald_sector":"Automotive","year":2023,"plan_tech_share":0.0099,"plan_carsten":0.0002,"port_weight":0.0226,"y":0,"asset_class":"Listed Equity","ald_sector_translation":"Automotive","asset_class_translation":"Listed Equity"},{"company_name":"Renova, Inc. (Japan)","allocation":"portfolio_weight","scenario_source":"GECO2022","scenario":"1.5C","ald_sector":"Power","year":2023,"plan_tech_share":0.638,"plan_carsten":0.0009,"port_weight":0.0014,"y":0,"asset_class":"Listed Equity","ald_sector_translation":"Power","asset_class_translation":"Listed Equity"},{"company_name":"Renova, Inc. (Japan)","allocation":"portfolio_weight","scenario_source":"GECO2022","scenario":"NDC_LTS","ald_sector":"Power","year":2023,"plan_tech_share":0.638,"plan_carsten":0.0009,"port_weight":0.0014,"y":0,"asset_class":"Listed Equity","ald_sector_translation":"Power","asset_class_translation":"Listed Equity"},{"company_name":"Renova, Inc. (Japan)","allocation":"portfolio_weight","scenario_source":"GECO2022","scenario":"Reference","ald_sector":"Power","year":2023,"plan_tech_share":0.638,"plan_carsten":0.0009,"port_weight":0.0014,"y":0,"asset_class":"Listed Equity","ald_sector_translation":"Power","asset_class_translation":"Listed Equity"},{"company_name":"Renova, Inc. (Japan)","allocation":"portfolio_weight","scenario_source":"ISF2021","scenario":"NZE","ald_sector":"Power","year":2023,"plan_tech_share":0.638,"plan_carsten":0.0009,"port_weight":0.0014,"y":0,"asset_class":"Listed Equity","ald_sector_translation":"Power","asset_class_translation":"Listed Equity"},{"company_name":"Renova, Inc. (Japan)","allocation":"portfolio_weight","scenario_source":"WEO2022","scenario":"APS","ald_sector":"Power","year":2023,"plan_tech_share":0.638,"plan_carsten":0.0009,"port_weight":0.0014,"y":0,"asset_class":"Listed Equity","ald_sector_translation":"Power","asset_class_translation":"Listed Equity"},{"company_name":"Renova, Inc. (Japan)","allocation":"portfolio_weight","scenario_source":"WEO2022","scenario":"NZE_2050","ald_sector":"Power","year":2023,"plan_tech_share":0.638,"plan_carsten":0.0009,"port_weight":0.0014,"y":0,"asset_class":"Listed Equity","ald_sector_translation":"Power","asset_class_translation":"Listed Equity"},{"company_name":"Renova, Inc. (Japan)","allocation":"portfolio_weight","scenario_source":"WEO2022","scenario":"STEPS","ald_sector":"Power","year":2023,"plan_tech_share":0.638,"plan_carsten":0.0009,"port_weight":0.0014,"y":0,"asset_class":"Listed Equity","ald_sector_translation":"Power","asset_class_translation":"Listed Equity"},{"company_name":"Volvo Car AB","allocation":"portfolio_weight","scenario_source":"GECO2022","scenario":"1.5C","ald_sector":"Automotive","year":2023,"plan_tech_share":0.225,"plan_carsten":0.0039,"port_weight":0.0172,"y":0,"asset_class":"Listed Equity","ald_sector_translation":"Automotive","asset_class_translation":"Listed Equity"},{"company_name":"Volvo Car AB","allocation":"portfolio_weight","scenario_source":"GECO2022","scenario":"NDC_LTS","ald_sector":"Automotive","year":2023,"plan_tech_share":0.225,"plan_carsten":0.0039,"port_weight":0.0172,"y":0,"asset_class":"Listed Equity","ald_sector_translation":"Automotive","asset_class_translation":"Listed Equity"},{"company_name":"Volvo Car AB","allocation":"portfolio_weight","scenario_source":"GECO2022","scenario":"Reference","ald_sector":"Automotive","year":2023,"plan_tech_share":0.225,"plan_carsten":0.0039,"port_weight":0.0172,"y":0,"asset_class":"Listed Equity","ald_sector_translation":"Automotive","asset_class_translation":"Listed Equity"},{"company_name":"Volvo Car AB","allocation":"portfolio_weight","scenario_source":"WEO2022","scenario":"APS","ald_sector":"Automotive","year":2023,"plan_tech_share":0.225,"plan_carsten":0.0039,"port_weight":0.0172,"y":0,"asset_class":"Listed Equity","ald_sector_translation":"Automotive","asset_class_translation":"Listed Equity"},{"company_name":"Volvo Car AB","allocation":"portfolio_weight","scenario_source":"WEO2022","scenario":"NZE_2050","ald_sector":"Automotive","year":2023,"plan_tech_share":0.225,"plan_carsten":0.0039,"port_weight":0.0172,"y":0,"asset_class":"Listed Equity","ald_sector_translation":"Automotive","asset_class_translation":"Listed Equity"},{"company_name":"Alliant Energy Corp.","allocation":"ownership_weight","scenario_source":"GECO2022","scenario":"1.5C","ald_sector":"Power","year":2023,"plan_tech_share":0.2432,"plan_carsten":0,"port_weight":0.029,"y":0,"asset_class":"Listed Equity","ald_sector_translation":"Power","asset_class_translation":"Listed Equity"},{"company_name":"Alliant Energy Corp.","allocation":"ownership_weight","scenario_source":"GECO2022","scenario":"NDC_LTS","ald_sector":"Power","year":2023,"plan_tech_share":0.2432,"plan_carsten":0,"port_weight":0.029,"y":0,"asset_class":"Listed Equity","ald_sector_translation":"Power","asset_class_translation":"Listed Equity"},{"company_name":"Alliant Energy Corp.","allocation":"ownership_weight","scenario_source":"GECO2022","scenario":"Reference","ald_sector":"Power","year":2023,"plan_tech_share":0.2432,"plan_carsten":0,"port_weight":0.029,"y":0,"asset_class":"Listed Equity","ald_sector_translation":"Power","asset_class_translation":"Listed Equity"},{"company_name":"Alliant Energy Corp.","allocation":"ownership_weight","scenario_source":"ISF2021","scenario":"NZE","ald_sector":"Power","year":2023,"plan_tech_share":0.2432,"plan_carsten":0,"port_weight":0.029,"y":0,"asset_class":"Listed Equity","ald_sector_translation":"Power","asset_class_translation":"Listed Equity"},{"company_name":"Alliant Energy Corp.","allocation":"ownership_weight","scenario_source":"WEO2022","scenario":"APS","ald_sector":"Power","year":2023,"plan_tech_share":0.2432,"plan_carsten":0,"port_weight":0.029,"y":0,"asset_class":"Listed Equity","ald_sector_translation":"Power","asset_class_translation":"Listed Equity"},{"company_name":"Alliant Energy Corp.","allocation":"ownership_weight","scenario_source":"WEO2022","scenario":"NZE_2050","ald_sector":"Power","year":2023,"plan_tech_share":0.2432,"plan_carsten":0,"port_weight":0.029,"y":0,"asset_class":"Listed Equity","ald_sector_translation":"Power","asset_class_translation":"Listed Equity"},{"company_name":"Alliant Energy Corp.","allocation":"ownership_weight","scenario_source":"WEO2022","scenario":"STEPS","ald_sector":"Power","year":2023,"plan_tech_share":0.2432,"plan_carsten":0,"port_weight":0.029,"y":0,"asset_class":"Listed Equity","ald_sector_translation":"Power","asset_class_translation":"Listed Equity"},{"company_name":"Anglo American Plc","allocation":"ownership_weight","scenario_source":"GECO2022","scenario":"1.5C","ald_sector":"Power","year":2023,"plan_tech_share":0.4168,"plan_carsten":0,"port_weight":0.0195,"y":0,"asset_class":"Listed Equity","ald_sector_translation":"Power","asset_class_translation":"Listed Equity"},{"company_name":"Anglo American Plc","allocation":"ownership_weight","scenario_source":"GECO2022","scenario":"NDC_LTS","ald_sector":"Power","year":2023,"plan_tech_share":0.4168,"plan_carsten":0,"port_weight":0.0195,"y":0,"asset_class":"Listed Equity","ald_sector_translation":"Power","asset_class_translation":"Listed Equity"},{"company_name":"Anglo American Plc","allocation":"ownership_weight","scenario_source":"GECO2022","scenario":"Reference","ald_sector":"Power","year":2023,"plan_tech_share":0.4168,"plan_carsten":0,"port_weight":0.0195,"y":0,"asset_class":"Listed Equity","ald_sector_translation":"Power","asset_class_translation":"Listed Equity"},{"company_name":"Anglo American Plc","allocation":"ownership_weight","scenario_source":"ISF2021","scenario":"NZE","ald_sector":"Power","year":2023,"plan_tech_share":0.4168,"plan_carsten":0,"port_weight":0.0195,"y":0,"asset_class":"Listed Equity","ald_sector_translation":"Power","asset_class_translation":"Listed Equity"},{"company_name":"Anglo American Plc","allocation":"ownership_weight","scenario_source":"WEO2022","scenario":"APS","ald_sector":"Power","year":2023,"plan_tech_share":0.4168,"plan_carsten":0,"port_weight":0.0195,"y":0,"asset_class":"Listed Equity","ald_sector_translation":"Power","asset_class_translation":"Listed Equity"},{"company_name":"Anglo American Plc","allocation":"ownership_weight","scenario_source":"WEO2022","scenario":"NZE_2050","ald_sector":"Power","year":2023,"plan_tech_share":0.4168,"plan_carsten":0,"port_weight":0.0195,"y":0,"asset_class":"Listed Equity","ald_sector_translation":"Power","asset_class_translation":"Listed Equity"},{"company_name":"Anglo American Plc","allocation":"ownership_weight","scenario_source":"WEO2022","scenario":"STEPS","ald_sector":"Power","year":2023,"plan_tech_share":0.4168,"plan_carsten":0,"port_weight":0.0195,"y":0,"asset_class":"Listed Equity","ald_sector_translation":"Power","asset_class_translation":"Listed Equity"},{"company_name":"Deccan Cements Ltd.","allocation":"ownership_weight","scenario_source":"GECO2022","scenario":"1.5C","ald_sector":"Power","year":2023,"plan_tech_share":1,"plan_carsten":0,"port_weight":0.025,"y":0,"asset_class":"Listed Equity","ald_sector_translation":"Power","asset_class_translation":"Listed Equity"},{"company_name":"Deccan Cements Ltd.","allocation":"ownership_weight","scenario_source":"GECO2022","scenario":"NDC_LTS","ald_sector":"Power","year":2023,"plan_tech_share":1,"plan_carsten":0,"port_weight":0.025,"y":0,"asset_class":"Listed Equity","ald_sector_translation":"Power","asset_class_translation":"Listed Equity"},{"company_name":"Deccan Cements Ltd.","allocation":"ownership_weight","scenario_source":"GECO2022","scenario":"Reference","ald_sector":"Power","year":2023,"plan_tech_share":1,"plan_carsten":0,"port_weight":0.025,"y":0,"asset_class":"Listed Equity","ald_sector_translation":"Power","asset_class_translation":"Listed Equity"},{"company_name":"Deccan Cements Ltd.","allocation":"ownership_weight","scenario_source":"ISF2021","scenario":"NZE","ald_sector":"Power","year":2023,"plan_tech_share":1,"plan_carsten":0,"port_weight":0.025,"y":0,"asset_class":"Listed Equity","ald_sector_translation":"Power","asset_class_translation":"Listed Equity"},{"company_name":"Deccan Cements Ltd.","allocation":"ownership_weight","scenario_source":"WEO2022","scenario":"APS","ald_sector":"Power","year":2023,"plan_tech_share":1,"plan_carsten":0,"port_weight":0.025,"y":0,"asset_class":"Listed Equity","ald_sector_translation":"Power","asset_class_translation":"Listed Equity"},{"company_name":"Deccan Cements Ltd.","allocation":"ownership_weight","scenario_source":"WEO2022","scenario":"NZE_2050","ald_sector":"Power","year":2023,"plan_tech_share":1,"plan_carsten":0,"port_weight":0.025,"y":0,"asset_class":"Listed Equity","ald_sector_translation":"Power","asset_class_translation":"Listed Equity"},{"company_name":"Deccan Cements Ltd.","allocation":"ownership_weight","scenario_source":"WEO2022","scenario":"STEPS","ald_sector":"Power","year":2023,"plan_tech_share":1,"plan_carsten":0,"port_weight":0.025,"y":0,"asset_class":"Listed Equity","ald_sector_translation":"Power","asset_class_translation":"Listed Equity"},{"company_name":"Drax Group Plc","allocation":"ownership_weight","scenario_source":"GECO2022","scenario":"1.5C","ald_sector":"Power","year":2023,"plan_tech_share":0.6777,"plan_carsten":0,"port_weight":0.0268,"y":0,"asset_class":"Listed Equity","ald_sector_translation":"Power","asset_class_translation":"Listed Equity"},{"company_name":"Drax Group Plc","allocation":"ownership_weight","scenario_source":"GECO2022","scenario":"NDC_LTS","ald_sector":"Power","year":2023,"plan_tech_share":0.6777,"plan_carsten":0,"port_weight":0.0268,"y":0,"asset_class":"Listed Equity","ald_sector_translation":"Power","asset_class_translation":"Listed Equity"},{"company_name":"Drax Group Plc","allocation":"ownership_weight","scenario_source":"GECO2022","scenario":"Reference","ald_sector":"Power","year":2023,"plan_tech_share":0.6777,"plan_carsten":0,"port_weight":0.0268,"y":0,"asset_class":"Listed Equity","ald_sector_translation":"Power","asset_class_translation":"Listed Equity"},{"company_name":"Drax Group Plc","allocation":"ownership_weight","scenario_source":"ISF2021","scenario":"NZE","ald_sector":"Power","year":2023,"plan_tech_share":0.6777,"plan_carsten":0,"port_weight":0.0268,"y":0,"asset_class":"Listed Equity","ald_sector_translation":"Power","asset_class_translation":"Listed Equity"},{"company_name":"Drax Group Plc","allocation":"ownership_weight","scenario_source":"WEO2022","scenario":"APS","ald_sector":"Power","year":2023,"plan_tech_share":0.6777,"plan_carsten":0,"port_weight":0.0268,"y":0,"asset_class":"Listed Equity","ald_sector_translation":"Power","asset_class_translation":"Listed Equity"},{"company_name":"Drax Group Plc","allocation":"ownership_weight","scenario_source":"WEO2022","scenario":"NZE_2050","ald_sector":"Power","year":2023,"plan_tech_share":0.6777,"plan_carsten":0,"port_weight":0.0268,"y":0,"asset_class":"Listed Equity","ald_sector_translation":"Power","asset_class_translation":"Listed Equity"},{"company_name":"Drax Group Plc","allocation":"ownership_weight","scenario_source":"WEO2022","scenario":"STEPS","ald_sector":"Power","year":2023,"plan_tech_share":0.6777,"plan_carsten":0,"port_weight":0.0268,"y":0,"asset_class":"Listed Equity","ald_sector_translation":"Power","asset_class_translation":"Listed Equity"},{"company_name":"Energisa SA","allocation":"ownership_weight","scenario_source":"GECO2022","scenario":"1.5C","ald_sector":"Power","year":2023,"plan_tech_share":0.8164,"plan_carsten":0,"port_weight":0.0382,"y":0,"asset_class":"Listed Equity","ald_sector_translation":"Power","asset_class_translation":"Listed Equity"},{"company_name":"Energisa SA","allocation":"ownership_weight","scenario_source":"GECO2022","scenario":"NDC_LTS","ald_sector":"Power","year":2023,"plan_tech_share":0.8164,"plan_carsten":0,"port_weight":0.0382,"y":0,"asset_class":"Listed Equity","ald_sector_translation":"Power","asset_class_translation":"Listed Equity"},{"company_name":"Energisa SA","allocation":"ownership_weight","scenario_source":"GECO2022","scenario":"Reference","ald_sector":"Power","year":2023,"plan_tech_share":0.8164,"plan_carsten":0,"port_weight":0.0382,"y":0,"asset_class":"Listed Equity","ald_sector_translation":"Power","asset_class_translation":"Listed Equity"},{"company_name":"Energisa SA","allocation":"ownership_weight","scenario_source":"ISF2021","scenario":"NZE","ald_sector":"Power","year":2023,"plan_tech_share":0.8164,"plan_carsten":0,"port_weight":0.0382,"y":0,"asset_class":"Listed Equity","ald_sector_translation":"Power","asset_class_translation":"Listed Equity"},{"company_name":"Energisa SA","allocation":"ownership_weight","scenario_source":"WEO2022","scenario":"APS","ald_sector":"Power","year":2023,"plan_tech_share":0.8164,"plan_carsten":0,"port_weight":0.0382,"y":0,"asset_class":"Listed Equity","ald_sector_translation":"Power","asset_class_translation":"Listed Equity"},{"company_name":"Energisa SA","allocation":"ownership_weight","scenario_source":"WEO2022","scenario":"NZE_2050","ald_sector":"Power","year":2023,"plan_tech_share":0.8164,"plan_carsten":0,"port_weight":0.0382,"y":0,"asset_class":"Listed Equity","ald_sector_translation":"Power","asset_class_translation":"Listed Equity"},{"company_name":"Energisa SA","allocation":"ownership_weight","scenario_source":"WEO2022","scenario":"STEPS","ald_sector":"Power","year":2023,"plan_tech_share":0.8164,"plan_carsten":0,"port_weight":0.0382,"y":0,"asset_class":"Listed Equity","ald_sector_translation":"Power","asset_class_translation":"Listed Equity"},{"company_name":"Geely Automobile Holdings Ltd.","allocation":"ownership_weight","scenario_source":"GECO2022","scenario":"1.5C","ald_sector":"Automotive","year":2023,"plan_tech_share":0.3235,"plan_carsten":0,"port_weight":0.0398,"y":0,"asset_class":"Listed Equity","ald_sector_translation":"Automotive","asset_class_translation":"Listed Equity"},{"company_name":"Geely Automobile Holdings Ltd.","allocation":"ownership_weight","scenario_source":"GECO2022","scenario":"NDC_LTS","ald_sector":"Automotive","year":2023,"plan_tech_share":0.3235,"plan_carsten":0,"port_weight":0.0398,"y":0,"asset_class":"Listed Equity","ald_sector_translation":"Automotive","asset_class_translation":"Listed Equity"},{"company_name":"Geely Automobile Holdings Ltd.","allocation":"ownership_weight","scenario_source":"GECO2022","scenario":"Reference","ald_sector":"Automotive","year":2023,"plan_tech_share":0.3235,"plan_carsten":0,"port_weight":0.0398,"y":0,"asset_class":"Listed Equity","ald_sector_translation":"Automotive","asset_class_translation":"Listed Equity"},{"company_name":"Geely Automobile Holdings Ltd.","allocation":"ownership_weight","scenario_source":"WEO2022","scenario":"APS","ald_sector":"Automotive","year":2023,"plan_tech_share":0.3235,"plan_carsten":0,"port_weight":0.0398,"y":0,"asset_class":"Listed Equity","ald_sector_translation":"Automotive","asset_class_translation":"Listed Equity"},{"company_name":"Geely Automobile Holdings Ltd.","allocation":"ownership_weight","scenario_source":"WEO2022","scenario":"NZE_2050","ald_sector":"Automotive","year":2023,"plan_tech_share":0.3235,"plan_carsten":0,"port_weight":0.0398,"y":0,"asset_class":"Listed Equity","ald_sector_translation":"Automotive","asset_class_translation":"Listed Equity"},{"company_name":"Guangzhou Automobile Group Co., Ltd.","allocation":"ownership_weight","scenario_source":"GECO2022","scenario":"1.5C","ald_sector":"Automotive","year":2023,"plan_tech_share":0.5002,"plan_carsten":0,"port_weight":0.0044,"y":0,"asset_class":"Listed Equity","ald_sector_translation":"Automotive","asset_class_translation":"Listed Equity"},{"company_name":"Guangzhou Automobile Group Co., Ltd.","allocation":"ownership_weight","scenario_source":"GECO2022","scenario":"NDC_LTS","ald_sector":"Automotive","year":2023,"plan_tech_share":0.5002,"plan_carsten":0,"port_weight":0.0044,"y":0,"asset_class":"Listed Equity","ald_sector_translation":"Automotive","asset_class_translation":"Listed Equity"},{"company_name":"Guangzhou Automobile Group Co., Ltd.","allocation":"ownership_weight","scenario_source":"GECO2022","scenario":"Reference","ald_sector":"Automotive","year":2023,"plan_tech_share":0.5002,"plan_carsten":0,"port_weight":0.0044,"y":0,"asset_class":"Listed Equity","ald_sector_translation":"Automotive","asset_class_translation":"Listed Equity"},{"company_name":"Guangzhou Automobile Group Co., Ltd.","allocation":"ownership_weight","scenario_source":"WEO2022","scenario":"APS","ald_sector":"Automotive","year":2023,"plan_tech_share":0.5002,"plan_carsten":0,"port_weight":0.0044,"y":0,"asset_class":"Listed Equity","ald_sector_translation":"Automotive","asset_class_translation":"Listed Equity"},{"company_name":"Guangzhou Automobile Group Co., Ltd.","allocation":"ownership_weight","scenario_source":"WEO2022","scenario":"NZE_2050","ald_sector":"Automotive","year":2023,"plan_tech_share":0.5002,"plan_carsten":0,"port_weight":0.0044,"y":0,"asset_class":"Listed Equity","ald_sector_translation":"Automotive","asset_class_translation":"Listed Equity"},{"company_name":"Hyundai Motor Co., Ltd.","allocation":"ownership_weight","scenario_source":"GECO2022","scenario":"1.5C","ald_sector":"Automotive","year":2023,"plan_tech_share":0.0649,"plan_carsten":0,"port_weight":0.0386,"y":0,"asset_class":"Listed Equity","ald_sector_translation":"Automotive","asset_class_translation":"Listed Equity"},{"company_name":"Hyundai Motor Co., Ltd.","allocation":"ownership_weight","scenario_source":"GECO2022","scenario":"NDC_LTS","ald_sector":"Automotive","year":2023,"plan_tech_share":0.0649,"plan_carsten":0,"port_weight":0.0386,"y":0,"asset_class":"Listed Equity","ald_sector_translation":"Automotive","asset_class_translation":"Listed Equity"},{"company_name":"Hyundai Motor Co., Ltd.","allocation":"ownership_weight","scenario_source":"GECO2022","scenario":"Reference","ald_sector":"Automotive","year":2023,"plan_tech_share":0.0649,"plan_carsten":0,"port_weight":0.0386,"y":0,"asset_class":"Listed Equity","ald_sector_translation":"Automotive","asset_class_translation":"Listed Equity"},{"company_name":"Hyundai Motor Co., Ltd.","allocation":"ownership_weight","scenario_source":"GECO2022","scenario":"1.5C","ald_sector":"Power","year":2023,"plan_tech_share":0,"plan_carsten":0,"port_weight":0.0386,"y":0,"asset_class":"Listed Equity","ald_sector_translation":"Power","asset_class_translation":"Listed Equity"},{"company_name":"Hyundai Motor Co., Ltd.","allocation":"ownership_weight","scenario_source":"GECO2022","scenario":"NDC_LTS","ald_sector":"Power","year":2023,"plan_tech_share":0,"plan_carsten":0,"port_weight":0.0386,"y":0,"asset_class":"Listed Equity","ald_sector_translation":"Power","asset_class_translation":"Listed Equity"},{"company_name":"Hyundai Motor Co., Ltd.","allocation":"ownership_weight","scenario_source":"GECO2022","scenario":"Reference","ald_sector":"Power","year":2023,"plan_tech_share":0,"plan_carsten":0,"port_weight":0.0386,"y":0,"asset_class":"Listed Equity","ald_sector_translation":"Power","asset_class_translation":"Listed Equity"},{"company_name":"Hyundai Motor Co., Ltd.","allocation":"ownership_weight","scenario_source":"ISF2021","scenario":"NZE","ald_sector":"Power","year":2023,"plan_tech_share":0,"plan_carsten":0,"port_weight":0.0386,"y":0,"asset_class":"Listed Equity","ald_sector_translation":"Power","asset_class_translation":"Listed Equity"},{"company_name":"Hyundai Motor Co., Ltd.","allocation":"ownership_weight","scenario_source":"WEO2022","scenario":"APS","ald_sector":"Automotive","year":2023,"plan_tech_share":0.0649,"plan_carsten":0,"port_weight":0.0386,"y":0,"asset_class":"Listed Equity","ald_sector_translation":"Automotive","asset_class_translation":"Listed Equity"},{"company_name":"Hyundai Motor Co., Ltd.","allocation":"ownership_weight","scenario_source":"WEO2022","scenario":"NZE_2050","ald_sector":"Automotive","year":2023,"plan_tech_share":0.0649,"plan_carsten":0,"port_weight":0.0386,"y":0,"asset_class":"Listed Equity","ald_sector_translation":"Automotive","asset_class_translation":"Listed Equity"},{"company_name":"Hyundai Motor Co., Ltd.","allocation":"ownership_weight","scenario_source":"WEO2022","scenario":"APS","ald_sector":"Power","year":2023,"plan_tech_share":0,"plan_carsten":0,"port_weight":0.0386,"y":0,"asset_class":"Listed Equity","ald_sector_translation":"Power","asset_class_translation":"Listed Equity"},{"company_name":"Hyundai Motor Co., Ltd.","allocation":"ownership_weight","scenario_source":"WEO2022","scenario":"NZE_2050","ald_sector":"Power","year":2023,"plan_tech_share":0,"plan_carsten":0,"port_weight":0.0386,"y":0,"asset_class":"Listed Equity","ald_sector_translation":"Power","asset_class_translation":"Listed Equity"},{"company_name":"Hyundai Motor Co., Ltd.","allocation":"ownership_weight","scenario_source":"WEO2022","scenario":"STEPS","ald_sector":"Power","year":2023,"plan_tech_share":0,"plan_carsten":0,"port_weight":0.0386,"y":0,"asset_class":"Listed Equity","ald_sector_translation":"Power","asset_class_translation":"Listed Equity"},{"company_name":"INA-Industrija nafte dd","allocation":"ownership_weight","scenario_source":"GECO2022","scenario":"1.5C","ald_sector":"Power","year":2023,"plan_tech_share":0,"plan_carsten":0,"port_weight":0.0168,"y":0,"asset_class":"Listed Equity","ald_sector_translation":"Power","asset_class_translation":"Listed Equity"},{"company_name":"INA-Industrija nafte dd","allocation":"ownership_weight","scenario_source":"GECO2022","scenario":"NDC_LTS","ald_sector":"Power","year":2023,"plan_tech_share":0,"plan_carsten":0,"port_weight":0.0168,"y":0,"asset_class":"Listed Equity","ald_sector_translation":"Power","asset_class_translation":"Listed Equity"},{"company_name":"INA-Industrija nafte dd","allocation":"ownership_weight","scenario_source":"GECO2022","scenario":"Reference","ald_sector":"Power","year":2023,"plan_tech_share":0,"plan_carsten":0,"port_weight":0.0168,"y":0,"asset_class":"Listed Equity","ald_sector_translation":"Power","asset_class_translation":"Listed Equity"},{"company_name":"INA-Industrija nafte dd","allocation":"ownership_weight","scenario_source":"ISF2021","scenario":"NZE","ald_sector":"Power","year":2023,"plan_tech_share":0,"plan_carsten":0,"port_weight":0.0168,"y":0,"asset_class":"Listed Equity","ald_sector_translation":"Power","asset_class_translation":"Listed Equity"},{"company_name":"INA-Industrija nafte dd","allocation":"ownership_weight","scenario_source":"WEO2022","scenario":"APS","ald_sector":"Power","year":2023,"plan_tech_share":0,"plan_carsten":0,"port_weight":0.0168,"y":0,"asset_class":"Listed Equity","ald_sector_translation":"Power","asset_class_translation":"Listed Equity"},{"company_name":"INA-Industrija nafte dd","allocation":"ownership_weight","scenario_source":"WEO2022","scenario":"NZE_2050","ald_sector":"Power","year":2023,"plan_tech_share":0,"plan_carsten":0,"port_weight":0.0168,"y":0,"asset_class":"Listed Equity","ald_sector_translation":"Power","asset_class_translation":"Listed Equity"},{"company_name":"INA-Industrija nafte dd","allocation":"ownership_weight","scenario_source":"WEO2022","scenario":"STEPS","ald_sector":"Power","year":2023,"plan_tech_share":0,"plan_carsten":0,"port_weight":0.0168,"y":0,"asset_class":"Listed Equity","ald_sector_translation":"Power","asset_class_translation":"Listed Equity"},{"company_name":"Innergex Renewable Energy, Inc.","allocation":"ownership_weight","scenario_source":"GECO2022","scenario":"1.5C","ald_sector":"Power","year":2023,"plan_tech_share":1,"plan_carsten":0,"port_weight":0.0351,"y":0,"asset_class":"Listed Equity","ald_sector_translation":"Power","asset_class_translation":"Listed Equity"},{"company_name":"Innergex Renewable Energy, Inc.","allocation":"ownership_weight","scenario_source":"GECO2022","scenario":"NDC_LTS","ald_sector":"Power","year":2023,"plan_tech_share":1,"plan_carsten":0,"port_weight":0.0351,"y":0,"asset_class":"Listed Equity","ald_sector_translation":"Power","asset_class_translation":"Listed Equity"},{"company_name":"Innergex Renewable Energy, Inc.","allocation":"ownership_weight","scenario_source":"GECO2022","scenario":"Reference","ald_sector":"Power","year":2023,"plan_tech_share":1,"plan_carsten":0,"port_weight":0.0351,"y":0,"asset_class":"Listed Equity","ald_sector_translation":"Power","asset_class_translation":"Listed Equity"},{"company_name":"Innergex Renewable Energy, Inc.","allocation":"ownership_weight","scenario_source":"ISF2021","scenario":"NZE","ald_sector":"Power","year":2023,"plan_tech_share":1,"plan_carsten":0,"port_weight":0.0351,"y":0,"asset_class":"Listed Equity","ald_sector_translation":"Power","asset_class_translation":"Listed Equity"},{"company_name":"Innergex Renewable Energy, Inc.","allocation":"ownership_weight","scenario_source":"WEO2022","scenario":"APS","ald_sector":"Power","year":2023,"plan_tech_share":1,"plan_carsten":0,"port_weight":0.0351,"y":0,"asset_class":"Listed Equity","ald_sector_translation":"Power","asset_class_translation":"Listed Equity"},{"company_name":"Innergex Renewable Energy, Inc.","allocation":"ownership_weight","scenario_source":"WEO2022","scenario":"NZE_2050","ald_sector":"Power","year":2023,"plan_tech_share":1,"plan_carsten":0,"port_weight":0.0351,"y":0,"asset_class":"Listed Equity","ald_sector_translation":"Power","asset_class_translation":"Listed Equity"},{"company_name":"Innergex Renewable Energy, Inc.","allocation":"ownership_weight","scenario_source":"WEO2022","scenario":"STEPS","ald_sector":"Power","year":2023,"plan_tech_share":1,"plan_carsten":0,"port_weight":0.0351,"y":0,"asset_class":"Listed Equity","ald_sector_translation":"Power","asset_class_translation":"Listed Equity"},{"company_name":"Mazda Motor Corp.","allocation":"ownership_weight","scenario_source":"GECO2022","scenario":"1.5C","ald_sector":"Automotive","year":2023,"plan_tech_share":0.0099,"plan_carsten":0,"port_weight":0.0226,"y":0,"asset_class":"Listed Equity","ald_sector_translation":"Automotive","asset_class_translation":"Listed Equity"},{"company_name":"Mazda Motor Corp.","allocation":"ownership_weight","scenario_source":"GECO2022","scenario":"NDC_LTS","ald_sector":"Automotive","year":2023,"plan_tech_share":0.0099,"plan_carsten":0,"port_weight":0.0226,"y":0,"asset_class":"Listed Equity","ald_sector_translation":"Automotive","asset_class_translation":"Listed Equity"},{"company_name":"Mazda Motor Corp.","allocation":"ownership_weight","scenario_source":"GECO2022","scenario":"Reference","ald_sector":"Automotive","year":2023,"plan_tech_share":0.0099,"plan_carsten":0,"port_weight":0.0226,"y":0,"asset_class":"Listed Equity","ald_sector_translation":"Automotive","asset_class_translation":"Listed Equity"},{"company_name":"Mazda Motor Corp.","allocation":"ownership_weight","scenario_source":"WEO2022","scenario":"APS","ald_sector":"Automotive","year":2023,"plan_tech_share":0.0099,"plan_carsten":0,"port_weight":0.0226,"y":0,"asset_class":"Listed Equity","ald_sector_translation":"Automotive","asset_class_translation":"Listed Equity"},{"company_name":"Mazda Motor Corp.","allocation":"ownership_weight","scenario_source":"WEO2022","scenario":"NZE_2050","ald_sector":"Automotive","year":2023,"plan_tech_share":0.0099,"plan_carsten":0,"port_weight":0.0226,"y":0,"asset_class":"Listed Equity","ald_sector_translation":"Automotive","asset_class_translation":"Listed Equity"},{"company_name":"Renova, Inc. (Japan)","allocation":"ownership_weight","scenario_source":"GECO2022","scenario":"1.5C","ald_sector":"Power","year":2023,"plan_tech_share":0.638,"plan_carsten":0,"port_weight":0.0014,"y":0,"asset_class":"Listed Equity","ald_sector_translation":"Power","asset_class_translation":"Listed Equity"},{"company_name":"Renova, Inc. (Japan)","allocation":"ownership_weight","scenario_source":"GECO2022","scenario":"NDC_LTS","ald_sector":"Power","year":2023,"plan_tech_share":0.638,"plan_carsten":0,"port_weight":0.0014,"y":0,"asset_class":"Listed Equity","ald_sector_translation":"Power","asset_class_translation":"Listed Equity"},{"company_name":"Renova, Inc. (Japan)","allocation":"ownership_weight","scenario_source":"GECO2022","scenario":"Reference","ald_sector":"Power","year":2023,"plan_tech_share":0.638,"plan_carsten":0,"port_weight":0.0014,"y":0,"asset_class":"Listed Equity","ald_sector_translation":"Power","asset_class_translation":"Listed Equity"},{"company_name":"Renova, Inc. (Japan)","allocation":"ownership_weight","scenario_source":"ISF2021","scenario":"NZE","ald_sector":"Power","year":2023,"plan_tech_share":0.638,"plan_carsten":0,"port_weight":0.0014,"y":0,"asset_class":"Listed Equity","ald_sector_translation":"Power","asset_class_translation":"Listed Equity"},{"company_name":"Renova, Inc. (Japan)","allocation":"ownership_weight","scenario_source":"WEO2022","scenario":"APS","ald_sector":"Power","year":2023,"plan_tech_share":0.638,"plan_carsten":0,"port_weight":0.0014,"y":0,"asset_class":"Listed Equity","ald_sector_translation":"Power","asset_class_translation":"Listed Equity"},{"company_name":"Renova, Inc. (Japan)","allocation":"ownership_weight","scenario_source":"WEO2022","scenario":"NZE_2050","ald_sector":"Power","year":2023,"plan_tech_share":0.638,"plan_carsten":0,"port_weight":0.0014,"y":0,"asset_class":"Listed Equity","ald_sector_translation":"Power","asset_class_translation":"Listed Equity"},{"company_name":"Renova, Inc. (Japan)","allocation":"ownership_weight","scenario_source":"WEO2022","scenario":"STEPS","ald_sector":"Power","year":2023,"plan_tech_share":0.638,"plan_carsten":0,"port_weight":0.0014,"y":0,"asset_class":"Listed Equity","ald_sector_translation":"Power","asset_class_translation":"Listed Equity"},{"company_name":"Shree Cement Ltd.","allocation":"ownership_weight","scenario_source":"GECO2022","scenario":"1.5C","ald_sector":"Power","year":2023,"plan_tech_share":0,"plan_carsten":0,"port_weight":0.0042,"y":0,"asset_class":"Listed Equity","ald_sector_translation":"Power","asset_class_translation":"Listed Equity"},{"company_name":"Shree Cement Ltd.","allocation":"ownership_weight","scenario_source":"GECO2022","scenario":"NDC_LTS","ald_sector":"Power","year":2023,"plan_tech_share":0,"plan_carsten":0,"port_weight":0.0042,"y":0,"asset_class":"Listed Equity","ald_sector_translation":"Power","asset_class_translation":"Listed Equity"},{"company_name":"Shree Cement Ltd.","allocation":"ownership_weight","scenario_source":"GECO2022","scenario":"Reference","ald_sector":"Power","year":2023,"plan_tech_share":0,"plan_carsten":0,"port_weight":0.0042,"y":0,"asset_class":"Listed Equity","ald_sector_translation":"Power","asset_class_translation":"Listed Equity"},{"company_name":"Shree Cement Ltd.","allocation":"ownership_weight","scenario_source":"ISF2021","scenario":"NZE","ald_sector":"Power","year":2023,"plan_tech_share":0,"plan_carsten":0,"port_weight":0.0042,"y":0,"asset_class":"Listed Equity","ald_sector_translation":"Power","asset_class_translation":"Listed Equity"},{"company_name":"Shree Cement Ltd.","allocation":"ownership_weight","scenario_source":"WEO2022","scenario":"APS","ald_sector":"Power","year":2023,"plan_tech_share":0,"plan_carsten":0,"port_weight":0.0042,"y":0,"asset_class":"Listed Equity","ald_sector_translation":"Power","asset_class_translation":"Listed Equity"},{"company_name":"Shree Cement Ltd.","allocation":"ownership_weight","scenario_source":"WEO2022","scenario":"NZE_2050","ald_sector":"Power","year":2023,"plan_tech_share":0,"plan_carsten":0,"port_weight":0.0042,"y":0,"asset_class":"Listed Equity","ald_sector_translation":"Power","asset_class_translation":"Listed Equity"},{"company_name":"Shree Cement Ltd.","allocation":"ownership_weight","scenario_source":"WEO2022","scenario":"STEPS","ald_sector":"Power","year":2023,"plan_tech_share":0,"plan_carsten":0,"port_weight":0.0042,"y":0,"asset_class":"Listed Equity","ald_sector_translation":"Power","asset_class_translation":"Listed Equity"},{"company_name":"Tenaris SA","allocation":"ownership_weight","scenario_source":"GECO2022","scenario":"1.5C","ald_sector":"Power","year":2023,"plan_tech_share":0,"plan_carsten":0,"port_weight":0.0006,"y":0,"asset_class":"Listed Equity","ald_sector_translation":"Power","asset_class_translation":"Listed Equity"},{"company_name":"Tenaris SA","allocation":"ownership_weight","scenario_source":"GECO2022","scenario":"NDC_LTS","ald_sector":"Power","year":2023,"plan_tech_share":0,"plan_carsten":0,"port_weight":0.0006,"y":0,"asset_class":"Listed Equity","ald_sector_translation":"Power","asset_class_translation":"Listed Equity"},{"company_name":"Tenaris SA","allocation":"ownership_weight","scenario_source":"GECO2022","scenario":"Reference","ald_sector":"Power","year":2023,"plan_tech_share":0,"plan_carsten":0,"port_weight":0.0006,"y":0,"asset_class":"Listed Equity","ald_sector_translation":"Power","asset_class_translation":"Listed Equity"},{"company_name":"Tenaris SA","allocation":"ownership_weight","scenario_source":"ISF2021","scenario":"NZE","ald_sector":"Power","year":2023,"plan_tech_share":0,"plan_carsten":0,"port_weight":0.0006,"y":0,"asset_class":"Listed Equity","ald_sector_translation":"Power","asset_class_translation":"Listed Equity"},{"company_name":"Tenaris SA","allocation":"ownership_weight","scenario_source":"WEO2022","scenario":"APS","ald_sector":"Power","year":2023,"plan_tech_share":0,"plan_carsten":0,"port_weight":0.0006,"y":0,"asset_class":"Listed Equity","ald_sector_translation":"Power","asset_class_translation":"Listed Equity"},{"company_name":"Tenaris SA","allocation":"ownership_weight","scenario_source":"WEO2022","scenario":"NZE_2050","ald_sector":"Power","year":2023,"plan_tech_share":0,"plan_carsten":0,"port_weight":0.0006,"y":0,"asset_class":"Listed Equity","ald_sector_translation":"Power","asset_class_translation":"Listed Equity"},{"company_name":"Tenaris SA","allocation":"ownership_weight","scenario_source":"WEO2022","scenario":"STEPS","ald_sector":"Power","year":2023,"plan_tech_share":0,"plan_carsten":0,"port_weight":0.0006,"y":0,"asset_class":"Listed Equity","ald_sector_translation":"Power","asset_class_translation":"Listed Equity"},{"company_name":"Volvo AB","allocation":"ownership_weight","scenario_source":"GECO2022","scenario":"1.5C","ald_sector":"Automotive","year":2023,"plan_tech_share":0.2659,"plan_carsten":0,"port_weight":0.0298,"y":0,"asset_class":"Listed Equity","ald_sector_translation":"Automotive","asset_class_translation":"Listed Equity"},{"company_name":"Volvo AB","allocation":"ownership_weight","scenario_source":"GECO2022","scenario":"NDC_LTS","ald_sector":"Automotive","year":2023,"plan_tech_share":0.2659,"plan_carsten":0,"port_weight":0.0298,"y":0,"asset_class":"Listed Equity","ald_sector_translation":"Automotive","asset_class_translation":"Listed Equity"},{"company_name":"Volvo AB","allocation":"ownership_weight","scenario_source":"GECO2022","scenario":"Reference","ald_sector":"Automotive","year":2023,"plan_tech_share":0.2659,"plan_carsten":0,"port_weight":0.0298,"y":0,"asset_class":"Listed Equity","ald_sector_translation":"Automotive","asset_class_translation":"Listed Equity"},{"company_name":"Volvo AB","allocation":"ownership_weight","scenario_source":"WEO2022","scenario":"APS","ald_sector":"Automotive","year":2023,"plan_tech_share":0.2659,"plan_carsten":0,"port_weight":0.0298,"y":0,"asset_class":"Listed Equity","ald_sector_translation":"Automotive","asset_class_translation":"Listed Equity"},{"company_name":"Volvo AB","allocation":"ownership_weight","scenario_source":"WEO2022","scenario":"NZE_2050","ald_sector":"Automotive","year":2023,"plan_tech_share":0.2659,"plan_carsten":0,"port_weight":0.0298,"y":0,"asset_class":"Listed Equity","ald_sector_translation":"Automotive","asset_class_translation":"Listed Equity"},{"company_name":"Volvo Car AB","allocation":"ownership_weight","scenario_source":"GECO2022","scenario":"1.5C","ald_sector":"Automotive","year":2023,"plan_tech_share":0.225,"plan_carsten":0,"port_weight":0.0172,"y":0,"asset_class":"Listed Equity","ald_sector_translation":"Automotive","asset_class_translation":"Listed Equity"},{"company_name":"Volvo Car AB","allocation":"ownership_weight","scenario_source":"GECO2022","scenario":"NDC_LTS","ald_sector":"Automotive","year":2023,"plan_tech_share":0.225,"plan_carsten":0,"port_weight":0.0172,"y":0,"asset_class":"Listed Equity","ald_sector_translation":"Automotive","asset_class_translation":"Listed Equity"},{"company_name":"Volvo Car AB","allocation":"ownership_weight","scenario_source":"GECO2022","scenario":"Reference","ald_sector":"Automotive","year":2023,"plan_tech_share":0.225,"plan_carsten":0,"port_weight":0.0172,"y":0,"asset_class":"Listed Equity","ald_sector_translation":"Automotive","asset_class_translation":"Listed Equity"},{"company_name":"Volvo Car AB","allocation":"ownership_weight","scenario_source":"WEO2022","scenario":"APS","ald_sector":"Automotive","year":2023,"plan_tech_share":0.225,"plan_carsten":0,"port_weight":0.0172,"y":0,"asset_class":"Listed Equity","ald_sector_translation":"Automotive","asset_class_translation":"Listed Equity"},{"company_name":"Volvo Car AB","allocation":"ownership_weight","scenario_source":"WEO2022","scenario":"NZE_2050","ald_sector":"Automotive","year":2023,"plan_tech_share":0.225,"plan_carsten":0,"port_weight":0.0172,"y":0,"asset_class":"Listed Equity","ald_sector_translation":"Automotive","asset_class_translation":"Listed Equity"},{"company_name":"Beijing Automotive Group Co., Ltd.","allocation":"portfolio_weight","scenario_source":"GECO2022","scenario":"1.5C","ald_sector":"Automotive","year":2023,"plan_tech_share":0.0946,"plan_carsten":0.0005,"port_weight":0.0053,"y":0,"asset_class":"Corporate Bonds","ald_sector_translation":"Automotive","asset_class_translation":"Corporate Bonds"},{"company_name":"Beijing Automotive Group Co., Ltd.","allocation":"portfolio_weight","scenario_source":"GECO2022","scenario":"NDC_LTS","ald_sector":"Automotive","year":2023,"plan_tech_share":0.0946,"plan_carsten":0.0005,"port_weight":0.0053,"y":0,"asset_class":"Corporate Bonds","ald_sector_translation":"Automotive","asset_class_translation":"Corporate Bonds"},{"company_name":"Beijing Automotive Group Co., Ltd.","allocation":"portfolio_weight","scenario_source":"GECO2022","scenario":"Reference","ald_sector":"Automotive","year":2023,"plan_tech_share":0.0946,"plan_carsten":0.0005,"port_weight":0.0053,"y":0,"asset_class":"Corporate Bonds","ald_sector_translation":"Automotive","asset_class_translation":"Corporate Bonds"},{"company_name":"Beijing Automotive Group Co., Ltd.","allocation":"portfolio_weight","scenario_source":"WEO2022","scenario":"APS","ald_sector":"Automotive","year":2023,"plan_tech_share":0.0946,"plan_carsten":0.0005,"port_weight":0.0053,"y":0,"asset_class":"Corporate Bonds","ald_sector_translation":"Automotive","asset_class_translation":"Corporate Bonds"},{"company_name":"Beijing Automotive Group Co., Ltd.","allocation":"portfolio_weight","scenario_source":"WEO2022","scenario":"NZE_2050","ald_sector":"Automotive","year":2023,"plan_tech_share":0.0946,"plan_carsten":0.0005,"port_weight":0.0053,"y":0,"asset_class":"Corporate Bonds","ald_sector_translation":"Automotive","asset_class_translation":"Corporate Bonds"},{"company_name":"Ford Motor Co.","allocation":"portfolio_weight","scenario_source":"GECO2022","scenario":"1.5C","ald_sector":"Automotive","year":2023,"plan_tech_share":0.0905,"plan_carsten":0.0024,"port_weight":0.0267,"y":0,"asset_class":"Corporate Bonds","ald_sector_translation":"Automotive","asset_class_translation":"Corporate Bonds"},{"company_name":"Ford Motor Co.","allocation":"portfolio_weight","scenario_source":"GECO2022","scenario":"NDC_LTS","ald_sector":"Automotive","year":2023,"plan_tech_share":0.0905,"plan_carsten":0.0024,"port_weight":0.0267,"y":0,"asset_class":"Corporate Bonds","ald_sector_translation":"Automotive","asset_class_translation":"Corporate Bonds"},{"company_name":"Ford Motor Co.","allocation":"portfolio_weight","scenario_source":"GECO2022","scenario":"Reference","ald_sector":"Automotive","year":2023,"plan_tech_share":0.0905,"plan_carsten":0.0024,"port_weight":0.0267,"y":0,"asset_class":"Corporate Bonds","ald_sector_translation":"Automotive","asset_class_translation":"Corporate Bonds"},{"company_name":"Ford Motor Co.","allocation":"portfolio_weight","scenario_source":"WEO2022","scenario":"APS","ald_sector":"Automotive","year":2023,"plan_tech_share":0.0905,"plan_carsten":0.0024,"port_weight":0.0267,"y":0,"asset_class":"Corporate Bonds","ald_sector_translation":"Automotive","asset_class_translation":"Corporate Bonds"},{"company_name":"Ford Motor Co.","allocation":"portfolio_weight","scenario_source":"WEO2022","scenario":"NZE_2050","ald_sector":"Automotive","year":2023,"plan_tech_share":0.0905,"plan_carsten":0.0024,"port_weight":0.0267,"y":0,"asset_class":"Corporate Bonds","ald_sector_translation":"Automotive","asset_class_translation":"Corporate Bonds"},{"company_name":"Hydro-Québec","allocation":"portfolio_weight","scenario_source":"GECO2022","scenario":"1.5C","ald_sector":"Power","year":2023,"plan_tech_share":0.9855,"plan_carsten":0.0454,"port_weight":0.046,"y":0,"asset_class":"Corporate Bonds","ald_sector_translation":"Power","asset_class_translation":"Corporate Bonds"},{"company_name":"Hydro-Québec","allocation":"portfolio_weight","scenario_source":"GECO2022","scenario":"NDC_LTS","ald_sector":"Power","year":2023,"plan_tech_share":0.9855,"plan_carsten":0.0454,"port_weight":0.046,"y":0,"asset_class":"Corporate Bonds","ald_sector_translation":"Power","asset_class_translation":"Corporate Bonds"},{"company_name":"Hydro-Québec","allocation":"portfolio_weight","scenario_source":"GECO2022","scenario":"Reference","ald_sector":"Power","year":2023,"plan_tech_share":0.9855,"plan_carsten":0.0454,"port_weight":0.046,"y":0,"asset_class":"Corporate Bonds","ald_sector_translation":"Power","asset_class_translation":"Corporate Bonds"},{"company_name":"Hydro-Québec","allocation":"portfolio_weight","scenario_source":"ISF2021","scenario":"NZE","ald_sector":"Power","year":2023,"plan_tech_share":0.9855,"plan_carsten":0.0454,"port_weight":0.046,"y":0,"asset_class":"Corporate Bonds","ald_sector_translation":"Power","asset_class_translation":"Corporate Bonds"},{"company_name":"Hydro-Québec","allocation":"portfolio_weight","scenario_source":"WEO2022","scenario":"APS","ald_sector":"Power","year":2023,"plan_tech_share":0.9855,"plan_carsten":0.0454,"port_weight":0.046,"y":0,"asset_class":"Corporate Bonds","ald_sector_translation":"Power","asset_class_translation":"Corporate Bonds"},{"company_name":"Hydro-Québec","allocation":"portfolio_weight","scenario_source":"WEO2022","scenario":"NZE_2050","ald_sector":"Power","year":2023,"plan_tech_share":0.9855,"plan_carsten":0.0454,"port_weight":0.046,"y":0,"asset_class":"Corporate Bonds","ald_sector_translation":"Power","asset_class_translation":"Corporate Bonds"},{"company_name":"Hydro-Québec","allocation":"portfolio_weight","scenario_source":"WEO2022","scenario":"STEPS","ald_sector":"Power","year":2023,"plan_tech_share":0.9855,"plan_carsten":0.0454,"port_weight":0.046,"y":0,"asset_class":"Corporate Bonds","ald_sector_translation":"Power","asset_class_translation":"Corporate Bonds"},{"company_name":"Mercedes-Benz Group AG","allocation":"portfolio_weight","scenario_source":"GECO2022","scenario":"1.5C","ald_sector":"Automotive","year":2023,"plan_tech_share":0.2068,"plan_carsten":0.0114,"port_weight":0.0549,"y":0,"asset_class":"Corporate Bonds","ald_sector_translation":"Automotive","asset_class_translation":"Corporate Bonds"},{"company_name":"Mercedes-Benz Group AG","allocation":"portfolio_weight","scenario_source":"GECO2022","scenario":"NDC_LTS","ald_sector":"Automotive","year":2023,"plan_tech_share":0.2068,"plan_carsten":0.0114,"port_weight":0.0549,"y":0,"asset_class":"Corporate Bonds","ald_sector_translation":"Automotive","asset_class_translation":"Corporate Bonds"},{"company_name":"Mercedes-Benz Group AG","allocation":"portfolio_weight","scenario_source":"GECO2022","scenario":"Reference","ald_sector":"Automotive","year":2023,"plan_tech_share":0.2068,"plan_carsten":0.0114,"port_weight":0.0549,"y":0,"asset_class":"Corporate Bonds","ald_sector_translation":"Automotive","asset_class_translation":"Corporate Bonds"},{"company_name":"Mercedes-Benz Group AG","allocation":"portfolio_weight","scenario_source":"WEO2022","scenario":"APS","ald_sector":"Automotive","year":2023,"plan_tech_share":0.2068,"plan_carsten":0.0114,"port_weight":0.0549,"y":0,"asset_class":"Corporate Bonds","ald_sector_translation":"Automotive","asset_class_translation":"Corporate Bonds"},{"company_name":"Mercedes-Benz Group AG","allocation":"portfolio_weight","scenario_source":"WEO2022","scenario":"NZE_2050","ald_sector":"Automotive","year":2023,"plan_tech_share":0.2068,"plan_carsten":0.0114,"port_weight":0.0549,"y":0,"asset_class":"Corporate Bonds","ald_sector_translation":"Automotive","asset_class_translation":"Corporate Bonds"},{"company_name":"Nuclear Power Corporation of India Ltd.","allocation":"portfolio_weight","scenario_source":"GECO2022","scenario":"1.5C","ald_sector":"Power","year":2023,"plan_tech_share":1,"plan_carsten":0.0295,"port_weight":0.0295,"y":0,"asset_class":"Corporate Bonds","ald_sector_translation":"Power","asset_class_translation":"Corporate Bonds"},{"company_name":"Nuclear Power Corporation of India Ltd.","allocation":"portfolio_weight","scenario_source":"GECO2022","scenario":"NDC_LTS","ald_sector":"Power","year":2023,"plan_tech_share":1,"plan_carsten":0.0295,"port_weight":0.0295,"y":0,"asset_class":"Corporate Bonds","ald_sector_translation":"Power","asset_class_translation":"Corporate Bonds"},{"company_name":"Nuclear Power Corporation of India Ltd.","allocation":"portfolio_weight","scenario_source":"GECO2022","scenario":"Reference","ald_sector":"Power","year":2023,"plan_tech_share":1,"plan_carsten":0.0295,"port_weight":0.0295,"y":0,"asset_class":"Corporate Bonds","ald_sector_translation":"Power","asset_class_translation":"Corporate Bonds"},{"company_name":"Nuclear Power Corporation of India Ltd.","allocation":"portfolio_weight","scenario_source":"ISF2021","scenario":"NZE","ald_sector":"Power","year":2023,"plan_tech_share":1,"plan_carsten":0.0295,"port_weight":0.0295,"y":0,"asset_class":"Corporate Bonds","ald_sector_translation":"Power","asset_class_translation":"Corporate Bonds"},{"company_name":"Nuclear Power Corporation of India Ltd.","allocation":"portfolio_weight","scenario_source":"WEO2022","scenario":"APS","ald_sector":"Power","year":2023,"plan_tech_share":1,"plan_carsten":0.0295,"port_weight":0.0295,"y":0,"asset_class":"Corporate Bonds","ald_sector_translation":"Power","asset_class_translation":"Corporate Bonds"},{"company_name":"Nuclear Power Corporation of India Ltd.","allocation":"portfolio_weight","scenario_source":"WEO2022","scenario":"NZE_2050","ald_sector":"Power","year":2023,"plan_tech_share":1,"plan_carsten":0.0295,"port_weight":0.0295,"y":0,"asset_class":"Corporate Bonds","ald_sector_translation":"Power","asset_class_translation":"Corporate Bonds"},{"company_name":"Nuclear Power Corporation of India Ltd.","allocation":"portfolio_weight","scenario_source":"WEO2022","scenario":"STEPS","ald_sector":"Power","year":2023,"plan_tech_share":1,"plan_carsten":0.0295,"port_weight":0.0295,"y":0,"asset_class":"Corporate Bonds","ald_sector_translation":"Power","asset_class_translation":"Corporate Bonds"},{"company_name":"Puget Energy, Inc.","allocation":"portfolio_weight","scenario_source":"GECO2022","scenario":"1.5C","ald_sector":"Power","year":2023,"plan_tech_share":0.3175,"plan_carsten":0.0011,"port_weight":0.0034,"y":0,"asset_class":"Corporate Bonds","ald_sector_translation":"Power","asset_class_translation":"Corporate Bonds"},{"company_name":"Puget Energy, Inc.","allocation":"portfolio_weight","scenario_source":"GECO2022","scenario":"NDC_LTS","ald_sector":"Power","year":2023,"plan_tech_share":0.3175,"plan_carsten":0.0011,"port_weight":0.0034,"y":0,"asset_class":"Corporate Bonds","ald_sector_translation":"Power","asset_class_translation":"Corporate Bonds"},{"company_name":"Puget Energy, Inc.","allocation":"portfolio_weight","scenario_source":"GECO2022","scenario":"Reference","ald_sector":"Power","year":2023,"plan_tech_share":0.3175,"plan_carsten":0.0011,"port_weight":0.0034,"y":0,"asset_class":"Corporate Bonds","ald_sector_translation":"Power","asset_class_translation":"Corporate Bonds"},{"company_name":"Puget Energy, Inc.","allocation":"portfolio_weight","scenario_source":"ISF2021","scenario":"NZE","ald_sector":"Power","year":2023,"plan_tech_share":0.3175,"plan_carsten":0.0011,"port_weight":0.0034,"y":0,"asset_class":"Corporate Bonds","ald_sector_translation":"Power","asset_class_translation":"Corporate Bonds"},{"company_name":"Puget Energy, Inc.","allocation":"portfolio_weight","scenario_source":"WEO2022","scenario":"APS","ald_sector":"Power","year":2023,"plan_tech_share":0.3175,"plan_carsten":0.0011,"port_weight":0.0034,"y":0,"asset_class":"Corporate Bonds","ald_sector_translation":"Power","asset_class_translation":"Corporate Bonds"},{"company_name":"Puget Energy, Inc.","allocation":"portfolio_weight","scenario_source":"WEO2022","scenario":"NZE_2050","ald_sector":"Power","year":2023,"plan_tech_share":0.3175,"plan_carsten":0.0011,"port_weight":0.0034,"y":0,"asset_class":"Corporate Bonds","ald_sector_translation":"Power","asset_class_translation":"Corporate Bonds"},{"company_name":"Puget Energy, Inc.","allocation":"portfolio_weight","scenario_source":"WEO2022","scenario":"STEPS","ald_sector":"Power","year":2023,"plan_tech_share":0.3175,"plan_carsten":0.0011,"port_weight":0.0034,"y":0,"asset_class":"Corporate Bonds","ald_sector_translation":"Power","asset_class_translation":"Corporate Bonds"},{"company_name":"Stellantis NV","allocation":"portfolio_weight","scenario_source":"GECO2022","scenario":"1.5C","ald_sector":"Automotive","year":2023,"plan_tech_share":0.123,"plan_carsten":0.0018,"port_weight":0.0146,"y":0,"asset_class":"Corporate Bonds","ald_sector_translation":"Automotive","asset_class_translation":"Corporate Bonds"},{"company_name":"Stellantis NV","allocation":"portfolio_weight","scenario_source":"GECO2022","scenario":"NDC_LTS","ald_sector":"Automotive","year":2023,"plan_tech_share":0.123,"plan_carsten":0.0018,"port_weight":0.0146,"y":0,"asset_class":"Corporate Bonds","ald_sector_translation":"Automotive","asset_class_translation":"Corporate Bonds"},{"company_name":"Stellantis NV","allocation":"portfolio_weight","scenario_source":"GECO2022","scenario":"Reference","ald_sector":"Automotive","year":2023,"plan_tech_share":0.123,"plan_carsten":0.0018,"port_weight":0.0146,"y":0,"asset_class":"Corporate Bonds","ald_sector_translation":"Automotive","asset_class_translation":"Corporate Bonds"},{"company_name":"Stellantis NV","allocation":"portfolio_weight","scenario_source":"WEO2022","scenario":"APS","ald_sector":"Automotive","year":2023,"plan_tech_share":0.123,"plan_carsten":0.0018,"port_weight":0.0146,"y":0,"asset_class":"Corporate Bonds","ald_sector_translation":"Automotive","asset_class_translation":"Corporate Bonds"},{"company_name":"Stellantis NV","allocation":"portfolio_weight","scenario_source":"WEO2022","scenario":"NZE_2050","ald_sector":"Automotive","year":2023,"plan_tech_share":0.123,"plan_carsten":0.0018,"port_weight":0.0146,"y":0,"asset_class":"Corporate Bonds","ald_sector_translation":"Automotive","asset_class_translation":"Corporate Bonds"},{"company_name":"Tohoku Electric Power Co., Inc.","allocation":"portfolio_weight","scenario_source":"GECO2022","scenario":"1.5C","ald_sector":"Power","year":2023,"plan_tech_share":0.1038,"plan_carsten":0.0048,"port_weight":0.0458,"y":0,"asset_class":"Corporate Bonds","ald_sector_translation":"Power","asset_class_translation":"Corporate Bonds"},{"company_name":"Tohoku Electric Power Co., Inc.","allocation":"portfolio_weight","scenario_source":"GECO2022","scenario":"NDC_LTS","ald_sector":"Power","year":2023,"plan_tech_share":0.1038,"plan_carsten":0.0048,"port_weight":0.0458,"y":0,"asset_class":"Corporate Bonds","ald_sector_translation":"Power","asset_class_translation":"Corporate Bonds"},{"company_name":"Tohoku Electric Power Co., Inc.","allocation":"portfolio_weight","scenario_source":"GECO2022","scenario":"Reference","ald_sector":"Power","year":2023,"plan_tech_share":0.1038,"plan_carsten":0.0048,"port_weight":0.0458,"y":0,"asset_class":"Corporate Bonds","ald_sector_translation":"Power","asset_class_translation":"Corporate Bonds"},{"company_name":"Tohoku Electric Power Co., Inc.","allocation":"portfolio_weight","scenario_source":"ISF2021","scenario":"NZE","ald_sector":"Power","year":2023,"plan_tech_share":0.1038,"plan_carsten":0.0048,"port_weight":0.0458,"y":0,"asset_class":"Corporate Bonds","ald_sector_translation":"Power","asset_class_translation":"Corporate Bonds"},{"company_name":"Tohoku Electric Power Co., Inc.","allocation":"portfolio_weight","scenario_source":"WEO2022","scenario":"APS","ald_sector":"Power","year":2023,"plan_tech_share":0.1038,"plan_carsten":0.0048,"port_weight":0.0458,"y":0,"asset_class":"Corporate Bonds","ald_sector_translation":"Power","asset_class_translation":"Corporate Bonds"},{"company_name":"Tohoku Electric Power Co., Inc.","allocation":"portfolio_weight","scenario_source":"WEO2022","scenario":"NZE_2050","ald_sector":"Power","year":2023,"plan_tech_share":0.1038,"plan_carsten":0.0048,"port_weight":0.0458,"y":0,"asset_class":"Corporate Bonds","ald_sector_translation":"Power","asset_class_translation":"Corporate Bonds"},{"company_name":"Tohoku Electric Power Co., Inc.","allocation":"portfolio_weight","scenario_source":"WEO2022","scenario":"STEPS","ald_sector":"Power","year":2023,"plan_tech_share":0.1038,"plan_carsten":0.0048,"port_weight":0.0458,"y":0,"asset_class":"Corporate Bonds","ald_sector_translation":"Power","asset_class_translation":"Corporate Bonds"}]
