[{"asset_class":"Corporate Bonds","equity_market":"Global Market","portfolio_name":"Default Portfolio","this_portfolio":true,"ald_sector":"Power","technology":"RenewablesCap","plan_carsten":0.0019,"sector_sum":0.1248,"sector_prcnt":0.015,"cumsum":0,"sector_cumprcnt":0,"green":true,"green_sum":0.0807,"green_prcnt":0.647,"asset_class_translation":"Corporate Bonds","equity_market_translation":"Global Market","ald_sector_translation":"Power","technology_translation":"Renewables","portfolio_name_translation":"Default Portfolio"},{"asset_class":"Corporate Bonds","equity_market":"Global Market","portfolio_name":"Default Portfolio","this_portfolio":true,"ald_sector":"Power","technology":"HydroCap","plan_carsten":0.0493,"sector_sum":0.1248,"sector_prcnt":0.3954,"cumsum":0.0019,"sector_cumprcnt":0.015,"green":true,"green_sum":0.0807,"green_prcnt":0.647,"asset_class_translation":"Corporate Bonds","equity_market_translation":"Global Market","ald_sector_translation":"Power","technology_translation":"Hydropower","portfolio_name_translation":"Default Portfolio"},{"asset_class":"Corporate Bonds","equity_market":"Global Market","portfolio_name":"Default Portfolio","this_portfolio":true,"ald_sector":"Power","technology":"NuclearCap","plan_carsten":0.0295,"sector_sum":0.1248,"sector_prcnt":0.2365,"cumsum":0.0512,"sector_cumprcnt":0.4104,"green":true,"green_sum":0.0807,"green_prcnt":0.647,"asset_class_translation":"Corporate Bonds","equity_market_translation":"Global Market","ald_sector_translation":"Power","technology_translation":"Nuclear Power","portfolio_name_translation":"Default Portfolio"},{"asset_class":"Corporate Bonds","equity_market":"Global Market","portfolio_name":"Default Portfolio","this_portfolio":true,"ald_sector":"Power","technology":"GasCap","plan_carsten":0.0267,"sector_sum":0.1248,"sector_prcnt":0.2139,"cumsum":0.0807,"sector_cumprcnt":0.647,"green":false,"green_sum":0.0441,"green_prcnt":0.353,"asset_class_translation":"Corporate Bonds","equity_market_translation":"Global Market","ald_sector_translation":"Power","technology_translation":"Gas Power","portfolio_name_translation":"Default Portfolio"},{"asset_class":"Corporate Bonds","equity_market":"Global Market","portfolio_name":"Default Portfolio","this_portfolio":true,"ald_sector":"Power","technology":"OilCap","plan_carsten":0.0038,"sector_sum":0.1248,"sector_prcnt":0.0301,"cumsum":0.1074,"sector_cumprcnt":0.8609,"green":false,"green_sum":0.0441,"green_prcnt":0.353,"asset_class_translation":"Corporate Bonds","equity_market_translation":"Global Market","ald_sector_translation":"Power","technology_translation":"Oil Power","portfolio_name_translation":"Default Portfolio"},{"asset_class":"Corporate Bonds","equity_market":"Global Market","portfolio_name":"Default Portfolio","this_portfolio":true,"ald_sector":"Power","technology":"CoalCap","plan_carsten":0.0136,"sector_sum":0.1248,"sector_prcnt":0.109,"cumsum":0.1112,"sector_cumprcnt":0.891,"green":false,"green_sum":0.0441,"green_prcnt":0.353,"asset_class_translation":"Corporate Bonds","equity_market_translation":"Global Market","ald_sector_translation":"Power","technology_translation":"Coal Power","portfolio_name_translation":"Default Portfolio"},{"asset_class":"Corporate Bonds","equity_market":"Global Market","portfolio_name":"Default Portfolio","this_portfolio":true,"ald_sector":"Automotive","technology":"Electric","plan_carsten":0.0094,"sector_sum":0.1016,"sector_prcnt":0.093,"cumsum":0,"sector_cumprcnt":0,"green":true,"green_sum":0.0161,"green_prcnt":0.1582,"asset_class_translation":"Corporate Bonds","equity_market_translation":"Global Market","ald_sector_translation":"Automotive","technology_translation":"LDV: Electric","portfolio_name_translation":"Default Portfolio"},{"asset_class":"Corporate Bonds","equity_market":"Global Market","portfolio_name":"Default Portfolio","this_portfolio":true,"ald_sector":"Automotive","technology":"FuelCell","plan_carsten":0,"sector_sum":0.1016,"sector_prcnt":0,"cumsum":0.0094,"sector_cumprcnt":0.093,"green":true,"green_sum":0.0161,"green_prcnt":0.1582,"asset_class_translation":"Corporate Bonds","equity_market_translation":"Global Market","ald_sector_translation":"Automotive","technology_translation":"LDV: Fuel Cell","portfolio_name_translation":"Default Portfolio"},{"asset_class":"Corporate Bonds","equity_market":"Global Market","portfolio_name":"Default Portfolio","this_portfolio":true,"ald_sector":"Automotive","technology":"Hybrid","plan_carsten":0.0066,"sector_sum":0.1016,"sector_prcnt":0.0652,"cumsum":0.0094,"sector_cumprcnt":0.093,"green":true,"green_sum":0.0161,"green_prcnt":0.1582,"asset_class_translation":"Corporate Bonds","equity_market_translation":"Global Market","ald_sector_translation":"Automotive","technology_translation":"LDV: Hybrid","portfolio_name_translation":"Default Portfolio"},{"asset_class":"Corporate Bonds","equity_market":"Global Market","portfolio_name":"Default Portfolio","this_portfolio":true,"ald_sector":"Automotive","technology":"ICE","plan_carsten":0.0855,"sector_sum":0.1016,"sector_prcnt":0.8418,"cumsum":0.0161,"sector_cumprcnt":0.1582,"green":false,"green_sum":0.0855,"green_prcnt":0.8418,"asset_class_translation":"Corporate Bonds","equity_market_translation":"Global Market","ald_sector_translation":"Automotive","technology_translation":"LDV: ICE","portfolio_name_translation":"Default Portfolio"},{"asset_class":"Corporate Bonds","equity_market":"Global Market","portfolio_name":"Default Portfolio","this_portfolio":true,"ald_sector":"Coal","technology":"Coal","plan_carsten":0.1118,"sector_sum":0.1118,"sector_prcnt":1,"cumsum":0,"sector_cumprcnt":0,"green":false,"green_sum":0.1118,"green_prcnt":1,"asset_class_translation":"Corporate Bonds","equity_market_translation":"Global Market","ald_sector_translation":"Coal","technology_translation":"Coal","portfolio_name_translation":"Default Portfolio"},{"asset_class":"Corporate Bonds","equity_market":"Global Market","portfolio_name":"Default Portfolio","this_portfolio":true,"ald_sector":"Cement","technology":"Integrated facility","plan_carsten":0.0584,"sector_sum":0.0584,"sector_prcnt":1,"cumsum":0,"sector_cumprcnt":0,"green":false,"green_sum":0.0584,"green_prcnt":1,"asset_class_translation":"Corporate Bonds","equity_market_translation":"Global Market","ald_sector_translation":"Cement","technology_translation":"Integrated facility","portfolio_name_translation":"Default Portfolio"},{"asset_class":"Corporate Bonds","equity_market":"Global Market","portfolio_name":"Default Portfolio","this_portfolio":true,"ald_sector":"Steel","technology":"Electric Arc Furnace","plan_carsten":0.0146,"sector_sum":0.1057,"sector_prcnt":0.1382,"cumsum":0,"sector_cumprcnt":0,"green":true,"green_sum":0.0146,"green_prcnt":0.1382,"asset_class_translation":"Corporate Bonds","equity_market_translation":"Global Market","ald_sector_translation":"Steel","technology_translation":"Electric Arc Furnace","portfolio_name_translation":"Default Portfolio"},{"asset_class":"Corporate Bonds","equity_market":"Global Market","portfolio_name":"Default Portfolio","this_portfolio":true,"ald_sector":"Steel","technology":"Open Hearth Furnace","plan_carsten":0,"sector_sum":0.1057,"sector_prcnt":0,"cumsum":0.0146,"sector_cumprcnt":0.1382,"green":false,"green_sum":0.0911,"green_prcnt":0.8618,"asset_class_translation":"Corporate Bonds","equity_market_translation":"Global Market","ald_sector_translation":"Steel","technology_translation":"Open Hearth Furnace","portfolio_name_translation":"Default Portfolio"},{"asset_class":"Corporate Bonds","equity_market":"Global Market","portfolio_name":"Default Portfolio","this_portfolio":true,"ald_sector":"Steel","technology":"Basic Oxygen Furnace","plan_carsten":0.0911,"sector_sum":0.1057,"sector_prcnt":0.8618,"cumsum":0.0146,"sector_cumprcnt":0.1382,"green":false,"green_sum":0.0911,"green_prcnt":0.8618,"asset_class_translation":"Corporate Bonds","equity_market_translation":"Global Market","ald_sector_translation":"Steel","technology_translation":"Basic Oxygen Furnace","portfolio_name_translation":"Default Portfolio"},{"asset_class":"Corporate Bonds","equity_market":"Global Market","portfolio_name":"Default Portfolio","this_portfolio":true,"ald_sector":"Aviation","technology":"Freight","plan_carsten":0.0652,"sector_sum":0.1075,"sector_prcnt":0.6066,"cumsum":0,"sector_cumprcnt":0,"green":false,"green_sum":0.1075,"green_prcnt":1,"asset_class_translation":"Corporate Bonds","equity_market_translation":"Global Market","ald_sector_translation":"Aviation","technology_translation":"Freight","portfolio_name_translation":"Default Portfolio"},{"asset_class":"Corporate Bonds","equity_market":"Global Market","portfolio_name":"Default Portfolio","this_portfolio":true,"ald_sector":"Aviation","technology":"Passenger","plan_carsten":0.0423,"sector_sum":0.1075,"sector_prcnt":0.3934,"cumsum":0.0652,"sector_cumprcnt":0.6066,"green":false,"green_sum":0.1075,"green_prcnt":1,"asset_class_translation":"Corporate Bonds","equity_market_translation":"Global Market","ald_sector_translation":"Aviation","technology_translation":"Passenger","portfolio_name_translation":"Default Portfolio"},{"asset_class":"Corporate Bonds","equity_market":"Global Market","portfolio_name":"iShares Global Corp Bond UCITS ETF","this_portfolio":false,"ald_sector":"Power","technology":"RenewablesCap","plan_carsten":0.0101,"sector_sum":0.0442,"sector_prcnt":0.2286,"cumsum":0,"sector_cumprcnt":0,"green":true,"green_sum":0.0183,"green_prcnt":0.414,"asset_class_translation":"Corporate Bonds","equity_market_translation":"Global Market","ald_sector_translation":"Power","technology_translation":"Renewables","portfolio_name_translation":"iShares Global Corp Bond UCITS ETF"},{"asset_class":"Corporate Bonds","equity_market":"Global Market","portfolio_name":"iShares Global Corp Bond UCITS ETF","this_portfolio":false,"ald_sector":"Power","technology":"HydroCap","plan_carsten":0.0046,"sector_sum":0.0442,"sector_prcnt":0.1049,"cumsum":0.0101,"sector_cumprcnt":0.2286,"green":true,"green_sum":0.0183,"green_prcnt":0.414,"asset_class_translation":"Corporate Bonds","equity_market_translation":"Global Market","ald_sector_translation":"Power","technology_translation":"Hydropower","portfolio_name_translation":"iShares Global Corp Bond UCITS ETF"},{"asset_class":"Corporate Bonds","equity_market":"Global Market","portfolio_name":"iShares Global Corp Bond UCITS ETF","this_portfolio":false,"ald_sector":"Power","technology":"NuclearCap","plan_carsten":0.0036,"sector_sum":0.0442,"sector_prcnt":0.0805,"cumsum":0.0147,"sector_cumprcnt":0.3334,"green":true,"green_sum":0.0183,"green_prcnt":0.414,"asset_class_translation":"Corporate Bonds","equity_market_translation":"Global Market","ald_sector_translation":"Power","technology_translation":"Nuclear Power","portfolio_name_translation":"iShares Global Corp Bond UCITS ETF"},{"asset_class":"Corporate Bonds","equity_market":"Global Market","portfolio_name":"iShares Global Corp Bond UCITS ETF","this_portfolio":false,"ald_sector":"Power","technology":"GasCap","plan_carsten":0.0163,"sector_sum":0.0442,"sector_prcnt":0.3689,"cumsum":0.0183,"sector_cumprcnt":0.414,"green":false,"green_sum":0.0259,"green_prcnt":0.586,"asset_class_translation":"Corporate Bonds","equity_market_translation":"Global Market","ald_sector_translation":"Power","technology_translation":"Gas Power","portfolio_name_translation":"iShares Global Corp Bond UCITS ETF"},{"asset_class":"Corporate Bonds","equity_market":"Global Market","portfolio_name":"iShares Global Corp Bond UCITS ETF","this_portfolio":false,"ald_sector":"Power","technology":"OilCap","plan_carsten":0.0022,"sector_sum":0.0442,"sector_prcnt":0.0487,"cumsum":0.0346,"sector_cumprcnt":0.7829,"green":false,"green_sum":0.0259,"green_prcnt":0.586,"asset_class_translation":"Corporate Bonds","equity_market_translation":"Global Market","ald_sector_translation":"Power","technology_translation":"Oil Power","portfolio_name_translation":"iShares Global Corp Bond UCITS ETF"},{"asset_class":"Corporate Bonds","equity_market":"Global Market","portfolio_name":"iShares Global Corp Bond UCITS ETF","this_portfolio":false,"ald_sector":"Power","technology":"CoalCap","plan_carsten":0.0074,"sector_sum":0.0442,"sector_prcnt":0.1684,"cumsum":0.0367,"sector_cumprcnt":0.8316,"green":false,"green_sum":0.0259,"green_prcnt":0.586,"asset_class_translation":"Corporate Bonds","equity_market_translation":"Global Market","ald_sector_translation":"Power","technology_translation":"Coal Power","portfolio_name_translation":"iShares Global Corp Bond UCITS ETF"},{"asset_class":"Corporate Bonds","equity_market":"Global Market","portfolio_name":"iShares Global Corp Bond UCITS ETF","this_portfolio":false,"ald_sector":"Automotive","technology":"Electric","plan_carsten":0.0004,"sector_sum":0.0055,"sector_prcnt":0.0719,"cumsum":0,"sector_cumprcnt":0,"green":true,"green_sum":0.0006,"green_prcnt":0.1051,"asset_class_translation":"Corporate Bonds","equity_market_translation":"Global Market","ald_sector_translation":"Automotive","technology_translation":"LDV: Electric","portfolio_name_translation":"iShares Global Corp Bond UCITS ETF"},{"asset_class":"Corporate Bonds","equity_market":"Global Market","portfolio_name":"iShares Global Corp Bond UCITS ETF","this_portfolio":false,"ald_sector":"Automotive","technology":"FuelCell","plan_carsten":1.7395e-07,"sector_sum":0.0055,"sector_prcnt":0,"cumsum":0.0004,"sector_cumprcnt":0.0719,"green":true,"green_sum":0.0006,"green_prcnt":0.1051,"asset_class_translation":"Corporate Bonds","equity_market_translation":"Global Market","ald_sector_translation":"Automotive","technology_translation":"LDV: Fuel Cell","portfolio_name_translation":"iShares Global Corp Bond UCITS ETF"},{"asset_class":"Corporate Bonds","equity_market":"Global Market","portfolio_name":"iShares Global Corp Bond UCITS ETF","this_portfolio":false,"ald_sector":"Automotive","technology":"Hybrid","plan_carsten":0.0002,"sector_sum":0.0055,"sector_prcnt":0.0331,"cumsum":0.0004,"sector_cumprcnt":0.0719,"green":true,"green_sum":0.0006,"green_prcnt":0.1051,"asset_class_translation":"Corporate Bonds","equity_market_translation":"Global Market","ald_sector_translation":"Automotive","technology_translation":"LDV: Hybrid","portfolio_name_translation":"iShares Global Corp Bond UCITS ETF"},{"asset_class":"Corporate Bonds","equity_market":"Global Market","portfolio_name":"iShares Global Corp Bond UCITS ETF","this_portfolio":false,"ald_sector":"Automotive","technology":"ICE","plan_carsten":0.005,"sector_sum":0.0055,"sector_prcnt":0.8949,"cumsum":0.0006,"sector_cumprcnt":0.1051,"green":false,"green_sum":0.005,"green_prcnt":0.8949,"asset_class_translation":"Corporate Bonds","equity_market_translation":"Global Market","ald_sector_translation":"Automotive","technology_translation":"LDV: ICE","portfolio_name_translation":"iShares Global Corp Bond UCITS ETF"},{"asset_class":"Corporate Bonds","equity_market":"Global Market","portfolio_name":"iShares Global Corp Bond UCITS ETF","this_portfolio":false,"ald_sector":"Coal","technology":"Coal","plan_carsten":0.0022,"sector_sum":0.0022,"sector_prcnt":1,"cumsum":0,"sector_cumprcnt":0,"green":false,"green_sum":0.0022,"green_prcnt":1,"asset_class_translation":"Corporate Bonds","equity_market_translation":"Global Market","ald_sector_translation":"Coal","technology_translation":"Coal","portfolio_name_translation":"iShares Global Corp Bond UCITS ETF"},{"asset_class":"Corporate Bonds","equity_market":"Global Market","portfolio_name":"iShares Global Corp Bond UCITS ETF","this_portfolio":false,"ald_sector":"Cement","technology":"Integrated facility","plan_carsten":0.0024,"sector_sum":0.0024,"sector_prcnt":1,"cumsum":0,"sector_cumprcnt":0,"green":false,"green_sum":0.0024,"green_prcnt":1,"asset_class_translation":"Corporate Bonds","equity_market_translation":"Global Market","ald_sector_translation":"Cement","technology_translation":"Integrated facility","portfolio_name_translation":"iShares Global Corp Bond UCITS ETF"},{"asset_class":"Corporate Bonds","equity_market":"Global Market","portfolio_name":"iShares Global Corp Bond UCITS ETF","this_portfolio":false,"ald_sector":"Steel","technology":"Electric Arc Furnace","plan_carsten":0.0008,"sector_sum":0.0015,"sector_prcnt":0.5491,"cumsum":0,"sector_cumprcnt":0,"green":true,"green_sum":0.0008,"green_prcnt":0.5491,"asset_class_translation":"Corporate Bonds","equity_market_translation":"Global Market","ald_sector_translation":"Steel","technology_translation":"Electric Arc Furnace","portfolio_name_translation":"iShares Global Corp Bond UCITS ETF"},{"asset_class":"Corporate Bonds","equity_market":"Global Market","portfolio_name":"iShares Global Corp Bond UCITS ETF","this_portfolio":false,"ald_sector":"Steel","technology":"Open Hearth Furnace","plan_carsten":0,"sector_sum":0.0015,"sector_prcnt":0,"cumsum":0.0008,"sector_cumprcnt":0.5491,"green":false,"green_sum":0.0007,"green_prcnt":0.4509,"asset_class_translation":"Corporate Bonds","equity_market_translation":"Global Market","ald_sector_translation":"Steel","technology_translation":"Open Hearth Furnace","portfolio_name_translation":"iShares Global Corp Bond UCITS ETF"},{"asset_class":"Corporate Bonds","equity_market":"Global Market","portfolio_name":"iShares Global Corp Bond UCITS ETF","this_portfolio":false,"ald_sector":"Steel","technology":"Basic Oxygen Furnace","plan_carsten":0.0007,"sector_sum":0.0015,"sector_prcnt":0.4509,"cumsum":0.0008,"sector_cumprcnt":0.5491,"green":false,"green_sum":0.0007,"green_prcnt":0.4509,"asset_class_translation":"Corporate Bonds","equity_market_translation":"Global Market","ald_sector_translation":"Steel","technology_translation":"Basic Oxygen Furnace","portfolio_name_translation":"iShares Global Corp Bond UCITS ETF"},{"asset_class":"Corporate Bonds","equity_market":"Global Market","portfolio_name":"iShares Global Corp Bond UCITS ETF","this_portfolio":false,"ald_sector":"Aviation","technology":"Freight","plan_carsten":0.0034,"sector_sum":0.0052,"sector_prcnt":0.6656,"cumsum":0,"sector_cumprcnt":0,"green":false,"green_sum":0.0052,"green_prcnt":1,"asset_class_translation":"Corporate Bonds","equity_market_translation":"Global Market","ald_sector_translation":"Aviation","technology_translation":"Freight","portfolio_name_translation":"iShares Global Corp Bond UCITS ETF"},{"asset_class":"Corporate Bonds","equity_market":"Global Market","portfolio_name":"iShares Global Corp Bond UCITS ETF","this_portfolio":false,"ald_sector":"Aviation","technology":"Passenger","plan_carsten":0.0017,"sector_sum":0.0052,"sector_prcnt":0.3344,"cumsum":0.0034,"sector_cumprcnt":0.6656,"green":false,"green_sum":0.0052,"green_prcnt":1,"asset_class_translation":"Corporate Bonds","equity_market_translation":"Global Market","ald_sector_translation":"Aviation","technology_translation":"Passenger","portfolio_name_translation":"iShares Global Corp Bond UCITS ETF"},{"asset_class":"Listed Equity","equity_market":"Global Market","portfolio_name":"Default Portfolio","this_portfolio":true,"ald_sector":"Power","technology":"RenewablesCap","plan_carsten":0.079,"sector_sum":0.1306,"sector_prcnt":0.6049,"cumsum":0,"sector_cumprcnt":0,"green":true,"green_sum":0.0925,"green_prcnt":0.708,"asset_class_translation":"Listed Equity","equity_market_translation":"Global Market","ald_sector_translation":"Power","technology_translation":"Renewables","portfolio_name_translation":"Default Portfolio"},{"asset_class":"Listed Equity","equity_market":"Global Market","portfolio_name":"Default Portfolio","this_portfolio":true,"ald_sector":"Power","technology":"HydroCap","plan_carsten":0.0135,"sector_sum":0.1306,"sector_prcnt":0.1031,"cumsum":0.079,"sector_cumprcnt":0.6049,"green":true,"green_sum":0.0925,"green_prcnt":0.708,"asset_class_translation":"Listed Equity","equity_market_translation":"Global Market","ald_sector_translation":"Power","technology_translation":"Hydropower","portfolio_name_translation":"Default Portfolio"},{"asset_class":"Listed Equity","equity_market":"Global Market","portfolio_name":"Default Portfolio","this_portfolio":true,"ald_sector":"Power","technology":"NuclearCap","plan_carsten":0,"sector_sum":0.1306,"sector_prcnt":0,"cumsum":0.0925,"sector_cumprcnt":0.708,"green":true,"green_sum":0.0925,"green_prcnt":0.708,"asset_class_translation":"Listed Equity","equity_market_translation":"Global Market","ald_sector_translation":"Power","technology_translation":"Nuclear Power","portfolio_name_translation":"Default Portfolio"},{"asset_class":"Listed Equity","equity_market":"Global Market","portfolio_name":"Default Portfolio","this_portfolio":true,"ald_sector":"Power","technology":"GasCap","plan_carsten":0.0153,"sector_sum":0.1306,"sector_prcnt":0.1171,"cumsum":0.0925,"sector_cumprcnt":0.708,"green":false,"green_sum":0.0381,"green_prcnt":0.292,"asset_class_translation":"Listed Equity","equity_market_translation":"Global Market","ald_sector_translation":"Power","technology_translation":"Gas Power","portfolio_name_translation":"Default Portfolio"},{"asset_class":"Listed Equity","equity_market":"Global Market","portfolio_name":"Default Portfolio","this_portfolio":true,"ald_sector":"Power","technology":"OilCap","plan_carsten":0.0078,"sector_sum":0.1306,"sector_prcnt":0.0601,"cumsum":0.1078,"sector_cumprcnt":0.8251,"green":false,"green_sum":0.0381,"green_prcnt":0.292,"asset_class_translation":"Listed Equity","equity_market_translation":"Global Market","ald_sector_translation":"Power","technology_translation":"Oil Power","portfolio_name_translation":"Default Portfolio"},{"asset_class":"Listed Equity","equity_market":"Global Market","portfolio_name":"Default Portfolio","this_portfolio":true,"ald_sector":"Power","technology":"CoalCap","plan_carsten":0.015,"sector_sum":0.1306,"sector_prcnt":0.1148,"cumsum":0.1156,"sector_cumprcnt":0.8852,"green":false,"green_sum":0.0381,"green_prcnt":0.292,"asset_class_translation":"Listed Equity","equity_market_translation":"Global Market","ald_sector_translation":"Power","technology_translation":"Coal Power","portfolio_name_translation":"Default Portfolio"},{"asset_class":"Listed Equity","equity_market":"Global Market","portfolio_name":"Default Portfolio","this_portfolio":true,"ald_sector":"Automotive","technology":"Electric","plan_carsten":0.0142,"sector_sum":0.1226,"sector_prcnt":0.1156,"cumsum":0,"sector_cumprcnt":0,"green":true,"green_sum":0.0217,"green_prcnt":0.1769,"asset_class_translation":"Listed Equity","equity_market_translation":"Global Market","ald_sector_translation":"Automotive","technology_translation":"LDV: Electric","portfolio_name_translation":"Default Portfolio"},{"asset_class":"Listed Equity","equity_market":"Global Market","portfolio_name":"Default Portfolio","this_portfolio":true,"ald_sector":"Automotive","technology":"FuelCell","plan_carsten":0.0001,"sector_sum":0.1226,"sector_prcnt":0.0006,"cumsum":0.0142,"sector_cumprcnt":0.1156,"green":true,"green_sum":0.0217,"green_prcnt":0.1769,"asset_class_translation":"Listed Equity","equity_market_translation":"Global Market","ald_sector_translation":"Automotive","technology_translation":"LDV: Fuel Cell","portfolio_name_translation":"Default Portfolio"},{"asset_class":"Listed Equity","equity_market":"Global Market","portfolio_name":"Default Portfolio","this_portfolio":true,"ald_sector":"Automotive","technology":"Hybrid","plan_carsten":0.0074,"sector_sum":0.1226,"sector_prcnt":0.0607,"cumsum":0.0142,"sector_cumprcnt":0.1162,"green":true,"green_sum":0.0217,"green_prcnt":0.1769,"asset_class_translation":"Listed Equity","equity_market_translation":"Global Market","ald_sector_translation":"Automotive","technology_translation":"LDV: Hybrid","portfolio_name_translation":"Default Portfolio"},{"asset_class":"Listed Equity","equity_market":"Global Market","portfolio_name":"Default Portfolio","this_portfolio":true,"ald_sector":"Automotive","technology":"ICE","plan_carsten":0.1009,"sector_sum":0.1226,"sector_prcnt":0.8231,"cumsum":0.0217,"sector_cumprcnt":0.1769,"green":false,"green_sum":0.1009,"green_prcnt":0.8231,"asset_class_translation":"Listed Equity","equity_market_translation":"Global Market","ald_sector_translation":"Automotive","technology_translation":"LDV: ICE","portfolio_name_translation":"Default Portfolio"},{"asset_class":"Listed Equity","equity_market":"Global Market","portfolio_name":"Default Portfolio","this_portfolio":true,"ald_sector":"Coal","technology":"Coal","plan_carsten":0.0524,"sector_sum":0.0524,"sector_prcnt":1,"cumsum":0,"sector_cumprcnt":0,"green":false,"green_sum":0.0524,"green_prcnt":1,"asset_class_translation":"Listed Equity","equity_market_translation":"Global Market","ald_sector_translation":"Coal","technology_translation":"Coal","portfolio_name_translation":"Default Portfolio"},{"asset_class":"Listed Equity","equity_market":"Global Market","portfolio_name":"Default Portfolio","this_portfolio":true,"ald_sector":"Cement","technology":"Integrated facility","plan_carsten":0.1165,"sector_sum":0.1165,"sector_prcnt":1,"cumsum":0,"sector_cumprcnt":0,"green":false,"green_sum":0.1165,"green_prcnt":1,"asset_class_translation":"Listed Equity","equity_market_translation":"Global Market","ald_sector_translation":"Cement","technology_translation":"Integrated facility","portfolio_name_translation":"Default Portfolio"},{"asset_class":"Listed Equity","equity_market":"Global Market","portfolio_name":"Default Portfolio","this_portfolio":true,"ald_sector":"Steel","technology":"Electric Arc Furnace","plan_carsten":0.0962,"sector_sum":0.115,"sector_prcnt":0.8363,"cumsum":0,"sector_cumprcnt":0,"green":true,"green_sum":0.0962,"green_prcnt":0.8363,"asset_class_translation":"Listed Equity","equity_market_translation":"Global Market","ald_sector_translation":"Steel","technology_translation":"Electric Arc Furnace","portfolio_name_translation":"Default Portfolio"},{"asset_class":"Listed Equity","equity_market":"Global Market","portfolio_name":"Default Portfolio","this_portfolio":true,"ald_sector":"Steel","technology":"Open Hearth Furnace","plan_carsten":0,"sector_sum":0.115,"sector_prcnt":0,"cumsum":0.0962,"sector_cumprcnt":0.8363,"green":false,"green_sum":0.0188,"green_prcnt":0.1637,"asset_class_translation":"Listed Equity","equity_market_translation":"Global Market","ald_sector_translation":"Steel","technology_translation":"Open Hearth Furnace","portfolio_name_translation":"Default Portfolio"},{"asset_class":"Listed Equity","equity_market":"Global Market","portfolio_name":"Default Portfolio","this_portfolio":true,"ald_sector":"Steel","technology":"Basic Oxygen Furnace","plan_carsten":0.0188,"sector_sum":0.115,"sector_prcnt":0.1637,"cumsum":0.0962,"sector_cumprcnt":0.8363,"green":false,"green_sum":0.0188,"green_prcnt":0.1637,"asset_class_translation":"Listed Equity","equity_market_translation":"Global Market","ald_sector_translation":"Steel","technology_translation":"Basic Oxygen Furnace","portfolio_name_translation":"Default Portfolio"},{"asset_class":"Listed Equity","equity_market":"Global Market","portfolio_name":"Default Portfolio","this_portfolio":true,"ald_sector":"Aviation","technology":"Freight","plan_carsten":0.0007,"sector_sum":0.0962,"sector_prcnt":0.0072,"cumsum":0,"sector_cumprcnt":0,"green":false,"green_sum":0.0962,"green_prcnt":1,"asset_class_translation":"Listed Equity","equity_market_translation":"Global Market","ald_sector_translation":"Aviation","technology_translation":"Freight","portfolio_name_translation":"Default Portfolio"},{"asset_class":"Listed Equity","equity_market":"Global Market","portfolio_name":"Default Portfolio","this_portfolio":true,"ald_sector":"Aviation","technology":"Passenger","plan_carsten":0.0955,"sector_sum":0.0962,"sector_prcnt":0.9928,"cumsum":0.0007,"sector_cumprcnt":0.0072,"green":false,"green_sum":0.0962,"green_prcnt":1,"asset_class_translation":"Listed Equity","equity_market_translation":"Global Market","ald_sector_translation":"Aviation","technology_translation":"Passenger","portfolio_name_translation":"Default Portfolio"},{"asset_class":"Listed Equity","equity_market":"Global Market","portfolio_name":"iShares Core S&P 500 ETF","this_portfolio":false,"ald_sector":"Power","technology":"RenewablesCap","plan_carsten":0.0083,"sector_sum":0.0351,"sector_prcnt":0.2358,"cumsum":0,"sector_cumprcnt":0,"green":true,"green_sum":0.0134,"green_prcnt":0.3832,"asset_class_translation":"Listed Equity","equity_market_translation":"Global Market","ald_sector_translation":"Power","technology_translation":"Renewables","portfolio_name_translation":"iShares Core S&P 500 ETF"},{"asset_class":"Listed Equity","equity_market":"Global Market","portfolio_name":"iShares Core S&P 500 ETF","this_portfolio":false,"ald_sector":"Power","technology":"HydroCap","plan_carsten":0.0014,"sector_sum":0.0351,"sector_prcnt":0.0411,"cumsum":0.0083,"sector_cumprcnt":0.2358,"green":true,"green_sum":0.0134,"green_prcnt":0.3832,"asset_class_translation":"Listed Equity","equity_market_translation":"Global Market","ald_sector_translation":"Power","technology_translation":"Hydropower","portfolio_name_translation":"iShares Core S&P 500 ETF"},{"asset_class":"Listed Equity","equity_market":"Global Market","portfolio_name":"iShares Core S&P 500 ETF","this_portfolio":false,"ald_sector":"Power","technology":"NuclearCap","plan_carsten":0.0037,"sector_sum":0.0351,"sector_prcnt":0.1063,"cumsum":0.0097,"sector_cumprcnt":0.2769,"green":true,"green_sum":0.0134,"green_prcnt":0.3832,"asset_class_translation":"Listed Equity","equity_market_translation":"Global Market","ald_sector_translation":"Power","technology_translation":"Nuclear Power","portfolio_name_translation":"iShares Core S&P 500 ETF"},{"asset_class":"Listed Equity","equity_market":"Global Market","portfolio_name":"iShares Core S&P 500 ETF","this_portfolio":false,"ald_sector":"Power","technology":"GasCap","plan_carsten":0.0142,"sector_sum":0.0351,"sector_prcnt":0.4035,"cumsum":0.0134,"sector_cumprcnt":0.3832,"green":false,"green_sum":0.0216,"green_prcnt":0.6168,"asset_class_translation":"Listed Equity","equity_market_translation":"Global Market","ald_sector_translation":"Power","technology_translation":"Gas Power","portfolio_name_translation":"iShares Core S&P 500 ETF"},{"asset_class":"Listed Equity","equity_market":"Global Market","portfolio_name":"iShares Core S&P 500 ETF","this_portfolio":false,"ald_sector":"Power","technology":"OilCap","plan_carsten":0.0012,"sector_sum":0.0351,"sector_prcnt":0.0355,"cumsum":0.0276,"sector_cumprcnt":0.7867,"green":false,"green_sum":0.0216,"green_prcnt":0.6168,"asset_class_translation":"Listed Equity","equity_market_translation":"Global Market","ald_sector_translation":"Power","technology_translation":"Oil Power","portfolio_name_translation":"iShares Core S&P 500 ETF"},{"asset_class":"Listed Equity","equity_market":"Global Market","portfolio_name":"iShares Core S&P 500 ETF","this_portfolio":false,"ald_sector":"Power","technology":"CoalCap","plan_carsten":0.0062,"sector_sum":0.0351,"sector_prcnt":0.1777,"cumsum":0.0288,"sector_cumprcnt":0.8223,"green":false,"green_sum":0.0216,"green_prcnt":0.6168,"asset_class_translation":"Listed Equity","equity_market_translation":"Global Market","ald_sector_translation":"Power","technology_translation":"Coal Power","portfolio_name_translation":"iShares Core S&P 500 ETF"},{"asset_class":"Listed Equity","equity_market":"Global Market","portfolio_name":"iShares Core S&P 500 ETF","this_portfolio":false,"ald_sector":"Automotive","technology":"Electric","plan_carsten":0.0106,"sector_sum":0.0133,"sector_prcnt":0.7954,"cumsum":0,"sector_cumprcnt":0,"green":true,"green_sum":0.0106,"green_prcnt":0.7997,"asset_class_translation":"Listed Equity","equity_market_translation":"Global Market","ald_sector_translation":"Automotive","technology_translation":"LDV: Electric","portfolio_name_translation":"iShares Core S&P 500 ETF"},{"asset_class":"Listed Equity","equity_market":"Global Market","portfolio_name":"iShares Core S&P 500 ETF","this_portfolio":false,"ald_sector":"Automotive","technology":"FuelCell","plan_carsten":0,"sector_sum":0.0133,"sector_prcnt":0,"cumsum":0.0106,"sector_cumprcnt":0.7954,"green":true,"green_sum":0.0106,"green_prcnt":0.7997,"asset_class_translation":"Listed Equity","equity_market_translation":"Global Market","ald_sector_translation":"Automotive","technology_translation":"LDV: Fuel Cell","portfolio_name_translation":"iShares Core S&P 500 ETF"},{"asset_class":"Listed Equity","equity_market":"Global Market","portfolio_name":"iShares Core S&P 500 ETF","this_portfolio":false,"ald_sector":"Automotive","technology":"Hybrid","plan_carsten":0.0001,"sector_sum":0.0133,"sector_prcnt":0.0043,"cumsum":0.0106,"sector_cumprcnt":0.7954,"green":true,"green_sum":0.0106,"green_prcnt":0.7997,"asset_class_translation":"Listed Equity","equity_market_translation":"Global Market","ald_sector_translation":"Automotive","technology_translation":"LDV: Hybrid","portfolio_name_translation":"iShares Core S&P 500 ETF"},{"asset_class":"Listed Equity","equity_market":"Global Market","portfolio_name":"iShares Core S&P 500 ETF","this_portfolio":false,"ald_sector":"Automotive","technology":"ICE","plan_carsten":0.0027,"sector_sum":0.0133,"sector_prcnt":0.2003,"cumsum":0.0106,"sector_cumprcnt":0.7997,"green":false,"green_sum":0.0027,"green_prcnt":0.2003,"asset_class_translation":"Listed Equity","equity_market_translation":"Global Market","ald_sector_translation":"Automotive","technology_translation":"LDV: ICE","portfolio_name_translation":"iShares Core S&P 500 ETF"},{"asset_class":"Listed Equity","equity_market":"Global Market","portfolio_name":"iShares Core S&P 500 ETF","this_portfolio":false,"ald_sector":"Cement","technology":"Integrated facility","plan_carsten":0.0007,"sector_sum":0.0007,"sector_prcnt":1,"cumsum":0,"sector_cumprcnt":0,"green":false,"green_sum":0.0007,"green_prcnt":1,"asset_class_translation":"Listed Equity","equity_market_translation":"Global Market","ald_sector_translation":"Cement","technology_translation":"Integrated facility","portfolio_name_translation":"iShares Core S&P 500 ETF"},{"asset_class":"Listed Equity","equity_market":"Global Market","portfolio_name":"iShares Core S&P 500 ETF","this_portfolio":false,"ald_sector":"Steel","technology":"Electric Arc Furnace","plan_carsten":0.0016,"sector_sum":0.0016,"sector_prcnt":1,"cumsum":0,"sector_cumprcnt":0,"green":true,"green_sum":0.0016,"green_prcnt":1,"asset_class_translation":"Listed Equity","equity_market_translation":"Global Market","ald_sector_translation":"Steel","technology_translation":"Electric Arc Furnace","portfolio_name_translation":"iShares Core S&P 500 ETF"},{"asset_class":"Listed Equity","equity_market":"Global Market","portfolio_name":"iShares Core S&P 500 ETF","this_portfolio":false,"ald_sector":"Steel","technology":"Open Hearth Furnace","plan_carsten":0,"sector_sum":0.0016,"sector_prcnt":0,"cumsum":0.0016,"sector_cumprcnt":1,"green":false,"green_sum":0,"green_prcnt":0,"asset_class_translation":"Listed Equity","equity_market_translation":"Global Market","ald_sector_translation":"Steel","technology_translation":"Open Hearth Furnace","portfolio_name_translation":"iShares Core S&P 500 ETF"},{"asset_class":"Listed Equity","equity_market":"Global Market","portfolio_name":"iShares Core S&P 500 ETF","this_portfolio":false,"ald_sector":"Steel","technology":"Basic Oxygen Furnace","plan_carsten":0,"sector_sum":0.0016,"sector_prcnt":0,"cumsum":0.0016,"sector_cumprcnt":1,"green":false,"green_sum":0,"green_prcnt":0,"asset_class_translation":"Listed Equity","equity_market_translation":"Global Market","ald_sector_translation":"Steel","technology_translation":"Basic Oxygen Furnace","portfolio_name_translation":"iShares Core S&P 500 ETF"},{"asset_class":"Listed Equity","equity_market":"Global Market","portfolio_name":"iShares Core S&P 500 ETF","this_portfolio":false,"ald_sector":"Aviation","technology":"Freight","plan_carsten":0.0053,"sector_sum":0.0074,"sector_prcnt":0.7163,"cumsum":0,"sector_cumprcnt":0,"green":false,"green_sum":0.0074,"green_prcnt":1,"asset_class_translation":"Listed Equity","equity_market_translation":"Global Market","ald_sector_translation":"Aviation","technology_translation":"Freight","portfolio_name_translation":"iShares Core S&P 500 ETF"},{"asset_class":"Listed Equity","equity_market":"Global Market","portfolio_name":"iShares Core S&P 500 ETF","this_portfolio":false,"ald_sector":"Aviation","technology":"Passenger","plan_carsten":0.0021,"sector_sum":0.0074,"sector_prcnt":0.2837,"cumsum":0.0053,"sector_cumprcnt":0.7163,"green":false,"green_sum":0.0074,"green_prcnt":1,"asset_class_translation":"Listed Equity","equity_market_translation":"Global Market","ald_sector_translation":"Aviation","technology_translation":"Passenger","portfolio_name_translation":"iShares Core S&P 500 ETF"},{"asset_class":"Listed Equity","equity_market":"Global Market","portfolio_name":"iShares MSCI ACWI ETF","this_portfolio":false,"ald_sector":"Power","technology":"RenewablesCap","plan_carsten":0.0095,"sector_sum":0.0356,"sector_prcnt":0.2657,"cumsum":0,"sector_cumprcnt":0,"green":true,"green_sum":0.0151,"green_prcnt":0.4226,"asset_class_translation":"Listed Equity","equity_market_translation":"Global Market","ald_sector_translation":"Power","technology_translation":"Renewables","portfolio_name_translation":"iShares MSCI ACWI ETF"},{"asset_class":"Listed Equity","equity_market":"Global Market","portfolio_name":"iShares MSCI ACWI ETF","this_portfolio":false,"ald_sector":"Power","technology":"HydroCap","plan_carsten":0.0026,"sector_sum":0.0356,"sector_prcnt":0.0736,"cumsum":0.0095,"sector_cumprcnt":0.2657,"green":true,"green_sum":0.0151,"green_prcnt":0.4226,"asset_class_translation":"Listed Equity","equity_market_translation":"Global Market","ald_sector_translation":"Power","technology_translation":"Hydropower","portfolio_name_translation":"iShares MSCI ACWI ETF"},{"asset_class":"Listed Equity","equity_market":"Global Market","portfolio_name":"iShares MSCI ACWI ETF","this_portfolio":false,"ald_sector":"Power","technology":"NuclearCap","plan_carsten":0.003,"sector_sum":0.0356,"sector_prcnt":0.0833,"cumsum":0.0121,"sector_cumprcnt":0.3394,"green":true,"green_sum":0.0151,"green_prcnt":0.4226,"asset_class_translation":"Listed Equity","equity_market_translation":"Global Market","ald_sector_translation":"Power","technology_translation":"Nuclear Power","portfolio_name_translation":"iShares MSCI ACWI ETF"},{"asset_class":"Listed Equity","equity_market":"Global Market","portfolio_name":"iShares MSCI ACWI ETF","this_portfolio":false,"ald_sector":"Power","technology":"GasCap","plan_carsten":0.0132,"sector_sum":0.0356,"sector_prcnt":0.3693,"cumsum":0.0151,"sector_cumprcnt":0.4226,"green":false,"green_sum":0.0206,"green_prcnt":0.5774,"asset_class_translation":"Listed Equity","equity_market_translation":"Global Market","ald_sector_translation":"Power","technology_translation":"Gas Power","portfolio_name_translation":"iShares MSCI ACWI ETF"},{"asset_class":"Listed Equity","equity_market":"Global Market","portfolio_name":"iShares MSCI ACWI ETF","this_portfolio":false,"ald_sector":"Power","technology":"OilCap","plan_carsten":0.0013,"sector_sum":0.0356,"sector_prcnt":0.037,"cumsum":0.0282,"sector_cumprcnt":0.792,"green":false,"green_sum":0.0206,"green_prcnt":0.5774,"asset_class_translation":"Listed Equity","equity_market_translation":"Global Market","ald_sector_translation":"Power","technology_translation":"Oil Power","portfolio_name_translation":"iShares MSCI ACWI ETF"},{"asset_class":"Listed Equity","equity_market":"Global Market","portfolio_name":"iShares MSCI ACWI ETF","this_portfolio":false,"ald_sector":"Power","technology":"CoalCap","plan_carsten":0.0061,"sector_sum":0.0356,"sector_prcnt":0.171,"cumsum":0.0295,"sector_cumprcnt":0.829,"green":false,"green_sum":0.0206,"green_prcnt":0.5774,"asset_class_translation":"Listed Equity","equity_market_translation":"Global Market","ald_sector_translation":"Power","technology_translation":"Coal Power","portfolio_name_translation":"iShares MSCI ACWI ETF"},{"asset_class":"Listed Equity","equity_market":"Global Market","portfolio_name":"iShares MSCI ACWI ETF","this_portfolio":false,"ald_sector":"Automotive","technology":"Electric","plan_carsten":0.0082,"sector_sum":0.0142,"sector_prcnt":0.5784,"cumsum":0,"sector_cumprcnt":0,"green":true,"green_sum":0.0085,"green_prcnt":0.602,"asset_class_translation":"Listed Equity","equity_market_translation":"Global Market","ald_sector_translation":"Automotive","technology_translation":"LDV: Electric","portfolio_name_translation":"iShares MSCI ACWI ETF"},{"asset_class":"Listed Equity","equity_market":"Global Market","portfolio_name":"iShares MSCI ACWI ETF","this_portfolio":false,"ald_sector":"Automotive","technology":"FuelCell","plan_carsten":1.206e-07,"sector_sum":0.0142,"sector_prcnt":8.4946e-06,"cumsum":0.0082,"sector_cumprcnt":0.5784,"green":true,"green_sum":0.0085,"green_prcnt":0.602,"asset_class_translation":"Listed Equity","equity_market_translation":"Global Market","ald_sector_translation":"Automotive","technology_translation":"LDV: Fuel Cell","portfolio_name_translation":"iShares MSCI ACWI ETF"},{"asset_class":"Listed Equity","equity_market":"Global Market","portfolio_name":"iShares MSCI ACWI ETF","this_portfolio":false,"ald_sector":"Automotive","technology":"Hybrid","plan_carsten":0.0003,"sector_sum":0.0142,"sector_prcnt":0.0237,"cumsum":0.0082,"sector_cumprcnt":0.5784,"green":true,"green_sum":0.0085,"green_prcnt":0.602,"asset_class_translation":"Listed Equity","equity_market_translation":"Global Market","ald_sector_translation":"Automotive","technology_translation":"LDV: Hybrid","portfolio_name_translation":"iShares MSCI ACWI ETF"},{"asset_class":"Listed Equity","equity_market":"Global Market","portfolio_name":"iShares MSCI ACWI ETF","this_portfolio":false,"ald_sector":"Automotive","technology":"ICE","plan_carsten":0.0057,"sector_sum":0.0142,"sector_prcnt":0.398,"cumsum":0.0085,"sector_cumprcnt":0.602,"green":false,"green_sum":0.0057,"green_prcnt":0.398,"asset_class_translation":"Listed Equity","equity_market_translation":"Global Market","ald_sector_translation":"Automotive","technology_translation":"LDV: ICE","portfolio_name_translation":"iShares MSCI ACWI ETF"},{"asset_class":"Listed Equity","equity_market":"Global Market","portfolio_name":"iShares MSCI ACWI ETF","this_portfolio":false,"ald_sector":"Coal","technology":"Coal","plan_carsten":0.0017,"sector_sum":0.0017,"sector_prcnt":1,"cumsum":0,"sector_cumprcnt":0,"green":false,"green_sum":0.0017,"green_prcnt":1,"asset_class_translation":"Listed Equity","equity_market_translation":"Global Market","ald_sector_translation":"Coal","technology_translation":"Coal","portfolio_name_translation":"iShares MSCI ACWI ETF"},{"asset_class":"Listed Equity","equity_market":"Global Market","portfolio_name":"iShares MSCI ACWI ETF","this_portfolio":false,"ald_sector":"Cement","technology":"Integrated facility","plan_carsten":0.0019,"sector_sum":0.0019,"sector_prcnt":1,"cumsum":0,"sector_cumprcnt":0,"green":false,"green_sum":0.0019,"green_prcnt":1,"asset_class_translation":"Listed Equity","equity_market_translation":"Global Market","ald_sector_translation":"Cement","technology_translation":"Integrated facility","portfolio_name_translation":"iShares MSCI ACWI ETF"},{"asset_class":"Listed Equity","equity_market":"Global Market","portfolio_name":"iShares MSCI ACWI ETF","this_portfolio":false,"ald_sector":"Steel","technology":"Electric Arc Furnace","plan_carsten":0.0013,"sector_sum":0.0017,"sector_prcnt":0.719,"cumsum":0,"sector_cumprcnt":0,"green":true,"green_sum":0.0013,"green_prcnt":0.719,"asset_class_translation":"Listed Equity","equity_market_translation":"Global Market","ald_sector_translation":"Steel","technology_translation":"Electric Arc Furnace","portfolio_name_translation":"iShares MSCI ACWI ETF"},{"asset_class":"Listed Equity","equity_market":"Global Market","portfolio_name":"iShares MSCI ACWI ETF","this_portfolio":false,"ald_sector":"Steel","technology":"Open Hearth Furnace","plan_carsten":0,"sector_sum":0.0017,"sector_prcnt":0,"cumsum":0.0013,"sector_cumprcnt":0.719,"green":false,"green_sum":0.0005,"green_prcnt":0.281,"asset_class_translation":"Listed Equity","equity_market_translation":"Global Market","ald_sector_translation":"Steel","technology_translation":"Open Hearth Furnace","portfolio_name_translation":"iShares MSCI ACWI ETF"},{"asset_class":"Listed Equity","equity_market":"Global Market","portfolio_name":"iShares MSCI ACWI ETF","this_portfolio":false,"ald_sector":"Steel","technology":"Basic Oxygen Furnace","plan_carsten":0.0005,"sector_sum":0.0017,"sector_prcnt":0.281,"cumsum":0.0013,"sector_cumprcnt":0.719,"green":false,"green_sum":0.0005,"green_prcnt":0.281,"asset_class_translation":"Listed Equity","equity_market_translation":"Global Market","ald_sector_translation":"Steel","technology_translation":"Basic Oxygen Furnace","portfolio_name_translation":"iShares MSCI ACWI ETF"},{"asset_class":"Listed Equity","equity_market":"Global Market","portfolio_name":"iShares MSCI ACWI ETF","this_portfolio":false,"ald_sector":"Aviation","technology":"Freight","plan_carsten":0.0045,"sector_sum":0.0055,"sector_prcnt":0.83,"cumsum":0,"sector_cumprcnt":0,"green":false,"green_sum":0.0055,"green_prcnt":1,"asset_class_translation":"Listed Equity","equity_market_translation":"Global Market","ald_sector_translation":"Aviation","technology_translation":"Freight","portfolio_name_translation":"iShares MSCI ACWI ETF"},{"asset_class":"Listed Equity","equity_market":"Global Market","portfolio_name":"iShares MSCI ACWI ETF","this_portfolio":false,"ald_sector":"Aviation","technology":"Passenger","plan_carsten":0.0009,"sector_sum":0.0055,"sector_prcnt":0.17,"cumsum":0.0045,"sector_cumprcnt":0.83,"green":false,"green_sum":0.0055,"green_prcnt":1,"asset_class_translation":"Listed Equity","equity_market_translation":"Global Market","ald_sector_translation":"Aviation","technology_translation":"Passenger","portfolio_name_translation":"iShares MSCI ACWI ETF"},{"asset_class":"Listed Equity","equity_market":"Global Market","portfolio_name":"iShares MSCI EM UCITS ETF USD (Acc)","this_portfolio":false,"ald_sector":"Power","technology":"RenewablesCap","plan_carsten":0.0038,"sector_sum":0.0178,"sector_prcnt":0.2108,"cumsum":0,"sector_cumprcnt":0,"green":true,"green_sum":0.0068,"green_prcnt":0.3812,"asset_class_translation":"Listed Equity","equity_market_translation":"Global Market","ald_sector_translation":"Power","technology_translation":"Renewables","portfolio_name_translation":"iShares MSCI EM UCITS ETF USD (Acc)"},{"asset_class":"Listed Equity","equity_market":"Global Market","portfolio_name":"iShares MSCI EM UCITS ETF USD (Acc)","this_portfolio":false,"ald_sector":"Power","technology":"HydroCap","plan_carsten":0.0029,"sector_sum":0.0178,"sector_prcnt":0.1626,"cumsum":0.0038,"sector_cumprcnt":0.2108,"green":true,"green_sum":0.0068,"green_prcnt":0.3812,"asset_class_translation":"Listed Equity","equity_market_translation":"Global Market","ald_sector_translation":"Power","technology_translation":"Hydropower","portfolio_name_translation":"iShares MSCI EM UCITS ETF USD (Acc)"},{"asset_class":"Listed Equity","equity_market":"Global Market","portfolio_name":"iShares MSCI EM UCITS ETF USD (Acc)","this_portfolio":false,"ald_sector":"Power","technology":"NuclearCap","plan_carsten":0.0001,"sector_sum":0.0178,"sector_prcnt":0.0077,"cumsum":0.0067,"sector_cumprcnt":0.3735,"green":true,"green_sum":0.0068,"green_prcnt":0.3812,"asset_class_translation":"Listed Equity","equity_market_translation":"Global Market","ald_sector_translation":"Power","technology_translation":"Nuclear Power","portfolio_name_translation":"iShares MSCI EM UCITS ETF USD (Acc)"},{"asset_class":"Listed Equity","equity_market":"Global Market","portfolio_name":"iShares MSCI EM UCITS ETF USD (Acc)","this_portfolio":false,"ald_sector":"Power","technology":"GasCap","plan_carsten":0.0063,"sector_sum":0.0178,"sector_prcnt":0.3518,"cumsum":0.0068,"sector_cumprcnt":0.3812,"green":false,"green_sum":0.011,"green_prcnt":0.6188,"asset_class_translation":"Listed Equity","equity_market_translation":"Global Market","ald_sector_translation":"Power","technology_translation":"Gas Power","portfolio_name_translation":"iShares MSCI EM UCITS ETF USD (Acc)"},{"asset_class":"Listed Equity","equity_market":"Global Market","portfolio_name":"iShares MSCI EM UCITS ETF USD (Acc)","this_portfolio":false,"ald_sector":"Power","technology":"OilCap","plan_carsten":0.0016,"sector_sum":0.0178,"sector_prcnt":0.0916,"cumsum":0.0131,"sector_cumprcnt":0.7329,"green":false,"green_sum":0.011,"green_prcnt":0.6188,"asset_class_translation":"Listed Equity","equity_market_translation":"Global Market","ald_sector_translation":"Power","technology_translation":"Oil Power","portfolio_name_translation":"iShares MSCI EM UCITS ETF USD (Acc)"},{"asset_class":"Listed Equity","equity_market":"Global Market","portfolio_name":"iShares MSCI EM UCITS ETF USD (Acc)","this_portfolio":false,"ald_sector":"Power","technology":"CoalCap","plan_carsten":0.0031,"sector_sum":0.0178,"sector_prcnt":0.1755,"cumsum":0.0147,"sector_cumprcnt":0.8245,"green":false,"green_sum":0.011,"green_prcnt":0.6188,"asset_class_translation":"Listed Equity","equity_market_translation":"Global Market","ald_sector_translation":"Power","technology_translation":"Coal Power","portfolio_name_translation":"iShares MSCI EM UCITS ETF USD (Acc)"},{"asset_class":"Listed Equity","equity_market":"Global Market","portfolio_name":"iShares MSCI EM UCITS ETF USD (Acc)","this_portfolio":false,"ald_sector":"Automotive","technology":"Electric","plan_carsten":0.0174,"sector_sum":0.0198,"sector_prcnt":0.8797,"cumsum":0,"sector_cumprcnt":0,"green":true,"green_sum":0.0176,"green_prcnt":0.89,"asset_class_translation":"Listed Equity","equity_market_translation":"Global Market","ald_sector_translation":"Automotive","technology_translation":"LDV: Electric","portfolio_name_translation":"iShares MSCI EM UCITS ETF USD (Acc)"},{"asset_class":"Listed Equity","equity_market":"Global Market","portfolio_name":"iShares MSCI EM UCITS ETF USD (Acc)","this_portfolio":false,"ald_sector":"Automotive","technology":"FuelCell","plan_carsten":3.8108e-08,"sector_sum":0.0198,"sector_prcnt":1.9267e-06,"cumsum":0.0174,"sector_cumprcnt":0.8797,"green":true,"green_sum":0.0176,"green_prcnt":0.89,"asset_class_translation":"Listed Equity","equity_market_translation":"Global Market","ald_sector_translation":"Automotive","technology_translation":"LDV: Fuel Cell","portfolio_name_translation":"iShares MSCI EM UCITS ETF USD (Acc)"},{"asset_class":"Listed Equity","equity_market":"Global Market","portfolio_name":"iShares MSCI EM UCITS ETF USD (Acc)","this_portfolio":false,"ald_sector":"Automotive","technology":"Hybrid","plan_carsten":0.0002,"sector_sum":0.0198,"sector_prcnt":0.0103,"cumsum":0.0174,"sector_cumprcnt":0.8797,"green":true,"green_sum":0.0176,"green_prcnt":0.89,"asset_class_translation":"Listed Equity","equity_market_translation":"Global Market","ald_sector_translation":"Automotive","technology_translation":"LDV: Hybrid","portfolio_name_translation":"iShares MSCI EM UCITS ETF USD (Acc)"},{"asset_class":"Listed Equity","equity_market":"Global Market","portfolio_name":"iShares MSCI EM UCITS ETF USD (Acc)","this_portfolio":false,"ald_sector":"Automotive","technology":"ICE","plan_carsten":0.0022,"sector_sum":0.0198,"sector_prcnt":0.11,"cumsum":0.0176,"sector_cumprcnt":0.89,"green":false,"green_sum":0.0022,"green_prcnt":0.11,"asset_class_translation":"Listed Equity","equity_market_translation":"Global Market","ald_sector_translation":"Automotive","technology_translation":"LDV: ICE","portfolio_name_translation":"iShares MSCI EM UCITS ETF USD (Acc)"},{"asset_class":"Listed Equity","equity_market":"Global Market","portfolio_name":"iShares MSCI EM UCITS ETF USD (Acc)","this_portfolio":false,"ald_sector":"Coal","technology":"Coal","plan_carsten":0.0043,"sector_sum":0.0043,"sector_prcnt":1,"cumsum":0,"sector_cumprcnt":0,"green":false,"green_sum":0.0043,"green_prcnt":1,"asset_class_translation":"Listed Equity","equity_market_translation":"Global Market","ald_sector_translation":"Coal","technology_translation":"Coal","portfolio_name_translation":"iShares MSCI EM UCITS ETF USD (Acc)"},{"asset_class":"Listed Equity","equity_market":"Global Market","portfolio_name":"iShares MSCI EM UCITS ETF USD (Acc)","this_portfolio":false,"ald_sector":"Cement","technology":"Integrated facility","plan_carsten":0.0024,"sector_sum":0.0024,"sector_prcnt":1,"cumsum":0,"sector_cumprcnt":0,"green":false,"green_sum":0.0024,"green_prcnt":1,"asset_class_translation":"Listed Equity","equity_market_translation":"Global Market","ald_sector_translation":"Cement","technology_translation":"Integrated facility","portfolio_name_translation":"iShares MSCI EM UCITS ETF USD (Acc)"},{"asset_class":"Listed Equity","equity_market":"Global Market","portfolio_name":"iShares MSCI EM UCITS ETF USD (Acc)","this_portfolio":false,"ald_sector":"Steel","technology":"Electric Arc Furnace","plan_carsten":0.002,"sector_sum":0.0105,"sector_prcnt":0.1921,"cumsum":0,"sector_cumprcnt":0,"green":true,"green_sum":0.002,"green_prcnt":0.1921,"asset_class_translation":"Listed Equity","equity_market_translation":"Global Market","ald_sector_translation":"Steel","technology_translation":"Electric Arc Furnace","portfolio_name_translation":"iShares MSCI EM UCITS ETF USD (Acc)"},{"asset_class":"Listed Equity","equity_market":"Global Market","portfolio_name":"iShares MSCI EM UCITS ETF USD (Acc)","this_portfolio":false,"ald_sector":"Steel","technology":"Open Hearth Furnace","plan_carsten":0,"sector_sum":0.0105,"sector_prcnt":0,"cumsum":0.002,"sector_cumprcnt":0.1921,"green":false,"green_sum":0.0085,"green_prcnt":0.8079,"asset_class_translation":"Listed Equity","equity_market_translation":"Global Market","ald_sector_translation":"Steel","technology_translation":"Open Hearth Furnace","portfolio_name_translation":"iShares MSCI EM UCITS ETF USD (Acc)"},{"asset_class":"Listed Equity","equity_market":"Global Market","portfolio_name":"iShares MSCI EM UCITS ETF USD (Acc)","this_portfolio":false,"ald_sector":"Steel","technology":"Basic Oxygen Furnace","plan_carsten":0.0085,"sector_sum":0.0105,"sector_prcnt":0.8079,"cumsum":0.002,"sector_cumprcnt":0.1921,"green":false,"green_sum":0.0085,"green_prcnt":0.8079,"asset_class_translation":"Listed Equity","equity_market_translation":"Global Market","ald_sector_translation":"Steel","technology_translation":"Basic Oxygen Furnace","portfolio_name_translation":"iShares MSCI EM UCITS ETF USD (Acc)"},{"asset_class":"Listed Equity","equity_market":"Global Market","portfolio_name":"iShares MSCI EM UCITS ETF USD (Acc)","this_portfolio":false,"ald_sector":"Aviation","technology":"Freight","plan_carsten":0.0001,"sector_sum":0.0009,"sector_prcnt":0.0678,"cumsum":0,"sector_cumprcnt":0,"green":false,"green_sum":0.0009,"green_prcnt":1,"asset_class_translation":"Listed Equity","equity_market_translation":"Global Market","ald_sector_translation":"Aviation","technology_translation":"Freight","portfolio_name_translation":"iShares MSCI EM UCITS ETF USD (Acc)"},{"asset_class":"Listed Equity","equity_market":"Global Market","portfolio_name":"iShares MSCI EM UCITS ETF USD (Acc)","this_portfolio":false,"ald_sector":"Aviation","technology":"Passenger","plan_carsten":0.0008,"sector_sum":0.0009,"sector_prcnt":0.9322,"cumsum":0.0001,"sector_cumprcnt":0.0678,"green":false,"green_sum":0.0009,"green_prcnt":1,"asset_class_translation":"Listed Equity","equity_market_translation":"Global Market","ald_sector_translation":"Aviation","technology_translation":"Passenger","portfolio_name_translation":"iShares MSCI EM UCITS ETF USD (Acc)"},{"asset_class":"Listed Equity","equity_market":"Global Market","portfolio_name":"iShares MSCI World ETF","this_portfolio":false,"ald_sector":"Power","technology":"RenewablesCap","plan_carsten":0.0096,"sector_sum":0.0362,"sector_prcnt":0.2648,"cumsum":0,"sector_cumprcnt":0,"green":true,"green_sum":0.0152,"green_prcnt":0.4205,"asset_class_translation":"Listed Equity","equity_market_translation":"Global Market","ald_sector_translation":"Power","technology_translation":"Renewables","portfolio_name_translation":"iShares MSCI World ETF"},{"asset_class":"Listed Equity","equity_market":"Global Market","portfolio_name":"iShares MSCI World ETF","this_portfolio":false,"ald_sector":"Power","technology":"HydroCap","plan_carsten":0.0026,"sector_sum":0.0362,"sector_prcnt":0.0719,"cumsum":0.0096,"sector_cumprcnt":0.2648,"green":true,"green_sum":0.0152,"green_prcnt":0.4205,"asset_class_translation":"Listed Equity","equity_market_translation":"Global Market","ald_sector_translation":"Power","technology_translation":"Hydropower","portfolio_name_translation":"iShares MSCI World ETF"},{"asset_class":"Listed Equity","equity_market":"Global Market","portfolio_name":"iShares MSCI World ETF","this_portfolio":false,"ald_sector":"Power","technology":"NuclearCap","plan_carsten":0.003,"sector_sum":0.0362,"sector_prcnt":0.0838,"cumsum":0.0122,"sector_cumprcnt":0.3368,"green":true,"green_sum":0.0152,"green_prcnt":0.4205,"asset_class_translation":"Listed Equity","equity_market_translation":"Global Market","ald_sector_translation":"Power","technology_translation":"Nuclear Power","portfolio_name_translation":"iShares MSCI World ETF"},{"asset_class":"Listed Equity","equity_market":"Global Market","portfolio_name":"iShares MSCI World ETF","this_portfolio":false,"ald_sector":"Power","technology":"GasCap","plan_carsten":0.0133,"sector_sum":0.0362,"sector_prcnt":0.3673,"cumsum":0.0152,"sector_cumprcnt":0.4205,"green":false,"green_sum":0.021,"green_prcnt":0.5795,"asset_class_translation":"Listed Equity","equity_market_translation":"Global Market","ald_sector_translation":"Power","technology_translation":"Gas Power","portfolio_name_translation":"iShares MSCI World ETF"},{"asset_class":"Listed Equity","equity_market":"Global Market","portfolio_name":"iShares MSCI World ETF","this_portfolio":false,"ald_sector":"Power","technology":"OilCap","plan_carsten":0.0014,"sector_sum":0.0362,"sector_prcnt":0.0383,"cumsum":0.0285,"sector_cumprcnt":0.7879,"green":false,"green_sum":0.021,"green_prcnt":0.5795,"asset_class_translation":"Listed Equity","equity_market_translation":"Global Market","ald_sector_translation":"Power","technology_translation":"Oil Power","portfolio_name_translation":"iShares MSCI World ETF"},{"asset_class":"Listed Equity","equity_market":"Global Market","portfolio_name":"iShares MSCI World ETF","this_portfolio":false,"ald_sector":"Power","technology":"CoalCap","plan_carsten":0.0063,"sector_sum":0.0362,"sector_prcnt":0.1738,"cumsum":0.0299,"sector_cumprcnt":0.8262,"green":false,"green_sum":0.021,"green_prcnt":0.5795,"asset_class_translation":"Listed Equity","equity_market_translation":"Global Market","ald_sector_translation":"Power","technology_translation":"Coal Power","portfolio_name_translation":"iShares MSCI World ETF"},{"asset_class":"Listed Equity","equity_market":"Global Market","portfolio_name":"iShares MSCI World ETF","this_portfolio":false,"ald_sector":"Automotive","technology":"Electric","plan_carsten":0.008,"sector_sum":0.0144,"sector_prcnt":0.5571,"cumsum":0,"sector_cumprcnt":0,"green":true,"green_sum":0.0084,"green_prcnt":0.5815,"asset_class_translation":"Listed Equity","equity_market_translation":"Global Market","ald_sector_translation":"Automotive","technology_translation":"LDV: Electric","portfolio_name_translation":"iShares MSCI World ETF"},{"asset_class":"Listed Equity","equity_market":"Global Market","portfolio_name":"iShares MSCI World ETF","this_portfolio":false,"ald_sector":"Automotive","technology":"FuelCell","plan_carsten":2.1194e-07,"sector_sum":0.0144,"sector_prcnt":0,"cumsum":0.008,"sector_cumprcnt":0.5571,"green":true,"green_sum":0.0084,"green_prcnt":0.5815,"asset_class_translation":"Listed Equity","equity_market_translation":"Global Market","ald_sector_translation":"Automotive","technology_translation":"LDV: Fuel Cell","portfolio_name_translation":"iShares MSCI World ETF"},{"asset_class":"Listed Equity","equity_market":"Global Market","portfolio_name":"iShares MSCI World ETF","this_portfolio":false,"ald_sector":"Automotive","technology":"Hybrid","plan_carsten":0.0004,"sector_sum":0.0144,"sector_prcnt":0.0244,"cumsum":0.008,"sector_cumprcnt":0.5571,"green":true,"green_sum":0.0084,"green_prcnt":0.5815,"asset_class_translation":"Listed Equity","equity_market_translation":"Global Market","ald_sector_translation":"Automotive","technology_translation":"LDV: Hybrid","portfolio_name_translation":"iShares MSCI World ETF"},{"asset_class":"Listed Equity","equity_market":"Global Market","portfolio_name":"iShares MSCI World ETF","this_portfolio":false,"ald_sector":"Automotive","technology":"ICE","plan_carsten":0.006,"sector_sum":0.0144,"sector_prcnt":0.4185,"cumsum":0.0084,"sector_cumprcnt":0.5815,"green":false,"green_sum":0.006,"green_prcnt":0.4185,"asset_class_translation":"Listed Equity","equity_market_translation":"Global Market","ald_sector_translation":"Automotive","technology_translation":"LDV: ICE","portfolio_name_translation":"iShares MSCI World ETF"},{"asset_class":"Listed Equity","equity_market":"Global Market","portfolio_name":"iShares MSCI World ETF","this_portfolio":false,"ald_sector":"Coal","technology":"Coal","plan_carsten":0.0016,"sector_sum":0.0016,"sector_prcnt":1,"cumsum":0,"sector_cumprcnt":0,"green":false,"green_sum":0.0016,"green_prcnt":1,"asset_class_translation":"Listed Equity","equity_market_translation":"Global Market","ald_sector_translation":"Coal","technology_translation":"Coal","portfolio_name_translation":"iShares MSCI World ETF"},{"asset_class":"Listed Equity","equity_market":"Global Market","portfolio_name":"iShares MSCI World ETF","this_portfolio":false,"ald_sector":"Cement","technology":"Integrated facility","plan_carsten":0.0021,"sector_sum":0.0021,"sector_prcnt":1,"cumsum":0,"sector_cumprcnt":0,"green":false,"green_sum":0.0021,"green_prcnt":1,"asset_class_translation":"Listed Equity","equity_market_translation":"Global Market","ald_sector_translation":"Cement","technology_translation":"Integrated facility","portfolio_name_translation":"iShares MSCI World ETF"},{"asset_class":"Listed Equity","equity_market":"Global Market","portfolio_name":"iShares MSCI World ETF","this_portfolio":false,"ald_sector":"Steel","technology":"Electric Arc Furnace","plan_carsten":0.0013,"sector_sum":0.0019,"sector_prcnt":0.6781,"cumsum":0,"sector_cumprcnt":0,"green":true,"green_sum":0.0013,"green_prcnt":0.6781,"asset_class_translation":"Listed Equity","equity_market_translation":"Global Market","ald_sector_translation":"Steel","technology_translation":"Electric Arc Furnace","portfolio_name_translation":"iShares MSCI World ETF"},{"asset_class":"Listed Equity","equity_market":"Global Market","portfolio_name":"iShares MSCI World ETF","this_portfolio":false,"ald_sector":"Steel","technology":"Open Hearth Furnace","plan_carsten":0,"sector_sum":0.0019,"sector_prcnt":0,"cumsum":0.0013,"sector_cumprcnt":0.6781,"green":false,"green_sum":0.0006,"green_prcnt":0.3219,"asset_class_translation":"Listed Equity","equity_market_translation":"Global Market","ald_sector_translation":"Steel","technology_translation":"Open Hearth Furnace","portfolio_name_translation":"iShares MSCI World ETF"},{"asset_class":"Listed Equity","equity_market":"Global Market","portfolio_name":"iShares MSCI World ETF","this_portfolio":false,"ald_sector":"Steel","technology":"Basic Oxygen Furnace","plan_carsten":0.0006,"sector_sum":0.0019,"sector_prcnt":0.3219,"cumsum":0.0013,"sector_cumprcnt":0.6781,"green":false,"green_sum":0.0006,"green_prcnt":0.3219,"asset_class_translation":"Listed Equity","equity_market_translation":"Global Market","ald_sector_translation":"Steel","technology_translation":"Basic Oxygen Furnace","portfolio_name_translation":"iShares MSCI World ETF"},{"asset_class":"Listed Equity","equity_market":"Global Market","portfolio_name":"iShares MSCI World ETF","this_portfolio":false,"ald_sector":"Aviation","technology":"Freight","plan_carsten":0.0047,"sector_sum":0.0052,"sector_prcnt":0.9033,"cumsum":0,"sector_cumprcnt":0,"green":false,"green_sum":0.0052,"green_prcnt":1,"asset_class_translation":"Listed Equity","equity_market_translation":"Global Market","ald_sector_translation":"Aviation","technology_translation":"Freight","portfolio_name_translation":"iShares MSCI World ETF"},{"asset_class":"Listed Equity","equity_market":"Global Market","portfolio_name":"iShares MSCI World ETF","this_portfolio":false,"ald_sector":"Aviation","technology":"Passenger","plan_carsten":0.0005,"sector_sum":0.0052,"sector_prcnt":0.0967,"cumsum":0.0047,"sector_cumprcnt":0.9033,"green":false,"green_sum":0.0052,"green_prcnt":1,"asset_class_translation":"Listed Equity","equity_market_translation":"Global Market","ald_sector_translation":"Aviation","technology_translation":"Passenger","portfolio_name_translation":"iShares MSCI World ETF"}]
