company_name,allocation,scenario_source,scenario,ald_sector,year,plan_tech_share,plan_carsten,port_weight,y,asset_class,ald_sector_translation,asset_class_translation
Alliant Energy Corp.,portfolio_weight,GECO2022,1.5C,Power,2023,0.2432,0.0071,0.029,0,Listed Equity,Power,Listed Equity
Alliant Energy Corp.,portfolio_weight,GECO2022,NDC_LTS,Power,2023,0.2432,0.0071,0.029,0,Listed Equity,Power,Listed Equity
Alliant Energy Corp.,portfolio_weight,GECO2022,Reference,Power,2023,0.2432,0.0071,0.029,0,Listed Equity,Power,Listed Equity
Alliant Energy Corp.,portfolio_weight,ISF2021,NZE,Power,2023,0.2432,0.0071,0.029,0,Listed Equity,Power,Listed Equity
Alliant Energy Corp.,portfolio_weight,WEO2022,APS,Power,2023,0.2432,0.0071,0.029,0,Listed Equity,Power,Listed Equity
Alliant Energy Corp.,portfolio_weight,WEO2022,NZE_2050,Power,2023,0.2432,0.0071,0.029,0,Listed Equity,Power,Listed Equity
Alliant Energy Corp.,portfolio_weight,WEO2022,STEPS,Power,2023,0.2432,0.0071,0.029,0,Listed Equity,Power,Listed Equity
Drax Group Plc,portfolio_weight,GECO2022,1.5C,Power,2023,0.6777,0.0182,0.0268,0,Listed Equity,Power,Listed Equity
Drax Group Plc,portfolio_weight,GECO2022,NDC_LTS,Power,2023,0.6777,0.0182,0.0268,0,Listed Equity,Power,Listed Equity
Drax Group Plc,portfolio_weight,GECO2022,Reference,Power,2023,0.6777,0.0182,0.0268,0,Listed Equity,Power,Listed Equity
Drax Group Plc,portfolio_weight,ISF2021,NZE,Power,2023,0.6777,0.0182,0.0268,0,Listed Equity,Power,Listed Equity
Drax Group Plc,portfolio_weight,WEO2022,APS,Power,2023,0.6777,0.0182,0.0268,0,Listed Equity,Power,Listed Equity
Drax Group Plc,portfolio_weight,WEO2022,NZE_2050,Power,2023,0.6777,0.0182,0.0268,0,Listed Equity,Power,Listed Equity
Drax Group Plc,portfolio_weight,WEO2022,STEPS,Power,2023,0.6777,0.0182,0.0268,0,Listed Equity,Power,Listed Equity
Energisa SA,portfolio_weight,GECO2022,1.5C,Power,2023,0.8164,0.0312,0.0382,0,Listed Equity,Power,Listed Equity
Energisa SA,portfolio_weight,GECO2022,NDC_LTS,Power,2023,0.8164,0.0312,0.0382,0,Listed Equity,Power,Listed Equity
Energisa SA,portfolio_weight,GECO2022,Reference,Power,2023,0.8164,0.0312,0.0382,0,Listed Equity,Power,Listed Equity
Energisa SA,portfolio_weight,ISF2021,NZE,Power,2023,0.8164,0.0312,0.0382,0,Listed Equity,Power,Listed Equity
Energisa SA,portfolio_weight,WEO2022,APS,Power,2023,0.8164,0.0312,0.0382,0,Listed Equity,Power,Listed Equity
Energisa SA,portfolio_weight,WEO2022,NZE_2050,Power,2023,0.8164,0.0312,0.0382,0,Listed Equity,Power,Listed Equity
Energisa SA,portfolio_weight,WEO2022,STEPS,Power,2023,0.8164,0.0312,0.0382,0,Listed Equity,Power,Listed Equity
Geely Automobile Holdings Ltd.,portfolio_weight,GECO2022,1.5C,Automotive,2023,0.3235,0.0129,0.0398,0,Listed Equity,Automotive,Listed Equity
Geely Automobile Holdings Ltd.,portfolio_weight,GECO2022,NDC_LTS,Automotive,2023,0.3235,0.0129,0.0398,0,Listed Equity,Automotive,Listed Equity
Geely Automobile Holdings Ltd.,portfolio_weight,GECO2022,Reference,Automotive,2023,0.3235,0.0129,0.0398,0,Listed Equity,Automotive,Listed Equity
Geely Automobile Holdings Ltd.,portfolio_weight,WEO2022,APS,Automotive,2023,0.3235,0.0129,0.0398,0,Listed Equity,Automotive,Listed Equity
Geely Automobile Holdings Ltd.,portfolio_weight,WEO2022,NZE_2050,Automotive,2023,0.3235,0.0129,0.0398,0,Listed Equity,Automotive,Listed Equity
"Guangzhou Automobile Group Co., Ltd.",portfolio_weight,GECO2022,1.5C,Automotive,2023,0.5002,0.0022,0.0044,0,Listed Equity,Automotive,Listed Equity
"Guangzhou Automobile Group Co., Ltd.",portfolio_weight,GECO2022,NDC_LTS,Automotive,2023,0.5002,0.0022,0.0044,0,Listed Equity,Automotive,Listed Equity
"Guangzhou Automobile Group Co., Ltd.",portfolio_weight,GECO2022,Reference,Automotive,2023,0.5002,0.0022,0.0044,0,Listed Equity,Automotive,Listed Equity
"Guangzhou Automobile Group Co., Ltd.",portfolio_weight,WEO2022,APS,Automotive,2023,0.5002,0.0022,0.0044,0,Listed Equity,Automotive,Listed Equity
"Guangzhou Automobile Group Co., Ltd.",portfolio_weight,WEO2022,NZE_2050,Automotive,2023,0.5002,0.0022,0.0044,0,Listed Equity,Automotive,Listed Equity
"Hyundai Motor Co., Ltd.",portfolio_weight,GECO2022,1.5C,Automotive,2023,0.0649,0.0025,0.0386,0,Listed Equity,Automotive,Listed Equity
"Hyundai Motor Co., Ltd.",portfolio_weight,GECO2022,NDC_LTS,Automotive,2023,0.0649,0.0025,0.0386,0,Listed Equity,Automotive,Listed Equity
"Hyundai Motor Co., Ltd.",portfolio_weight,GECO2022,Reference,Automotive,2023,0.0649,0.0025,0.0386,0,Listed Equity,Automotive,Listed Equity
"Hyundai Motor Co., Ltd.",portfolio_weight,WEO2022,APS,Automotive,2023,0.0649,0.0025,0.0386,0,Listed Equity,Automotive,Listed Equity
"Hyundai Motor Co., Ltd.",portfolio_weight,WEO2022,NZE_2050,Automotive,2023,0.0649,0.0025,0.0386,0,Listed Equity,Automotive,Listed Equity
"Innergex Renewable Energy, Inc.",portfolio_weight,GECO2022,1.5C,Power,2023,1,0.0351,0.0351,0,Listed Equity,Power,Listed Equity
"Innergex Renewable Energy, Inc.",portfolio_weight,GECO2022,NDC_LTS,Power,2023,1,0.0351,0.0351,0,Listed Equity,Power,Listed Equity
"Innergex Renewable Energy, Inc.",portfolio_weight,GECO2022,Reference,Power,2023,1,0.0351,0.0351,0,Listed Equity,Power,Listed Equity
"Innergex Renewable Energy, Inc.",portfolio_weight,ISF2021,NZE,Power,2023,1,0.0351,0.0351,0,Listed Equity,Power,Listed Equity
"Innergex Renewable Energy, Inc.",portfolio_weight,WEO2022,APS,Power,2023,1,0.0351,0.0351,0,Listed Equity,Power,Listed Equity
"Innergex Renewable Energy, Inc.",portfolio_weight,WEO2022,NZE_2050,Power,2023,1,0.0351,0.0351,0,Listed Equity,Power,Listed Equity
"Innergex Renewable Energy, Inc.",portfolio_weight,WEO2022,STEPS,Power,2023,1,0.0351,0.0351,0,Listed Equity,Power,Listed Equity
Mazda Motor Corp.,portfolio_weight,GECO2022,1.5C,Automotive,2023,0.0099,2e-4,0.0226,0,Listed Equity,Automotive,Listed Equity
Mazda Motor Corp.,portfolio_weight,GECO2022,NDC_LTS,Automotive,2023,0.0099,2e-4,0.0226,0,Listed Equity,Automotive,Listed Equity
Mazda Motor Corp.,portfolio_weight,GECO2022,Reference,Automotive,2023,0.0099,2e-4,0.0226,0,Listed Equity,Automotive,Listed Equity
Mazda Motor Corp.,portfolio_weight,WEO2022,APS,Automotive,2023,0.0099,2e-4,0.0226,0,Listed Equity,Automotive,Listed Equity
Mazda Motor Corp.,portfolio_weight,WEO2022,NZE_2050,Automotive,2023,0.0099,2e-4,0.0226,0,Listed Equity,Automotive,Listed Equity
"Renova, Inc. (Japan)",portfolio_weight,GECO2022,1.5C,Power,2023,0.638,9e-4,0.0014,0,Listed Equity,Power,Listed Equity
"Renova, Inc. (Japan)",portfolio_weight,GECO2022,NDC_LTS,Power,2023,0.638,9e-4,0.0014,0,Listed Equity,Power,Listed Equity
"Renova, Inc. (Japan)",portfolio_weight,GECO2022,Reference,Power,2023,0.638,9e-4,0.0014,0,Listed Equity,Power,Listed Equity
"Renova, Inc. (Japan)",portfolio_weight,ISF2021,NZE,Power,2023,0.638,9e-4,0.0014,0,Listed Equity,Power,Listed Equity
"Renova, Inc. (Japan)",portfolio_weight,WEO2022,APS,Power,2023,0.638,9e-4,0.0014,0,Listed Equity,Power,Listed Equity
"Renova, Inc. (Japan)",portfolio_weight,WEO2022,NZE_2050,Power,2023,0.638,9e-4,0.0014,0,Listed Equity,Power,Listed Equity
"Renova, Inc. (Japan)",portfolio_weight,WEO2022,STEPS,Power,2023,0.638,9e-4,0.0014,0,Listed Equity,Power,Listed Equity
Volvo Car AB,portfolio_weight,GECO2022,1.5C,Automotive,2023,0.225,0.0039,0.0172,0,Listed Equity,Automotive,Listed Equity
Volvo Car AB,portfolio_weight,GECO2022,NDC_LTS,Automotive,2023,0.225,0.0039,0.0172,0,Listed Equity,Automotive,Listed Equity
Volvo Car AB,portfolio_weight,GECO2022,Reference,Automotive,2023,0.225,0.0039,0.0172,0,Listed Equity,Automotive,Listed Equity
Volvo Car AB,portfolio_weight,WEO2022,APS,Automotive,2023,0.225,0.0039,0.0172,0,Listed Equity,Automotive,Listed Equity
Volvo Car AB,portfolio_weight,WEO2022,NZE_2050,Automotive,2023,0.225,0.0039,0.0172,0,Listed Equity,Automotive,Listed Equity
Alliant Energy Corp.,ownership_weight,GECO2022,1.5C,Power,2023,0.2432,0,0.029,0,Listed Equity,Power,Listed Equity
Alliant Energy Corp.,ownership_weight,GECO2022,NDC_LTS,Power,2023,0.2432,0,0.029,0,Listed Equity,Power,Listed Equity
Alliant Energy Corp.,ownership_weight,GECO2022,Reference,Power,2023,0.2432,0,0.029,0,Listed Equity,Power,Listed Equity
Alliant Energy Corp.,ownership_weight,ISF2021,NZE,Power,2023,0.2432,0,0.029,0,Listed Equity,Power,Listed Equity
Alliant Energy Corp.,ownership_weight,WEO2022,APS,Power,2023,0.2432,0,0.029,0,Listed Equity,Power,Listed Equity
Alliant Energy Corp.,ownership_weight,WEO2022,NZE_2050,Power,2023,0.2432,0,0.029,0,Listed Equity,Power,Listed Equity
Alliant Energy Corp.,ownership_weight,WEO2022,STEPS,Power,2023,0.2432,0,0.029,0,Listed Equity,Power,Listed Equity
Anglo American Plc,ownership_weight,GECO2022,1.5C,Power,2023,0.4168,0,0.0195,0,Listed Equity,Power,Listed Equity
Anglo American Plc,ownership_weight,GECO2022,NDC_LTS,Power,2023,0.4168,0,0.0195,0,Listed Equity,Power,Listed Equity
Anglo American Plc,ownership_weight,GECO2022,Reference,Power,2023,0.4168,0,0.0195,0,Listed Equity,Power,Listed Equity
Anglo American Plc,ownership_weight,ISF2021,NZE,Power,2023,0.4168,0,0.0195,0,Listed Equity,Power,Listed Equity
Anglo American Plc,ownership_weight,WEO2022,APS,Power,2023,0.4168,0,0.0195,0,Listed Equity,Power,Listed Equity
Anglo American Plc,ownership_weight,WEO2022,NZE_2050,Power,2023,0.4168,0,0.0195,0,Listed Equity,Power,Listed Equity
Anglo American Plc,ownership_weight,WEO2022,STEPS,Power,2023,0.4168,0,0.0195,0,Listed Equity,Power,Listed Equity
Deccan Cements Ltd.,ownership_weight,GECO2022,1.5C,Power,2023,1,0,0.025,0,Listed Equity,Power,Listed Equity
Deccan Cements Ltd.,ownership_weight,GECO2022,NDC_LTS,Power,2023,1,0,0.025,0,Listed Equity,Power,Listed Equity
Deccan Cements Ltd.,ownership_weight,GECO2022,Reference,Power,2023,1,0,0.025,0,Listed Equity,Power,Listed Equity
Deccan Cements Ltd.,ownership_weight,ISF2021,NZE,Power,2023,1,0,0.025,0,Listed Equity,Power,Listed Equity
Deccan Cements Ltd.,ownership_weight,WEO2022,APS,Power,2023,1,0,0.025,0,Listed Equity,Power,Listed Equity
Deccan Cements Ltd.,ownership_weight,WEO2022,NZE_2050,Power,2023,1,0,0.025,0,Listed Equity,Power,Listed Equity
Deccan Cements Ltd.,ownership_weight,WEO2022,STEPS,Power,2023,1,0,0.025,0,Listed Equity,Power,Listed Equity
Drax Group Plc,ownership_weight,GECO2022,1.5C,Power,2023,0.6777,0,0.0268,0,Listed Equity,Power,Listed Equity
Drax Group Plc,ownership_weight,GECO2022,NDC_LTS,Power,2023,0.6777,0,0.0268,0,Listed Equity,Power,Listed Equity
Drax Group Plc,ownership_weight,GECO2022,Reference,Power,2023,0.6777,0,0.0268,0,Listed Equity,Power,Listed Equity
Drax Group Plc,ownership_weight,ISF2021,NZE,Power,2023,0.6777,0,0.0268,0,Listed Equity,Power,Listed Equity
Drax Group Plc,ownership_weight,WEO2022,APS,Power,2023,0.6777,0,0.0268,0,Listed Equity,Power,Listed Equity
Drax Group Plc,ownership_weight,WEO2022,NZE_2050,Power,2023,0.6777,0,0.0268,0,Listed Equity,Power,Listed Equity
Drax Group Plc,ownership_weight,WEO2022,STEPS,Power,2023,0.6777,0,0.0268,0,Listed Equity,Power,Listed Equity
Energisa SA,ownership_weight,GECO2022,1.5C,Power,2023,0.8164,0,0.0382,0,Listed Equity,Power,Listed Equity
Energisa SA,ownership_weight,GECO2022,NDC_LTS,Power,2023,0.8164,0,0.0382,0,Listed Equity,Power,Listed Equity
Energisa SA,ownership_weight,GECO2022,Reference,Power,2023,0.8164,0,0.0382,0,Listed Equity,Power,Listed Equity
Energisa SA,ownership_weight,ISF2021,NZE,Power,2023,0.8164,0,0.0382,0,Listed Equity,Power,Listed Equity
Energisa SA,ownership_weight,WEO2022,APS,Power,2023,0.8164,0,0.0382,0,Listed Equity,Power,Listed Equity
Energisa SA,ownership_weight,WEO2022,NZE_2050,Power,2023,0.8164,0,0.0382,0,Listed Equity,Power,Listed Equity
Energisa SA,ownership_weight,WEO2022,STEPS,Power,2023,0.8164,0,0.0382,0,Listed Equity,Power,Listed Equity
Geely Automobile Holdings Ltd.,ownership_weight,GECO2022,1.5C,Automotive,2023,0.3235,0,0.0398,0,Listed Equity,Automotive,Listed Equity
Geely Automobile Holdings Ltd.,ownership_weight,GECO2022,NDC_LTS,Automotive,2023,0.3235,0,0.0398,0,Listed Equity,Automotive,Listed Equity
Geely Automobile Holdings Ltd.,ownership_weight,GECO2022,Reference,Automotive,2023,0.3235,0,0.0398,0,Listed Equity,Automotive,Listed Equity
Geely Automobile Holdings Ltd.,ownership_weight,WEO2022,APS,Automotive,2023,0.3235,0,0.0398,0,Listed Equity,Automotive,Listed Equity
Geely Automobile Holdings Ltd.,ownership_weight,WEO2022,NZE_2050,Automotive,2023,0.3235,0,0.0398,0,Listed Equity,Automotive,Listed Equity
"Guangzhou Automobile Group Co., Ltd.",ownership_weight,GECO2022,1.5C,Automotive,2023,0.5002,0,0.0044,0,Listed Equity,Automotive,Listed Equity
"Guangzhou Automobile Group Co., Ltd.",ownership_weight,GECO2022,NDC_LTS,Automotive,2023,0.5002,0,0.0044,0,Listed Equity,Automotive,Listed Equity
"Guangzhou Automobile Group Co., Ltd.",ownership_weight,GECO2022,Reference,Automotive,2023,0.5002,0,0.0044,0,Listed Equity,Automotive,Listed Equity
"Guangzhou Automobile Group Co., Ltd.",ownership_weight,WEO2022,APS,Automotive,2023,0.5002,0,0.0044,0,Listed Equity,Automotive,Listed Equity
"Guangzhou Automobile Group Co., Ltd.",ownership_weight,WEO2022,NZE_2050,Automotive,2023,0.5002,0,0.0044,0,Listed Equity,Automotive,Listed Equity
"Hyundai Motor Co., Ltd.",ownership_weight,GECO2022,1.5C,Automotive,2023,0.0649,0,0.0386,0,Listed Equity,Automotive,Listed Equity
"Hyundai Motor Co., Ltd.",ownership_weight,GECO2022,NDC_LTS,Automotive,2023,0.0649,0,0.0386,0,Listed Equity,Automotive,Listed Equity
"Hyundai Motor Co., Ltd.",ownership_weight,GECO2022,Reference,Automotive,2023,0.0649,0,0.0386,0,Listed Equity,Automotive,Listed Equity
"Hyundai Motor Co., Ltd.",ownership_weight,GECO2022,1.5C,Power,2023,0,0,0.0386,0,Listed Equity,Power,Listed Equity
"Hyundai Motor Co., Ltd.",ownership_weight,GECO2022,NDC_LTS,Power,2023,0,0,0.0386,0,Listed Equity,Power,Listed Equity
"Hyundai Motor Co., Ltd.",ownership_weight,GECO2022,Reference,Power,2023,0,0,0.0386,0,Listed Equity,Power,Listed Equity
"Hyundai Motor Co., Ltd.",ownership_weight,ISF2021,NZE,Power,2023,0,0,0.0386,0,Listed Equity,Power,Listed Equity
"Hyundai Motor Co., Ltd.",ownership_weight,WEO2022,APS,Automotive,2023,0.0649,0,0.0386,0,Listed Equity,Automotive,Listed Equity
"Hyundai Motor Co., Ltd.",ownership_weight,WEO2022,NZE_2050,Automotive,2023,0.0649,0,0.0386,0,Listed Equity,Automotive,Listed Equity
"Hyundai Motor Co., Ltd.",ownership_weight,WEO2022,APS,Power,2023,0,0,0.0386,0,Listed Equity,Power,Listed Equity
"Hyundai Motor Co., Ltd.",ownership_weight,WEO2022,NZE_2050,Power,2023,0,0,0.0386,0,Listed Equity,Power,Listed Equity
"Hyundai Motor Co., Ltd.",ownership_weight,WEO2022,STEPS,Power,2023,0,0,0.0386,0,Listed Equity,Power,Listed Equity
INA-Industrija nafte dd,ownership_weight,GECO2022,1.5C,Power,2023,0,0,0.0168,0,Listed Equity,Power,Listed Equity
INA-Industrija nafte dd,ownership_weight,GECO2022,NDC_LTS,Power,2023,0,0,0.0168,0,Listed Equity,Power,Listed Equity
INA-Industrija nafte dd,ownership_weight,GECO2022,Reference,Power,2023,0,0,0.0168,0,Listed Equity,Power,Listed Equity
INA-Industrija nafte dd,ownership_weight,ISF2021,NZE,Power,2023,0,0,0.0168,0,Listed Equity,Power,Listed Equity
INA-Industrija nafte dd,ownership_weight,WEO2022,APS,Power,2023,0,0,0.0168,0,Listed Equity,Power,Listed Equity
INA-Industrija nafte dd,ownership_weight,WEO2022,NZE_2050,Power,2023,0,0,0.0168,0,Listed Equity,Power,Listed Equity
INA-Industrija nafte dd,ownership_weight,WEO2022,STEPS,Power,2023,0,0,0.0168,0,Listed Equity,Power,Listed Equity
"Innergex Renewable Energy, Inc.",ownership_weight,GECO2022,1.5C,Power,2023,1,0,0.0351,0,Listed Equity,Power,Listed Equity
"Innergex Renewable Energy, Inc.",ownership_weight,GECO2022,NDC_LTS,Power,2023,1,0,0.0351,0,Listed Equity,Power,Listed Equity
"Innergex Renewable Energy, Inc.",ownership_weight,GECO2022,Reference,Power,2023,1,0,0.0351,0,Listed Equity,Power,Listed Equity
"Innergex Renewable Energy, Inc.",ownership_weight,ISF2021,NZE,Power,2023,1,0,0.0351,0,Listed Equity,Power,Listed Equity
"Innergex Renewable Energy, Inc.",ownership_weight,WEO2022,APS,Power,2023,1,0,0.0351,0,Listed Equity,Power,Listed Equity
"Innergex Renewable Energy, Inc.",ownership_weight,WEO2022,NZE_2050,Power,2023,1,0,0.0351,0,Listed Equity,Power,Listed Equity
"Innergex Renewable Energy, Inc.",ownership_weight,WEO2022,STEPS,Power,2023,1,0,0.0351,0,Listed Equity,Power,Listed Equity
Mazda Motor Corp.,ownership_weight,GECO2022,1.5C,Automotive,2023,0.0099,0,0.0226,0,Listed Equity,Automotive,Listed Equity
Mazda Motor Corp.,ownership_weight,GECO2022,NDC_LTS,Automotive,2023,0.0099,0,0.0226,0,Listed Equity,Automotive,Listed Equity
Mazda Motor Corp.,ownership_weight,GECO2022,Reference,Automotive,2023,0.0099,0,0.0226,0,Listed Equity,Automotive,Listed Equity
Mazda Motor Corp.,ownership_weight,WEO2022,APS,Automotive,2023,0.0099,0,0.0226,0,Listed Equity,Automotive,Listed Equity
Mazda Motor Corp.,ownership_weight,WEO2022,NZE_2050,Automotive,2023,0.0099,0,0.0226,0,Listed Equity,Automotive,Listed Equity
"Renova, Inc. (Japan)",ownership_weight,GECO2022,1.5C,Power,2023,0.638,0,0.0014,0,Listed Equity,Power,Listed Equity
"Renova, Inc. (Japan)",ownership_weight,GECO2022,NDC_LTS,Power,2023,0.638,0,0.0014,0,Listed Equity,Power,Listed Equity
"Renova, Inc. (Japan)",ownership_weight,GECO2022,Reference,Power,2023,0.638,0,0.0014,0,Listed Equity,Power,Listed Equity
"Renova, Inc. (Japan)",ownership_weight,ISF2021,NZE,Power,2023,0.638,0,0.0014,0,Listed Equity,Power,Listed Equity
"Renova, Inc. (Japan)",ownership_weight,WEO2022,APS,Power,2023,0.638,0,0.0014,0,Listed Equity,Power,Listed Equity
"Renova, Inc. (Japan)",ownership_weight,WEO2022,NZE_2050,Power,2023,0.638,0,0.0014,0,Listed Equity,Power,Listed Equity
"Renova, Inc. (Japan)",ownership_weight,WEO2022,STEPS,Power,2023,0.638,0,0.0014,0,Listed Equity,Power,Listed Equity
Shree Cement Ltd.,ownership_weight,GECO2022,1.5C,Power,2023,0,0,0.0042,0,Listed Equity,Power,Listed Equity
Shree Cement Ltd.,ownership_weight,GECO2022,NDC_LTS,Power,2023,0,0,0.0042,0,Listed Equity,Power,Listed Equity
Shree Cement Ltd.,ownership_weight,GECO2022,Reference,Power,2023,0,0,0.0042,0,Listed Equity,Power,Listed Equity
Shree Cement Ltd.,ownership_weight,ISF2021,NZE,Power,2023,0,0,0.0042,0,Listed Equity,Power,Listed Equity
Shree Cement Ltd.,ownership_weight,WEO2022,APS,Power,2023,0,0,0.0042,0,Listed Equity,Power,Listed Equity
Shree Cement Ltd.,ownership_weight,WEO2022,NZE_2050,Power,2023,0,0,0.0042,0,Listed Equity,Power,Listed Equity
Shree Cement Ltd.,ownership_weight,WEO2022,STEPS,Power,2023,0,0,0.0042,0,Listed Equity,Power,Listed Equity
Tenaris SA,ownership_weight,GECO2022,1.5C,Power,2023,0,0,6e-4,0,Listed Equity,Power,Listed Equity
Tenaris SA,ownership_weight,GECO2022,NDC_LTS,Power,2023,0,0,6e-4,0,Listed Equity,Power,Listed Equity
Tenaris SA,ownership_weight,GECO2022,Reference,Power,2023,0,0,6e-4,0,Listed Equity,Power,Listed Equity
Tenaris SA,ownership_weight,ISF2021,NZE,Power,2023,0,0,6e-4,0,Listed Equity,Power,Listed Equity
Tenaris SA,ownership_weight,WEO2022,APS,Power,2023,0,0,6e-4,0,Listed Equity,Power,Listed Equity
Tenaris SA,ownership_weight,WEO2022,NZE_2050,Power,2023,0,0,6e-4,0,Listed Equity,Power,Listed Equity
Tenaris SA,ownership_weight,WEO2022,STEPS,Power,2023,0,0,6e-4,0,Listed Equity,Power,Listed Equity
Volvo AB,ownership_weight,GECO2022,1.5C,Automotive,2023,0.2659,0,0.0298,0,Listed Equity,Automotive,Listed Equity
Volvo AB,ownership_weight,GECO2022,NDC_LTS,Automotive,2023,0.2659,0,0.0298,0,Listed Equity,Automotive,Listed Equity
Volvo AB,ownership_weight,GECO2022,Reference,Automotive,2023,0.2659,0,0.0298,0,Listed Equity,Automotive,Listed Equity
Volvo AB,ownership_weight,WEO2022,APS,Automotive,2023,0.2659,0,0.0298,0,Listed Equity,Automotive,Listed Equity
Volvo AB,ownership_weight,WEO2022,NZE_2050,Automotive,2023,0.2659,0,0.0298,0,Listed Equity,Automotive,Listed Equity
Volvo Car AB,ownership_weight,GECO2022,1.5C,Automotive,2023,0.225,0,0.0172,0,Listed Equity,Automotive,Listed Equity
Volvo Car AB,ownership_weight,GECO2022,NDC_LTS,Automotive,2023,0.225,0,0.0172,0,Listed Equity,Automotive,Listed Equity
Volvo Car AB,ownership_weight,GECO2022,Reference,Automotive,2023,0.225,0,0.0172,0,Listed Equity,Automotive,Listed Equity
Volvo Car AB,ownership_weight,WEO2022,APS,Automotive,2023,0.225,0,0.0172,0,Listed Equity,Automotive,Listed Equity
Volvo Car AB,ownership_weight,WEO2022,NZE_2050,Automotive,2023,0.225,0,0.0172,0,Listed Equity,Automotive,Listed Equity
"Beijing Automotive Group Co., Ltd.",portfolio_weight,GECO2022,1.5C,Automotive,2023,0.0946,5e-4,0.0053,0,Corporate Bonds,Automotive,Corporate Bonds
"Beijing Automotive Group Co., Ltd.",portfolio_weight,GECO2022,NDC_LTS,Automotive,2023,0.0946,5e-4,0.0053,0,Corporate Bonds,Automotive,Corporate Bonds
"Beijing Automotive Group Co., Ltd.",portfolio_weight,GECO2022,Reference,Automotive,2023,0.0946,5e-4,0.0053,0,Corporate Bonds,Automotive,Corporate Bonds
"Beijing Automotive Group Co., Ltd.",portfolio_weight,WEO2022,APS,Automotive,2023,0.0946,5e-4,0.0053,0,Corporate Bonds,Automotive,Corporate Bonds
"Beijing Automotive Group Co., Ltd.",portfolio_weight,WEO2022,NZE_2050,Automotive,2023,0.0946,5e-4,0.0053,0,Corporate Bonds,Automotive,Corporate Bonds
Ford Motor Co.,portfolio_weight,GECO2022,1.5C,Automotive,2023,0.0905,0.0024,0.0267,0,Corporate Bonds,Automotive,Corporate Bonds
Ford Motor Co.,portfolio_weight,GECO2022,NDC_LTS,Automotive,2023,0.0905,0.0024,0.0267,0,Corporate Bonds,Automotive,Corporate Bonds
Ford Motor Co.,portfolio_weight,GECO2022,Reference,Automotive,2023,0.0905,0.0024,0.0267,0,Corporate Bonds,Automotive,Corporate Bonds
Ford Motor Co.,portfolio_weight,WEO2022,APS,Automotive,2023,0.0905,0.0024,0.0267,0,Corporate Bonds,Automotive,Corporate Bonds
Ford Motor Co.,portfolio_weight,WEO2022,NZE_2050,Automotive,2023,0.0905,0.0024,0.0267,0,Corporate Bonds,Automotive,Corporate Bonds
Hydro-Québec,portfolio_weight,GECO2022,1.5C,Power,2023,0.9855,0.0454,0.046,0,Corporate Bonds,Power,Corporate Bonds
Hydro-Québec,portfolio_weight,GECO2022,NDC_LTS,Power,2023,0.9855,0.0454,0.046,0,Corporate Bonds,Power,Corporate Bonds
Hydro-Québec,portfolio_weight,GECO2022,Reference,Power,2023,0.9855,0.0454,0.046,0,Corporate Bonds,Power,Corporate Bonds
Hydro-Québec,portfolio_weight,ISF2021,NZE,Power,2023,0.9855,0.0454,0.046,0,Corporate Bonds,Power,Corporate Bonds
Hydro-Québec,portfolio_weight,WEO2022,APS,Power,2023,0.9855,0.0454,0.046,0,Corporate Bonds,Power,Corporate Bonds
Hydro-Québec,portfolio_weight,WEO2022,NZE_2050,Power,2023,0.9855,0.0454,0.046,0,Corporate Bonds,Power,Corporate Bonds
Hydro-Québec,portfolio_weight,WEO2022,STEPS,Power,2023,0.9855,0.0454,0.046,0,Corporate Bonds,Power,Corporate Bonds
Mercedes-Benz Group AG,portfolio_weight,GECO2022,1.5C,Automotive,2023,0.2068,0.0114,0.0549,0,Corporate Bonds,Automotive,Corporate Bonds
Mercedes-Benz Group AG,portfolio_weight,GECO2022,NDC_LTS,Automotive,2023,0.2068,0.0114,0.0549,0,Corporate Bonds,Automotive,Corporate Bonds
Mercedes-Benz Group AG,portfolio_weight,GECO2022,Reference,Automotive,2023,0.2068,0.0114,0.0549,0,Corporate Bonds,Automotive,Corporate Bonds
Mercedes-Benz Group AG,portfolio_weight,WEO2022,APS,Automotive,2023,0.2068,0.0114,0.0549,0,Corporate Bonds,Automotive,Corporate Bonds
Mercedes-Benz Group AG,portfolio_weight,WEO2022,NZE_2050,Automotive,2023,0.2068,0.0114,0.0549,0,Corporate Bonds,Automotive,Corporate Bonds
Nuclear Power Corporation of India Ltd.,portfolio_weight,GECO2022,1.5C,Power,2023,1,0.0295,0.0295,0,Corporate Bonds,Power,Corporate Bonds
Nuclear Power Corporation of India Ltd.,portfolio_weight,GECO2022,NDC_LTS,Power,2023,1,0.0295,0.0295,0,Corporate Bonds,Power,Corporate Bonds
Nuclear Power Corporation of India Ltd.,portfolio_weight,GECO2022,Reference,Power,2023,1,0.0295,0.0295,0,Corporate Bonds,Power,Corporate Bonds
Nuclear Power Corporation of India Ltd.,portfolio_weight,ISF2021,NZE,Power,2023,1,0.0295,0.0295,0,Corporate Bonds,Power,Corporate Bonds
Nuclear Power Corporation of India Ltd.,portfolio_weight,WEO2022,APS,Power,2023,1,0.0295,0.0295,0,Corporate Bonds,Power,Corporate Bonds
Nuclear Power Corporation of India Ltd.,portfolio_weight,WEO2022,NZE_2050,Power,2023,1,0.0295,0.0295,0,Corporate Bonds,Power,Corporate Bonds
Nuclear Power Corporation of India Ltd.,portfolio_weight,WEO2022,STEPS,Power,2023,1,0.0295,0.0295,0,Corporate Bonds,Power,Corporate Bonds
"Puget Energy, Inc.",portfolio_weight,GECO2022,1.5C,Power,2023,0.3175,0.0011,0.0034,0,Corporate Bonds,Power,Corporate Bonds
"Puget Energy, Inc.",portfolio_weight,GECO2022,NDC_LTS,Power,2023,0.3175,0.0011,0.0034,0,Corporate Bonds,Power,Corporate Bonds
"Puget Energy, Inc.",portfolio_weight,GECO2022,Reference,Power,2023,0.3175,0.0011,0.0034,0,Corporate Bonds,Power,Corporate Bonds
"Puget Energy, Inc.",portfolio_weight,ISF2021,NZE,Power,2023,0.3175,0.0011,0.0034,0,Corporate Bonds,Power,Corporate Bonds
"Puget Energy, Inc.",portfolio_weight,WEO2022,APS,Power,2023,0.3175,0.0011,0.0034,0,Corporate Bonds,Power,Corporate Bonds
"Puget Energy, Inc.",portfolio_weight,WEO2022,NZE_2050,Power,2023,0.3175,0.0011,0.0034,0,Corporate Bonds,Power,Corporate Bonds
"Puget Energy, Inc.",portfolio_weight,WEO2022,STEPS,Power,2023,0.3175,0.0011,0.0034,0,Corporate Bonds,Power,Corporate Bonds
Stellantis NV,portfolio_weight,GECO2022,1.5C,Automotive,2023,0.123,0.0018,0.0146,0,Corporate Bonds,Automotive,Corporate Bonds
Stellantis NV,portfolio_weight,GECO2022,NDC_LTS,Automotive,2023,0.123,0.0018,0.0146,0,Corporate Bonds,Automotive,Corporate Bonds
Stellantis NV,portfolio_weight,GECO2022,Reference,Automotive,2023,0.123,0.0018,0.0146,0,Corporate Bonds,Automotive,Corporate Bonds
Stellantis NV,portfolio_weight,WEO2022,APS,Automotive,2023,0.123,0.0018,0.0146,0,Corporate Bonds,Automotive,Corporate Bonds
Stellantis NV,portfolio_weight,WEO2022,NZE_2050,Automotive,2023,0.123,0.0018,0.0146,0,Corporate Bonds,Automotive,Corporate Bonds
"Tohoku Electric Power Co., Inc.",portfolio_weight,GECO2022,1.5C,Power,2023,0.1038,0.0048,0.0458,0,Corporate Bonds,Power,Corporate Bonds
"Tohoku Electric Power Co., Inc.",portfolio_weight,GECO2022,NDC_LTS,Power,2023,0.1038,0.0048,0.0458,0,Corporate Bonds,Power,Corporate Bonds
"Tohoku Electric Power Co., Inc.",portfolio_weight,GECO2022,Reference,Power,2023,0.1038,0.0048,0.0458,0,Corporate Bonds,Power,Corporate Bonds
"Tohoku Electric Power Co., Inc.",portfolio_weight,ISF2021,NZE,Power,2023,0.1038,0.0048,0.0458,0,Corporate Bonds,Power,Corporate Bonds
"Tohoku Electric Power Co., Inc.",portfolio_weight,WEO2022,APS,Power,2023,0.1038,0.0048,0.0458,0,Corporate Bonds,Power,Corporate Bonds
"Tohoku Electric Power Co., Inc.",portfolio_weight,WEO2022,NZE_2050,Power,2023,0.1038,0.0048,0.0458,0,Corporate Bonds,Power,Corporate Bonds
"Tohoku Electric Power Co., Inc.",portfolio_weight,WEO2022,STEPS,Power,2023,0.1038,0.0048,0.0458,0,Corporate Bonds,Power,Corporate Bonds
