[{"asset_class":"Corporate Bonds","equity_market":"Global Market","portfolio_name":"Default Portfolio","this_portfolio":true,"ald_sector":"Power","technology":"RenewablesCap","plan_carsten":0.0019,"sector_sum":0.1248,"sector_prcnt":0.0154,"cumsum":0,"sector_cumprcnt":0,"green":true,"green_sum":0.081,"green_prcnt":0.6487,"asset_class_translation":"Corporate Bonds","equity_market_translation":"Global Market","ald_sector_translation":"Power","technology_translation":"Renewables","portfolio_name_translation":"Default Portfolio"},{"asset_class":"Corporate Bonds","equity_market":"Global Market","portfolio_name":"Default Portfolio","this_portfolio":true,"ald_sector":"Power","technology":"HydroCap","plan_carsten":0.0495,"sector_sum":0.1248,"sector_prcnt":0.3968,"cumsum":0.0019,"sector_cumprcnt":0.0154,"green":true,"green_sum":0.081,"green_prcnt":0.6487,"asset_class_translation":"Corporate Bonds","equity_market_translation":"Global Market","ald_sector_translation":"Power","technology_translation":"Hydropower","portfolio_name_translation":"Default Portfolio"},{"asset_class":"Corporate Bonds","equity_market":"Global Market","portfolio_name":"Default Portfolio","this_portfolio":true,"ald_sector":"Power","technology":"NuclearCap","plan_carsten":0.0295,"sector_sum":0.1248,"sector_prcnt":0.2365,"cumsum":0.0514,"sector_cumprcnt":0.4122,"green":true,"green_sum":0.081,"green_prcnt":0.6487,"asset_class_translation":"Corporate Bonds","equity_market_translation":"Global Market","ald_sector_translation":"Power","technology_translation":"Nuclear Power","portfolio_name_translation":"Default Portfolio"},{"asset_class":"Corporate Bonds","equity_market":"Global Market","portfolio_name":"Default Portfolio","this_portfolio":true,"ald_sector":"Power","technology":"GasCap","plan_carsten":0.0257,"sector_sum":0.1248,"sector_prcnt":0.2057,"cumsum":0.081,"sector_cumprcnt":0.6487,"green":false,"green_sum":0.0438,"green_prcnt":0.3513,"asset_class_translation":"Corporate Bonds","equity_market_translation":"Global Market","ald_sector_translation":"Power","technology_translation":"Gas Power","portfolio_name_translation":"Default Portfolio"},{"asset_class":"Corporate Bonds","equity_market":"Global Market","portfolio_name":"Default Portfolio","this_portfolio":true,"ald_sector":"Power","technology":"OilCap","plan_carsten":0.0039,"sector_sum":0.1248,"sector_prcnt":0.0315,"cumsum":0.1066,"sector_cumprcnt":0.8544,"green":false,"green_sum":0.0438,"green_prcnt":0.3513,"asset_class_translation":"Corporate Bonds","equity_market_translation":"Global Market","ald_sector_translation":"Power","technology_translation":"Oil Power","portfolio_name_translation":"Default Portfolio"},{"asset_class":"Corporate Bonds","equity_market":"Global Market","portfolio_name":"Default Portfolio","this_portfolio":true,"ald_sector":"Power","technology":"CoalCap","plan_carsten":0.0142,"sector_sum":0.1248,"sector_prcnt":0.1141,"cumsum":0.1105,"sector_cumprcnt":0.8859,"green":false,"green_sum":0.0438,"green_prcnt":0.3513,"asset_class_translation":"Corporate Bonds","equity_market_translation":"Global Market","ald_sector_translation":"Power","technology_translation":"Coal Power","portfolio_name_translation":"Default Portfolio"},{"asset_class":"Corporate Bonds","equity_market":"Global Market","portfolio_name":"Default Portfolio","this_portfolio":true,"ald_sector":"Automotive","technology":"Electric","plan_carsten":0.0062,"sector_sum":0.1016,"sector_prcnt":0.061,"cumsum":0,"sector_cumprcnt":0,"green":true,"green_sum":0.0108,"green_prcnt":0.1066,"asset_class_translation":"Corporate Bonds","equity_market_translation":"Global Market","ald_sector_translation":"Automotive","technology_translation":"LDV: Electric","portfolio_name_translation":"Default Portfolio"},{"asset_class":"Corporate Bonds","equity_market":"Global Market","portfolio_name":"Default Portfolio","this_portfolio":true,"ald_sector":"Automotive","technology":"FuelCell","plan_carsten":0,"sector_sum":0.1016,"sector_prcnt":0,"cumsum":0.0062,"sector_cumprcnt":0.061,"green":true,"green_sum":0.0108,"green_prcnt":0.1066,"asset_class_translation":"Corporate Bonds","equity_market_translation":"Global Market","ald_sector_translation":"Automotive","technology_translation":"LDV: Fuel Cell","portfolio_name_translation":"Default Portfolio"},{"asset_class":"Corporate Bonds","equity_market":"Global Market","portfolio_name":"Default Portfolio","this_portfolio":true,"ald_sector":"Automotive","technology":"Hybrid","plan_carsten":0.0046,"sector_sum":0.1016,"sector_prcnt":0.0456,"cumsum":0.0062,"sector_cumprcnt":0.061,"green":true,"green_sum":0.0108,"green_prcnt":0.1066,"asset_class_translation":"Corporate Bonds","equity_market_translation":"Global Market","ald_sector_translation":"Automotive","technology_translation":"LDV: Hybrid","portfolio_name_translation":"Default Portfolio"},{"asset_class":"Corporate Bonds","equity_market":"Global Market","portfolio_name":"Default Portfolio","this_portfolio":true,"ald_sector":"Automotive","technology":"ICE","plan_carsten":0.0908,"sector_sum":0.1016,"sector_prcnt":0.8934,"cumsum":0.0108,"sector_cumprcnt":0.1066,"green":false,"green_sum":0.0908,"green_prcnt":0.8934,"asset_class_translation":"Corporate Bonds","equity_market_translation":"Global Market","ald_sector_translation":"Automotive","technology_translation":"LDV: ICE","portfolio_name_translation":"Default Portfolio"},{"asset_class":"Corporate Bonds","equity_market":"Global Market","portfolio_name":"Default Portfolio","this_portfolio":true,"ald_sector":"Oil&Gas","technology":"Oil","plan_carsten":0.0514,"sector_sum":0.1016,"sector_prcnt":0.5056,"cumsum":0,"sector_cumprcnt":0,"green":false,"green_sum":0.1016,"green_prcnt":1,"asset_class_translation":"Corporate Bonds","equity_market_translation":"Global Market","ald_sector_translation":"Oil & Gas","technology_translation":"Oil","portfolio_name_translation":"Default Portfolio"},{"asset_class":"Corporate Bonds","equity_market":"Global Market","portfolio_name":"Default Portfolio","this_portfolio":true,"ald_sector":"Oil&Gas","technology":"Gas","plan_carsten":0.0503,"sector_sum":0.1016,"sector_prcnt":0.4944,"cumsum":0.0514,"sector_cumprcnt":0.5056,"green":false,"green_sum":0.1016,"green_prcnt":1,"asset_class_translation":"Corporate Bonds","equity_market_translation":"Global Market","ald_sector_translation":"Oil & Gas","technology_translation":"Gas","portfolio_name_translation":"Default Portfolio"},{"asset_class":"Corporate Bonds","equity_market":"Global Market","portfolio_name":"Default Portfolio","this_portfolio":true,"ald_sector":"Coal","technology":"Coal","plan_carsten":0.1118,"sector_sum":0.1118,"sector_prcnt":1,"cumsum":0,"sector_cumprcnt":0,"green":false,"green_sum":0.1118,"green_prcnt":1,"asset_class_translation":"Corporate Bonds","equity_market_translation":"Global Market","ald_sector_translation":"Coal","technology_translation":"Coal","portfolio_name_translation":"Default Portfolio"},{"asset_class":"Corporate Bonds","equity_market":"Global Market","portfolio_name":"Default Portfolio","this_portfolio":true,"ald_sector":"Cement","technology":"Integrated facility","plan_carsten":0.0584,"sector_sum":0.0584,"sector_prcnt":1,"cumsum":0,"sector_cumprcnt":0,"green":false,"green_sum":0.0584,"green_prcnt":1,"asset_class_translation":"Corporate Bonds","equity_market_translation":"Global Market","ald_sector_translation":"Cement","technology_translation":"Integrated facility","portfolio_name_translation":"Default Portfolio"},{"asset_class":"Corporate Bonds","equity_market":"Global Market","portfolio_name":"Default Portfolio","this_portfolio":true,"ald_sector":"Steel","technology":"Electric Arc Furnace","plan_carsten":0.0146,"sector_sum":0.1057,"sector_prcnt":0.1382,"cumsum":0,"sector_cumprcnt":0,"green":true,"green_sum":0.0146,"green_prcnt":0.1382,"asset_class_translation":"Corporate Bonds","equity_market_translation":"Global Market","ald_sector_translation":"Steel","technology_translation":"Electric Arc Furnace","portfolio_name_translation":"Default Portfolio"},{"asset_class":"Corporate Bonds","equity_market":"Global Market","portfolio_name":"Default Portfolio","this_portfolio":true,"ald_sector":"Steel","technology":"Open Hearth Furnace","plan_carsten":0,"sector_sum":0.1057,"sector_prcnt":0,"cumsum":0.0146,"sector_cumprcnt":0.1382,"green":false,"green_sum":0.0911,"green_prcnt":0.8618,"asset_class_translation":"Corporate Bonds","equity_market_translation":"Global Market","ald_sector_translation":"Steel","technology_translation":"Open Hearth Furnace","portfolio_name_translation":"Default Portfolio"},{"asset_class":"Corporate Bonds","equity_market":"Global Market","portfolio_name":"Default Portfolio","this_portfolio":true,"ald_sector":"Steel","technology":"Basic Oxygen Furnace","plan_carsten":0.0911,"sector_sum":0.1057,"sector_prcnt":0.8618,"cumsum":0.0146,"sector_cumprcnt":0.1382,"green":false,"green_sum":0.0911,"green_prcnt":0.8618,"asset_class_translation":"Corporate Bonds","equity_market_translation":"Global Market","ald_sector_translation":"Steel","technology_translation":"Basic Oxygen Furnace","portfolio_name_translation":"Default Portfolio"},{"asset_class":"Corporate Bonds","equity_market":"Global Market","portfolio_name":"Default Portfolio","this_portfolio":true,"ald_sector":"Aviation","technology":"Freight","plan_carsten":0.0652,"sector_sum":0.1075,"sector_prcnt":0.6067,"cumsum":0,"sector_cumprcnt":0,"green":false,"green_sum":0.1075,"green_prcnt":1,"asset_class_translation":"Corporate Bonds","equity_market_translation":"Global Market","ald_sector_translation":"Aviation","technology_translation":"Freight","portfolio_name_translation":"Default Portfolio"},{"asset_class":"Corporate Bonds","equity_market":"Global Market","portfolio_name":"Default Portfolio","this_portfolio":true,"ald_sector":"Aviation","technology":"Passenger","plan_carsten":0.0423,"sector_sum":0.1075,"sector_prcnt":0.3933,"cumsum":0.0652,"sector_cumprcnt":0.6067,"green":false,"green_sum":0.1075,"green_prcnt":1,"asset_class_translation":"Corporate Bonds","equity_market_translation":"Global Market","ald_sector_translation":"Aviation","technology_translation":"Passenger","portfolio_name_translation":"Default Portfolio"},{"asset_class":"Corporate Bonds","equity_market":"Global Market","portfolio_name":"iShares Global Corp Bond UCITS ETF","this_portfolio":false,"ald_sector":"Power","technology":"RenewablesCap","plan_carsten":0.0094,"sector_sum":0.0442,"sector_prcnt":0.2132,"cumsum":0,"sector_cumprcnt":0,"green":true,"green_sum":0.0178,"green_prcnt":0.4025,"asset_class_translation":"Corporate Bonds","equity_market_translation":"Global Market","ald_sector_translation":"Power","technology_translation":"Renewables","portfolio_name_translation":"iShares Global Corp Bond UCITS ETF"},{"asset_class":"Corporate Bonds","equity_market":"Global Market","portfolio_name":"iShares Global Corp Bond UCITS ETF","this_portfolio":false,"ald_sector":"Power","technology":"HydroCap","plan_carsten":0.0047,"sector_sum":0.0442,"sector_prcnt":0.1074,"cumsum":0.0094,"sector_cumprcnt":0.2132,"green":true,"green_sum":0.0178,"green_prcnt":0.4025,"asset_class_translation":"Corporate Bonds","equity_market_translation":"Global Market","ald_sector_translation":"Power","technology_translation":"Hydropower","portfolio_name_translation":"iShares Global Corp Bond UCITS ETF"},{"asset_class":"Corporate Bonds","equity_market":"Global Market","portfolio_name":"iShares Global Corp Bond UCITS ETF","this_portfolio":false,"ald_sector":"Power","technology":"NuclearCap","plan_carsten":0.0036,"sector_sum":0.0442,"sector_prcnt":0.0819,"cumsum":0.0142,"sector_cumprcnt":0.3206,"green":true,"green_sum":0.0178,"green_prcnt":0.4025,"asset_class_translation":"Corporate Bonds","equity_market_translation":"Global Market","ald_sector_translation":"Power","technology_translation":"Nuclear Power","portfolio_name_translation":"iShares Global Corp Bond UCITS ETF"},{"asset_class":"Corporate Bonds","equity_market":"Global Market","portfolio_name":"iShares Global Corp Bond UCITS ETF","this_portfolio":false,"ald_sector":"Power","technology":"GasCap","plan_carsten":0.0164,"sector_sum":0.0442,"sector_prcnt":0.3714,"cumsum":0.0178,"sector_cumprcnt":0.4025,"green":false,"green_sum":0.0264,"green_prcnt":0.5975,"asset_class_translation":"Corporate Bonds","equity_market_translation":"Global Market","ald_sector_translation":"Power","technology_translation":"Gas Power","portfolio_name_translation":"iShares Global Corp Bond UCITS ETF"},{"asset_class":"Corporate Bonds","equity_market":"Global Market","portfolio_name":"iShares Global Corp Bond UCITS ETF","this_portfolio":false,"ald_sector":"Power","technology":"OilCap","plan_carsten":0.0022,"sector_sum":0.0442,"sector_prcnt":0.0503,"cumsum":0.0342,"sector_cumprcnt":0.7739,"green":false,"green_sum":0.0264,"green_prcnt":0.5975,"asset_class_translation":"Corporate Bonds","equity_market_translation":"Global Market","ald_sector_translation":"Power","technology_translation":"Oil Power","portfolio_name_translation":"iShares Global Corp Bond UCITS ETF"},{"asset_class":"Corporate Bonds","equity_market":"Global Market","portfolio_name":"iShares Global Corp Bond UCITS ETF","this_portfolio":false,"ald_sector":"Power","technology":"CoalCap","plan_carsten":0.0078,"sector_sum":0.0442,"sector_prcnt":0.1758,"cumsum":0.0364,"sector_cumprcnt":0.8242,"green":false,"green_sum":0.0264,"green_prcnt":0.5975,"asset_class_translation":"Corporate Bonds","equity_market_translation":"Global Market","ald_sector_translation":"Power","technology_translation":"Coal Power","portfolio_name_translation":"iShares Global Corp Bond UCITS ETF"},{"asset_class":"Corporate Bonds","equity_market":"Global Market","portfolio_name":"iShares Global Corp Bond UCITS ETF","this_portfolio":false,"ald_sector":"Automotive","technology":"Electric","plan_carsten":0.0002,"sector_sum":0.0055,"sector_prcnt":0.0443,"cumsum":0,"sector_cumprcnt":0,"green":true,"green_sum":0.0004,"green_prcnt":0.0689,"asset_class_translation":"Corporate Bonds","equity_market_translation":"Global Market","ald_sector_translation":"Automotive","technology_translation":"LDV: Electric","portfolio_name_translation":"iShares Global Corp Bond UCITS ETF"},{"asset_class":"Corporate Bonds","equity_market":"Global Market","portfolio_name":"iShares Global Corp Bond UCITS ETF","this_portfolio":false,"ald_sector":"Automotive","technology":"FuelCell","plan_carsten":1.8042e-07,"sector_sum":0.0055,"sector_prcnt":0,"cumsum":0.0002,"sector_cumprcnt":0.0443,"green":true,"green_sum":0.0004,"green_prcnt":0.0689,"asset_class_translation":"Corporate Bonds","equity_market_translation":"Global Market","ald_sector_translation":"Automotive","technology_translation":"LDV: Fuel Cell","portfolio_name_translation":"iShares Global Corp Bond UCITS ETF"},{"asset_class":"Corporate Bonds","equity_market":"Global Market","portfolio_name":"iShares Global Corp Bond UCITS ETF","this_portfolio":false,"ald_sector":"Automotive","technology":"Hybrid","plan_carsten":0.0001,"sector_sum":0.0055,"sector_prcnt":0.0246,"cumsum":0.0002,"sector_cumprcnt":0.0443,"green":true,"green_sum":0.0004,"green_prcnt":0.0689,"asset_class_translation":"Corporate Bonds","equity_market_translation":"Global Market","ald_sector_translation":"Automotive","technology_translation":"LDV: Hybrid","portfolio_name_translation":"iShares Global Corp Bond UCITS ETF"},{"asset_class":"Corporate Bonds","equity_market":"Global Market","portfolio_name":"iShares Global Corp Bond UCITS ETF","this_portfolio":false,"ald_sector":"Automotive","technology":"ICE","plan_carsten":0.0052,"sector_sum":0.0055,"sector_prcnt":0.9311,"cumsum":0.0004,"sector_cumprcnt":0.0689,"green":false,"green_sum":0.0052,"green_prcnt":0.9311,"asset_class_translation":"Corporate Bonds","equity_market_translation":"Global Market","ald_sector_translation":"Automotive","technology_translation":"LDV: ICE","portfolio_name_translation":"iShares Global Corp Bond UCITS ETF"},{"asset_class":"Corporate Bonds","equity_market":"Global Market","portfolio_name":"iShares Global Corp Bond UCITS ETF","this_portfolio":false,"ald_sector":"Oil&Gas","technology":"Oil","plan_carsten":0.0136,"sector_sum":0.0259,"sector_prcnt":0.5269,"cumsum":0,"sector_cumprcnt":0,"green":false,"green_sum":0.0259,"green_prcnt":1,"asset_class_translation":"Corporate Bonds","equity_market_translation":"Global Market","ald_sector_translation":"Oil & Gas","technology_translation":"Oil","portfolio_name_translation":"iShares Global Corp Bond UCITS ETF"},{"asset_class":"Corporate Bonds","equity_market":"Global Market","portfolio_name":"iShares Global Corp Bond UCITS ETF","this_portfolio":false,"ald_sector":"Oil&Gas","technology":"Gas","plan_carsten":0.0122,"sector_sum":0.0259,"sector_prcnt":0.4731,"cumsum":0.0136,"sector_cumprcnt":0.5269,"green":false,"green_sum":0.0259,"green_prcnt":1,"asset_class_translation":"Corporate Bonds","equity_market_translation":"Global Market","ald_sector_translation":"Oil & Gas","technology_translation":"Gas","portfolio_name_translation":"iShares Global Corp Bond UCITS ETF"},{"asset_class":"Corporate Bonds","equity_market":"Global Market","portfolio_name":"iShares Global Corp Bond UCITS ETF","this_portfolio":false,"ald_sector":"Coal","technology":"Coal","plan_carsten":0.0022,"sector_sum":0.0022,"sector_prcnt":1,"cumsum":0,"sector_cumprcnt":0,"green":false,"green_sum":0.0022,"green_prcnt":1,"asset_class_translation":"Corporate Bonds","equity_market_translation":"Global Market","ald_sector_translation":"Coal","technology_translation":"Coal","portfolio_name_translation":"iShares Global Corp Bond UCITS ETF"},{"asset_class":"Corporate Bonds","equity_market":"Global Market","portfolio_name":"iShares Global Corp Bond UCITS ETF","this_portfolio":false,"ald_sector":"Cement","technology":"Integrated facility","plan_carsten":0.0024,"sector_sum":0.0024,"sector_prcnt":1,"cumsum":0,"sector_cumprcnt":0,"green":false,"green_sum":0.0024,"green_prcnt":1,"asset_class_translation":"Corporate Bonds","equity_market_translation":"Global Market","ald_sector_translation":"Cement","technology_translation":"Integrated facility","portfolio_name_translation":"iShares Global Corp Bond UCITS ETF"},{"asset_class":"Corporate Bonds","equity_market":"Global Market","portfolio_name":"iShares Global Corp Bond UCITS ETF","this_portfolio":false,"ald_sector":"Steel","technology":"Electric Arc Furnace","plan_carsten":0.0008,"sector_sum":0.0015,"sector_prcnt":0.5491,"cumsum":0,"sector_cumprcnt":0,"green":true,"green_sum":0.0008,"green_prcnt":0.5491,"asset_class_translation":"Corporate Bonds","equity_market_translation":"Global Market","ald_sector_translation":"Steel","technology_translation":"Electric Arc Furnace","portfolio_name_translation":"iShares Global Corp Bond UCITS ETF"},{"asset_class":"Corporate Bonds","equity_market":"Global Market","portfolio_name":"iShares Global Corp Bond UCITS ETF","this_portfolio":false,"ald_sector":"Steel","technology":"Open Hearth Furnace","plan_carsten":0,"sector_sum":0.0015,"sector_prcnt":0,"cumsum":0.0008,"sector_cumprcnt":0.5491,"green":false,"green_sum":0.0007,"green_prcnt":0.4509,"asset_class_translation":"Corporate Bonds","equity_market_translation":"Global Market","ald_sector_translation":"Steel","technology_translation":"Open Hearth Furnace","portfolio_name_translation":"iShares Global Corp Bond UCITS ETF"},{"asset_class":"Corporate Bonds","equity_market":"Global Market","portfolio_name":"iShares Global Corp Bond UCITS ETF","this_portfolio":false,"ald_sector":"Steel","technology":"Basic Oxygen Furnace","plan_carsten":0.0007,"sector_sum":0.0015,"sector_prcnt":0.4509,"cumsum":0.0008,"sector_cumprcnt":0.5491,"green":false,"green_sum":0.0007,"green_prcnt":0.4509,"asset_class_translation":"Corporate Bonds","equity_market_translation":"Global Market","ald_sector_translation":"Steel","technology_translation":"Basic Oxygen Furnace","portfolio_name_translation":"iShares Global Corp Bond UCITS ETF"},{"asset_class":"Corporate Bonds","equity_market":"Global Market","portfolio_name":"iShares Global Corp Bond UCITS ETF","this_portfolio":false,"ald_sector":"Aviation","technology":"Freight","plan_carsten":0.0034,"sector_sum":0.0052,"sector_prcnt":0.6657,"cumsum":0,"sector_cumprcnt":0,"green":false,"green_sum":0.0052,"green_prcnt":1,"asset_class_translation":"Corporate Bonds","equity_market_translation":"Global Market","ald_sector_translation":"Aviation","technology_translation":"Freight","portfolio_name_translation":"iShares Global Corp Bond UCITS ETF"},{"asset_class":"Corporate Bonds","equity_market":"Global Market","portfolio_name":"iShares Global Corp Bond UCITS ETF","this_portfolio":false,"ald_sector":"Aviation","technology":"Passenger","plan_carsten":0.0017,"sector_sum":0.0052,"sector_prcnt":0.3343,"cumsum":0.0034,"sector_cumprcnt":0.6657,"green":false,"green_sum":0.0052,"green_prcnt":1,"asset_class_translation":"Corporate Bonds","equity_market_translation":"Global Market","ald_sector_translation":"Aviation","technology_translation":"Passenger","portfolio_name_translation":"iShares Global Corp Bond UCITS ETF"},{"asset_class":"Listed Equity","equity_market":"Global Market","portfolio_name":"Default Portfolio","this_portfolio":true,"ald_sector":"Power","technology":"RenewablesCap","plan_carsten":0.0782,"sector_sum":0.1306,"sector_prcnt":0.5983,"cumsum":0,"sector_cumprcnt":0,"green":true,"green_sum":0.0916,"green_prcnt":0.7013,"asset_class_translation":"Listed Equity","equity_market_translation":"Global Market","ald_sector_translation":"Power","technology_translation":"Renewables","portfolio_name_translation":"Default Portfolio"},{"asset_class":"Listed Equity","equity_market":"Global Market","portfolio_name":"Default Portfolio","this_portfolio":true,"ald_sector":"Power","technology":"HydroCap","plan_carsten":0.0134,"sector_sum":0.1306,"sector_prcnt":0.103,"cumsum":0.0782,"sector_cumprcnt":0.5983,"green":true,"green_sum":0.0916,"green_prcnt":0.7013,"asset_class_translation":"Listed Equity","equity_market_translation":"Global Market","ald_sector_translation":"Power","technology_translation":"Hydropower","portfolio_name_translation":"Default Portfolio"},{"asset_class":"Listed Equity","equity_market":"Global Market","portfolio_name":"Default Portfolio","this_portfolio":true,"ald_sector":"Power","technology":"NuclearCap","plan_carsten":0,"sector_sum":0.1306,"sector_prcnt":0,"cumsum":0.0916,"sector_cumprcnt":0.7013,"green":true,"green_sum":0.0916,"green_prcnt":0.7013,"asset_class_translation":"Listed Equity","equity_market_translation":"Global Market","ald_sector_translation":"Power","technology_translation":"Nuclear Power","portfolio_name_translation":"Default Portfolio"},{"asset_class":"Listed Equity","equity_market":"Global Market","portfolio_name":"Default Portfolio","this_portfolio":true,"ald_sector":"Power","technology":"GasCap","plan_carsten":0.0143,"sector_sum":0.1306,"sector_prcnt":0.1097,"cumsum":0.0916,"sector_cumprcnt":0.7013,"green":false,"green_sum":0.039,"green_prcnt":0.2987,"asset_class_translation":"Listed Equity","equity_market_translation":"Global Market","ald_sector_translation":"Power","technology_translation":"Gas Power","portfolio_name_translation":"Default Portfolio"},{"asset_class":"Listed Equity","equity_market":"Global Market","portfolio_name":"Default Portfolio","this_portfolio":true,"ald_sector":"Power","technology":"OilCap","plan_carsten":0.0078,"sector_sum":0.1306,"sector_prcnt":0.0599,"cumsum":0.1059,"sector_cumprcnt":0.811,"green":false,"green_sum":0.039,"green_prcnt":0.2987,"asset_class_translation":"Listed Equity","equity_market_translation":"Global Market","ald_sector_translation":"Power","technology_translation":"Oil Power","portfolio_name_translation":"Default Portfolio"},{"asset_class":"Listed Equity","equity_market":"Global Market","portfolio_name":"Default Portfolio","this_portfolio":true,"ald_sector":"Power","technology":"CoalCap","plan_carsten":0.0169,"sector_sum":0.1306,"sector_prcnt":0.1291,"cumsum":0.1138,"sector_cumprcnt":0.8709,"green":false,"green_sum":0.039,"green_prcnt":0.2987,"asset_class_translation":"Listed Equity","equity_market_translation":"Global Market","ald_sector_translation":"Power","technology_translation":"Coal Power","portfolio_name_translation":"Default Portfolio"},{"asset_class":"Listed Equity","equity_market":"Global Market","portfolio_name":"Default Portfolio","this_portfolio":true,"ald_sector":"Automotive","technology":"Electric","plan_carsten":0.011,"sector_sum":0.1226,"sector_prcnt":0.0898,"cumsum":0,"sector_cumprcnt":0,"green":true,"green_sum":0.0184,"green_prcnt":0.1501,"asset_class_translation":"Listed Equity","equity_market_translation":"Global Market","ald_sector_translation":"Automotive","technology_translation":"LDV: Electric","portfolio_name_translation":"Default Portfolio"},{"asset_class":"Listed Equity","equity_market":"Global Market","portfolio_name":"Default Portfolio","this_portfolio":true,"ald_sector":"Automotive","technology":"FuelCell","plan_carsten":0.0001,"sector_sum":0.1226,"sector_prcnt":0.0007,"cumsum":0.011,"sector_cumprcnt":0.0898,"green":true,"green_sum":0.0184,"green_prcnt":0.1501,"asset_class_translation":"Listed Equity","equity_market_translation":"Global Market","ald_sector_translation":"Automotive","technology_translation":"LDV: Fuel Cell","portfolio_name_translation":"Default Portfolio"},{"asset_class":"Listed Equity","equity_market":"Global Market","portfolio_name":"Default Portfolio","this_portfolio":true,"ald_sector":"Automotive","technology":"Hybrid","plan_carsten":0.0073,"sector_sum":0.1226,"sector_prcnt":0.0597,"cumsum":0.0111,"sector_cumprcnt":0.0904,"green":true,"green_sum":0.0184,"green_prcnt":0.1501,"asset_class_translation":"Listed Equity","equity_market_translation":"Global Market","ald_sector_translation":"Automotive","technology_translation":"LDV: Hybrid","portfolio_name_translation":"Default Portfolio"},{"asset_class":"Listed Equity","equity_market":"Global Market","portfolio_name":"Default Portfolio","this_portfolio":true,"ald_sector":"Automotive","technology":"ICE","plan_carsten":0.1042,"sector_sum":0.1226,"sector_prcnt":0.8499,"cumsum":0.0184,"sector_cumprcnt":0.1501,"green":false,"green_sum":0.1042,"green_prcnt":0.8499,"asset_class_translation":"Listed Equity","equity_market_translation":"Global Market","ald_sector_translation":"Automotive","technology_translation":"LDV: ICE","portfolio_name_translation":"Default Portfolio"},{"asset_class":"Listed Equity","equity_market":"Global Market","portfolio_name":"Default Portfolio","this_portfolio":true,"ald_sector":"Oil&Gas","technology":"Oil","plan_carsten":0.0457,"sector_sum":0.0589,"sector_prcnt":0.7763,"cumsum":0,"sector_cumprcnt":0,"green":false,"green_sum":0.0589,"green_prcnt":1,"asset_class_translation":"Listed Equity","equity_market_translation":"Global Market","ald_sector_translation":"Oil & Gas","technology_translation":"Oil","portfolio_name_translation":"Default Portfolio"},{"asset_class":"Listed Equity","equity_market":"Global Market","portfolio_name":"Default Portfolio","this_portfolio":true,"ald_sector":"Oil&Gas","technology":"Gas","plan_carsten":0.0132,"sector_sum":0.0589,"sector_prcnt":0.2237,"cumsum":0.0457,"sector_cumprcnt":0.7763,"green":false,"green_sum":0.0589,"green_prcnt":1,"asset_class_translation":"Listed Equity","equity_market_translation":"Global Market","ald_sector_translation":"Oil & Gas","technology_translation":"Gas","portfolio_name_translation":"Default Portfolio"},{"asset_class":"Listed Equity","equity_market":"Global Market","portfolio_name":"Default Portfolio","this_portfolio":true,"ald_sector":"Coal","technology":"Coal","plan_carsten":0.0524,"sector_sum":0.0524,"sector_prcnt":1,"cumsum":0,"sector_cumprcnt":0,"green":false,"green_sum":0.0524,"green_prcnt":1,"asset_class_translation":"Listed Equity","equity_market_translation":"Global Market","ald_sector_translation":"Coal","technology_translation":"Coal","portfolio_name_translation":"Default Portfolio"},{"asset_class":"Listed Equity","equity_market":"Global Market","portfolio_name":"Default Portfolio","this_portfolio":true,"ald_sector":"Cement","technology":"Integrated facility","plan_carsten":0.1165,"sector_sum":0.1165,"sector_prcnt":1,"cumsum":0,"sector_cumprcnt":0,"green":false,"green_sum":0.1165,"green_prcnt":1,"asset_class_translation":"Listed Equity","equity_market_translation":"Global Market","ald_sector_translation":"Cement","technology_translation":"Integrated facility","portfolio_name_translation":"Default Portfolio"},{"asset_class":"Listed Equity","equity_market":"Global Market","portfolio_name":"Default Portfolio","this_portfolio":true,"ald_sector":"Steel","technology":"Electric Arc Furnace","plan_carsten":0.0962,"sector_sum":0.115,"sector_prcnt":0.8363,"cumsum":0,"sector_cumprcnt":0,"green":true,"green_sum":0.0962,"green_prcnt":0.8363,"asset_class_translation":"Listed Equity","equity_market_translation":"Global Market","ald_sector_translation":"Steel","technology_translation":"Electric Arc Furnace","portfolio_name_translation":"Default Portfolio"},{"asset_class":"Listed Equity","equity_market":"Global Market","portfolio_name":"Default Portfolio","this_portfolio":true,"ald_sector":"Steel","technology":"Open Hearth Furnace","plan_carsten":0,"sector_sum":0.115,"sector_prcnt":0,"cumsum":0.0962,"sector_cumprcnt":0.8363,"green":false,"green_sum":0.0188,"green_prcnt":0.1637,"asset_class_translation":"Listed Equity","equity_market_translation":"Global Market","ald_sector_translation":"Steel","technology_translation":"Open Hearth Furnace","portfolio_name_translation":"Default Portfolio"},{"asset_class":"Listed Equity","equity_market":"Global Market","portfolio_name":"Default Portfolio","this_portfolio":true,"ald_sector":"Steel","technology":"Basic Oxygen Furnace","plan_carsten":0.0188,"sector_sum":0.115,"sector_prcnt":0.1637,"cumsum":0.0962,"sector_cumprcnt":0.8363,"green":false,"green_sum":0.0188,"green_prcnt":0.1637,"asset_class_translation":"Listed Equity","equity_market_translation":"Global Market","ald_sector_translation":"Steel","technology_translation":"Basic Oxygen Furnace","portfolio_name_translation":"Default Portfolio"},{"asset_class":"Listed Equity","equity_market":"Global Market","portfolio_name":"Default Portfolio","this_portfolio":true,"ald_sector":"Aviation","technology":"Freight","plan_carsten":0.0007,"sector_sum":0.0962,"sector_prcnt":0.0074,"cumsum":0,"sector_cumprcnt":0,"green":false,"green_sum":0.0962,"green_prcnt":1,"asset_class_translation":"Listed Equity","equity_market_translation":"Global Market","ald_sector_translation":"Aviation","technology_translation":"Freight","portfolio_name_translation":"Default Portfolio"},{"asset_class":"Listed Equity","equity_market":"Global Market","portfolio_name":"Default Portfolio","this_portfolio":true,"ald_sector":"Aviation","technology":"Passenger","plan_carsten":0.0955,"sector_sum":0.0962,"sector_prcnt":0.9926,"cumsum":0.0007,"sector_cumprcnt":0.0074,"green":false,"green_sum":0.0962,"green_prcnt":1,"asset_class_translation":"Listed Equity","equity_market_translation":"Global Market","ald_sector_translation":"Aviation","technology_translation":"Passenger","portfolio_name_translation":"Default Portfolio"},{"asset_class":"Listed Equity","equity_market":"Global Market","portfolio_name":"iShares Core S&P 500 ETF","this_portfolio":false,"ald_sector":"Power","technology":"RenewablesCap","plan_carsten":0.0077,"sector_sum":0.0351,"sector_prcnt":0.2183,"cumsum":0,"sector_cumprcnt":0,"green":true,"green_sum":0.0129,"green_prcnt":0.3673,"asset_class_translation":"Listed Equity","equity_market_translation":"Global Market","ald_sector_translation":"Power","technology_translation":"Renewables","portfolio_name_translation":"iShares Core S&P 500 ETF"},{"asset_class":"Listed Equity","equity_market":"Global Market","portfolio_name":"iShares Core S&P 500 ETF","this_portfolio":false,"ald_sector":"Power","technology":"HydroCap","plan_carsten":0.0015,"sector_sum":0.0351,"sector_prcnt":0.042,"cumsum":0.0077,"sector_cumprcnt":0.2183,"green":true,"green_sum":0.0129,"green_prcnt":0.3673,"asset_class_translation":"Listed Equity","equity_market_translation":"Global Market","ald_sector_translation":"Power","technology_translation":"Hydropower","portfolio_name_translation":"iShares Core S&P 500 ETF"},{"asset_class":"Listed Equity","equity_market":"Global Market","portfolio_name":"iShares Core S&P 500 ETF","this_portfolio":false,"ald_sector":"Power","technology":"NuclearCap","plan_carsten":0.0038,"sector_sum":0.0351,"sector_prcnt":0.1071,"cumsum":0.0091,"sector_cumprcnt":0.2602,"green":true,"green_sum":0.0129,"green_prcnt":0.3673,"asset_class_translation":"Listed Equity","equity_market_translation":"Global Market","ald_sector_translation":"Power","technology_translation":"Nuclear Power","portfolio_name_translation":"iShares Core S&P 500 ETF"},{"asset_class":"Listed Equity","equity_market":"Global Market","portfolio_name":"iShares Core S&P 500 ETF","this_portfolio":false,"ald_sector":"Power","technology":"GasCap","plan_carsten":0.0143,"sector_sum":0.0351,"sector_prcnt":0.4088,"cumsum":0.0129,"sector_cumprcnt":0.3673,"green":false,"green_sum":0.0222,"green_prcnt":0.6327,"asset_class_translation":"Listed Equity","equity_market_translation":"Global Market","ald_sector_translation":"Power","technology_translation":"Gas Power","portfolio_name_translation":"iShares Core S&P 500 ETF"},{"asset_class":"Listed Equity","equity_market":"Global Market","portfolio_name":"iShares Core S&P 500 ETF","this_portfolio":false,"ald_sector":"Power","technology":"OilCap","plan_carsten":0.0014,"sector_sum":0.0351,"sector_prcnt":0.0407,"cumsum":0.0272,"sector_cumprcnt":0.7761,"green":false,"green_sum":0.0222,"green_prcnt":0.6327,"asset_class_translation":"Listed Equity","equity_market_translation":"Global Market","ald_sector_translation":"Power","technology_translation":"Oil Power","portfolio_name_translation":"iShares Core S&P 500 ETF"},{"asset_class":"Listed Equity","equity_market":"Global Market","portfolio_name":"iShares Core S&P 500 ETF","this_portfolio":false,"ald_sector":"Power","technology":"CoalCap","plan_carsten":0.0064,"sector_sum":0.0351,"sector_prcnt":0.1832,"cumsum":0.0287,"sector_cumprcnt":0.8168,"green":false,"green_sum":0.0222,"green_prcnt":0.6327,"asset_class_translation":"Listed Equity","equity_market_translation":"Global Market","ald_sector_translation":"Power","technology_translation":"Coal Power","portfolio_name_translation":"iShares Core S&P 500 ETF"},{"asset_class":"Listed Equity","equity_market":"Global Market","portfolio_name":"iShares Core S&P 500 ETF","this_portfolio":false,"ald_sector":"Automotive","technology":"Electric","plan_carsten":0.0105,"sector_sum":0.0133,"sector_prcnt":0.7902,"cumsum":0,"sector_cumprcnt":0,"green":true,"green_sum":0.0105,"green_prcnt":0.7942,"asset_class_translation":"Listed Equity","equity_market_translation":"Global Market","ald_sector_translation":"Automotive","technology_translation":"LDV: Electric","portfolio_name_translation":"iShares Core S&P 500 ETF"},{"asset_class":"Listed Equity","equity_market":"Global Market","portfolio_name":"iShares Core S&P 500 ETF","this_portfolio":false,"ald_sector":"Automotive","technology":"FuelCell","plan_carsten":0,"sector_sum":0.0133,"sector_prcnt":0,"cumsum":0.0105,"sector_cumprcnt":0.7902,"green":true,"green_sum":0.0105,"green_prcnt":0.7942,"asset_class_translation":"Listed Equity","equity_market_translation":"Global Market","ald_sector_translation":"Automotive","technology_translation":"LDV: Fuel Cell","portfolio_name_translation":"iShares Core S&P 500 ETF"},{"asset_class":"Listed Equity","equity_market":"Global Market","portfolio_name":"iShares Core S&P 500 ETF","this_portfolio":false,"ald_sector":"Automotive","technology":"Hybrid","plan_carsten":0.0001,"sector_sum":0.0133,"sector_prcnt":0.004,"cumsum":0.0105,"sector_cumprcnt":0.7902,"green":true,"green_sum":0.0105,"green_prcnt":0.7942,"asset_class_translation":"Listed Equity","equity_market_translation":"Global Market","ald_sector_translation":"Automotive","technology_translation":"LDV: Hybrid","portfolio_name_translation":"iShares Core S&P 500 ETF"},{"asset_class":"Listed Equity","equity_market":"Global Market","portfolio_name":"iShares Core S&P 500 ETF","this_portfolio":false,"ald_sector":"Automotive","technology":"ICE","plan_carsten":0.0027,"sector_sum":0.0133,"sector_prcnt":0.2058,"cumsum":0.0105,"sector_cumprcnt":0.7942,"green":false,"green_sum":0.0027,"green_prcnt":0.2058,"asset_class_translation":"Listed Equity","equity_market_translation":"Global Market","ald_sector_translation":"Automotive","technology_translation":"LDV: ICE","portfolio_name_translation":"iShares Core S&P 500 ETF"},{"asset_class":"Listed Equity","equity_market":"Global Market","portfolio_name":"iShares Core S&P 500 ETF","this_portfolio":false,"ald_sector":"Oil&Gas","technology":"Oil","plan_carsten":0.0212,"sector_sum":0.0384,"sector_prcnt":0.5524,"cumsum":0,"sector_cumprcnt":0,"green":false,"green_sum":0.0384,"green_prcnt":1,"asset_class_translation":"Listed Equity","equity_market_translation":"Global Market","ald_sector_translation":"Oil & Gas","technology_translation":"Oil","portfolio_name_translation":"iShares Core S&P 500 ETF"},{"asset_class":"Listed Equity","equity_market":"Global Market","portfolio_name":"iShares Core S&P 500 ETF","this_portfolio":false,"ald_sector":"Oil&Gas","technology":"Gas","plan_carsten":0.0172,"sector_sum":0.0384,"sector_prcnt":0.4476,"cumsum":0.0212,"sector_cumprcnt":0.5524,"green":false,"green_sum":0.0384,"green_prcnt":1,"asset_class_translation":"Listed Equity","equity_market_translation":"Global Market","ald_sector_translation":"Oil & Gas","technology_translation":"Gas","portfolio_name_translation":"iShares Core S&P 500 ETF"},{"asset_class":"Listed Equity","equity_market":"Global Market","portfolio_name":"iShares Core S&P 500 ETF","this_portfolio":false,"ald_sector":"Cement","technology":"Integrated facility","plan_carsten":0.0007,"sector_sum":0.0007,"sector_prcnt":1,"cumsum":0,"sector_cumprcnt":0,"green":false,"green_sum":0.0007,"green_prcnt":1,"asset_class_translation":"Listed Equity","equity_market_translation":"Global Market","ald_sector_translation":"Cement","technology_translation":"Integrated facility","portfolio_name_translation":"iShares Core S&P 500 ETF"},{"asset_class":"Listed Equity","equity_market":"Global Market","portfolio_name":"iShares Core S&P 500 ETF","this_portfolio":false,"ald_sector":"Steel","technology":"Electric Arc Furnace","plan_carsten":0.0016,"sector_sum":0.0016,"sector_prcnt":1,"cumsum":0,"sector_cumprcnt":0,"green":true,"green_sum":0.0016,"green_prcnt":1,"asset_class_translation":"Listed Equity","equity_market_translation":"Global Market","ald_sector_translation":"Steel","technology_translation":"Electric Arc Furnace","portfolio_name_translation":"iShares Core S&P 500 ETF"},{"asset_class":"Listed Equity","equity_market":"Global Market","portfolio_name":"iShares Core S&P 500 ETF","this_portfolio":false,"ald_sector":"Steel","technology":"Open Hearth Furnace","plan_carsten":0,"sector_sum":0.0016,"sector_prcnt":0,"cumsum":0.0016,"sector_cumprcnt":1,"green":false,"green_sum":0,"green_prcnt":0,"asset_class_translation":"Listed Equity","equity_market_translation":"Global Market","ald_sector_translation":"Steel","technology_translation":"Open Hearth Furnace","portfolio_name_translation":"iShares Core S&P 500 ETF"},{"asset_class":"Listed Equity","equity_market":"Global Market","portfolio_name":"iShares Core S&P 500 ETF","this_portfolio":false,"ald_sector":"Steel","technology":"Basic Oxygen Furnace","plan_carsten":0,"sector_sum":0.0016,"sector_prcnt":0,"cumsum":0.0016,"sector_cumprcnt":1,"green":false,"green_sum":0,"green_prcnt":0,"asset_class_translation":"Listed Equity","equity_market_translation":"Global Market","ald_sector_translation":"Steel","technology_translation":"Basic Oxygen Furnace","portfolio_name_translation":"iShares Core S&P 500 ETF"},{"asset_class":"Listed Equity","equity_market":"Global Market","portfolio_name":"iShares Core S&P 500 ETF","this_portfolio":false,"ald_sector":"Aviation","technology":"Freight","plan_carsten":0.0053,"sector_sum":0.0074,"sector_prcnt":0.7163,"cumsum":0,"sector_cumprcnt":0,"green":false,"green_sum":0.0074,"green_prcnt":1,"asset_class_translation":"Listed Equity","equity_market_translation":"Global Market","ald_sector_translation":"Aviation","technology_translation":"Freight","portfolio_name_translation":"iShares Core S&P 500 ETF"},{"asset_class":"Listed Equity","equity_market":"Global Market","portfolio_name":"iShares Core S&P 500 ETF","this_portfolio":false,"ald_sector":"Aviation","technology":"Passenger","plan_carsten":0.0021,"sector_sum":0.0074,"sector_prcnt":0.2837,"cumsum":0.0053,"sector_cumprcnt":0.7163,"green":false,"green_sum":0.0074,"green_prcnt":1,"asset_class_translation":"Listed Equity","equity_market_translation":"Global Market","ald_sector_translation":"Aviation","technology_translation":"Passenger","portfolio_name_translation":"iShares Core S&P 500 ETF"},{"asset_class":"Listed Equity","equity_market":"Global Market","portfolio_name":"iShares MSCI ACWI ETF","this_portfolio":false,"ald_sector":"Power","technology":"RenewablesCap","plan_carsten":0.0087,"sector_sum":0.0356,"sector_prcnt":0.2447,"cumsum":0,"sector_cumprcnt":0,"green":true,"green_sum":0.0144,"green_prcnt":0.4043,"asset_class_translation":"Listed Equity","equity_market_translation":"Global Market","ald_sector_translation":"Power","technology_translation":"Renewables","portfolio_name_translation":"iShares MSCI ACWI ETF"},{"asset_class":"Listed Equity","equity_market":"Global Market","portfolio_name":"iShares MSCI ACWI ETF","this_portfolio":false,"ald_sector":"Power","technology":"HydroCap","plan_carsten":0.0027,"sector_sum":0.0356,"sector_prcnt":0.0753,"cumsum":0.0087,"sector_cumprcnt":0.2447,"green":true,"green_sum":0.0144,"green_prcnt":0.4043,"asset_class_translation":"Listed Equity","equity_market_translation":"Global Market","ald_sector_translation":"Power","technology_translation":"Hydropower","portfolio_name_translation":"iShares MSCI ACWI ETF"},{"asset_class":"Listed Equity","equity_market":"Global Market","portfolio_name":"iShares MSCI ACWI ETF","this_portfolio":false,"ald_sector":"Power","technology":"NuclearCap","plan_carsten":0.003,"sector_sum":0.0356,"sector_prcnt":0.0843,"cumsum":0.0114,"sector_cumprcnt":0.32,"green":true,"green_sum":0.0144,"green_prcnt":0.4043,"asset_class_translation":"Listed Equity","equity_market_translation":"Global Market","ald_sector_translation":"Power","technology_translation":"Nuclear Power","portfolio_name_translation":"iShares MSCI ACWI ETF"},{"asset_class":"Listed Equity","equity_market":"Global Market","portfolio_name":"iShares MSCI ACWI ETF","this_portfolio":false,"ald_sector":"Power","technology":"GasCap","plan_carsten":0.0133,"sector_sum":0.0356,"sector_prcnt":0.3734,"cumsum":0.0144,"sector_cumprcnt":0.4043,"green":false,"green_sum":0.0212,"green_prcnt":0.5957,"asset_class_translation":"Listed Equity","equity_market_translation":"Global Market","ald_sector_translation":"Power","technology_translation":"Gas Power","portfolio_name_translation":"iShares MSCI ACWI ETF"},{"asset_class":"Listed Equity","equity_market":"Global Market","portfolio_name":"iShares MSCI ACWI ETF","this_portfolio":false,"ald_sector":"Power","technology":"OilCap","plan_carsten":0.0015,"sector_sum":0.0356,"sector_prcnt":0.0409,"cumsum":0.0277,"sector_cumprcnt":0.7777,"green":false,"green_sum":0.0212,"green_prcnt":0.5957,"asset_class_translation":"Listed Equity","equity_market_translation":"Global Market","ald_sector_translation":"Power","technology_translation":"Oil Power","portfolio_name_translation":"iShares MSCI ACWI ETF"},{"asset_class":"Listed Equity","equity_market":"Global Market","portfolio_name":"iShares MSCI ACWI ETF","this_portfolio":false,"ald_sector":"Power","technology":"CoalCap","plan_carsten":0.0065,"sector_sum":0.0356,"sector_prcnt":0.1814,"cumsum":0.0292,"sector_cumprcnt":0.8186,"green":false,"green_sum":0.0212,"green_prcnt":0.5957,"asset_class_translation":"Listed Equity","equity_market_translation":"Global Market","ald_sector_translation":"Power","technology_translation":"Coal Power","portfolio_name_translation":"iShares MSCI ACWI ETF"},{"asset_class":"Listed Equity","equity_market":"Global Market","portfolio_name":"iShares MSCI ACWI ETF","this_portfolio":false,"ald_sector":"Automotive","technology":"Electric","plan_carsten":0.0081,"sector_sum":0.0142,"sector_prcnt":0.5679,"cumsum":0,"sector_cumprcnt":0,"green":true,"green_sum":0.0083,"green_prcnt":0.5873,"asset_class_translation":"Listed Equity","equity_market_translation":"Global Market","ald_sector_translation":"Automotive","technology_translation":"LDV: Electric","portfolio_name_translation":"iShares MSCI ACWI ETF"},{"asset_class":"Listed Equity","equity_market":"Global Market","portfolio_name":"iShares MSCI ACWI ETF","this_portfolio":false,"ald_sector":"Automotive","technology":"FuelCell","plan_carsten":1.2283e-07,"sector_sum":0.0142,"sector_prcnt":8.6515e-06,"cumsum":0.0081,"sector_cumprcnt":0.5679,"green":true,"green_sum":0.0083,"green_prcnt":0.5873,"asset_class_translation":"Listed Equity","equity_market_translation":"Global Market","ald_sector_translation":"Automotive","technology_translation":"LDV: Fuel Cell","portfolio_name_translation":"iShares MSCI ACWI ETF"},{"asset_class":"Listed Equity","equity_market":"Global Market","portfolio_name":"iShares MSCI ACWI ETF","this_portfolio":false,"ald_sector":"Automotive","technology":"Hybrid","plan_carsten":0.0003,"sector_sum":0.0142,"sector_prcnt":0.0194,"cumsum":0.0081,"sector_cumprcnt":0.5679,"green":true,"green_sum":0.0083,"green_prcnt":0.5873,"asset_class_translation":"Listed Equity","equity_market_translation":"Global Market","ald_sector_translation":"Automotive","technology_translation":"LDV: Hybrid","portfolio_name_translation":"iShares MSCI ACWI ETF"},{"asset_class":"Listed Equity","equity_market":"Global Market","portfolio_name":"iShares MSCI ACWI ETF","this_portfolio":false,"ald_sector":"Automotive","technology":"ICE","plan_carsten":0.0059,"sector_sum":0.0142,"sector_prcnt":0.4127,"cumsum":0.0083,"sector_cumprcnt":0.5873,"green":false,"green_sum":0.0059,"green_prcnt":0.4127,"asset_class_translation":"Listed Equity","equity_market_translation":"Global Market","ald_sector_translation":"Automotive","technology_translation":"LDV: ICE","portfolio_name_translation":"iShares MSCI ACWI ETF"},{"asset_class":"Listed Equity","equity_market":"Global Market","portfolio_name":"iShares MSCI ACWI ETF","this_portfolio":false,"ald_sector":"Oil&Gas","technology":"Oil","plan_carsten":0.0247,"sector_sum":0.0447,"sector_prcnt":0.5527,"cumsum":0,"sector_cumprcnt":0,"green":false,"green_sum":0.0447,"green_prcnt":1,"asset_class_translation":"Listed Equity","equity_market_translation":"Global Market","ald_sector_translation":"Oil & Gas","technology_translation":"Oil","portfolio_name_translation":"iShares MSCI ACWI ETF"},{"asset_class":"Listed Equity","equity_market":"Global Market","portfolio_name":"iShares MSCI ACWI ETF","this_portfolio":false,"ald_sector":"Oil&Gas","technology":"Gas","plan_carsten":0.02,"sector_sum":0.0447,"sector_prcnt":0.4473,"cumsum":0.0247,"sector_cumprcnt":0.5527,"green":false,"green_sum":0.0447,"green_prcnt":1,"asset_class_translation":"Listed Equity","equity_market_translation":"Global Market","ald_sector_translation":"Oil & Gas","technology_translation":"Gas","portfolio_name_translation":"iShares MSCI ACWI ETF"},{"asset_class":"Listed Equity","equity_market":"Global Market","portfolio_name":"iShares MSCI ACWI ETF","this_portfolio":false,"ald_sector":"Coal","technology":"Coal","plan_carsten":0.0017,"sector_sum":0.0017,"sector_prcnt":1,"cumsum":0,"sector_cumprcnt":0,"green":false,"green_sum":0.0017,"green_prcnt":1,"asset_class_translation":"Listed Equity","equity_market_translation":"Global Market","ald_sector_translation":"Coal","technology_translation":"Coal","portfolio_name_translation":"iShares MSCI ACWI ETF"},{"asset_class":"Listed Equity","equity_market":"Global Market","portfolio_name":"iShares MSCI ACWI ETF","this_portfolio":false,"ald_sector":"Cement","technology":"Integrated facility","plan_carsten":0.0019,"sector_sum":0.0019,"sector_prcnt":1,"cumsum":0,"sector_cumprcnt":0,"green":false,"green_sum":0.0019,"green_prcnt":1,"asset_class_translation":"Listed Equity","equity_market_translation":"Global Market","ald_sector_translation":"Cement","technology_translation":"Integrated facility","portfolio_name_translation":"iShares MSCI ACWI ETF"},{"asset_class":"Listed Equity","equity_market":"Global Market","portfolio_name":"iShares MSCI ACWI ETF","this_portfolio":false,"ald_sector":"Steel","technology":"Electric Arc Furnace","plan_carsten":0.0013,"sector_sum":0.0017,"sector_prcnt":0.719,"cumsum":0,"sector_cumprcnt":0,"green":true,"green_sum":0.0013,"green_prcnt":0.719,"asset_class_translation":"Listed Equity","equity_market_translation":"Global Market","ald_sector_translation":"Steel","technology_translation":"Electric Arc Furnace","portfolio_name_translation":"iShares MSCI ACWI ETF"},{"asset_class":"Listed Equity","equity_market":"Global Market","portfolio_name":"iShares MSCI ACWI ETF","this_portfolio":false,"ald_sector":"Steel","technology":"Open Hearth Furnace","plan_carsten":0,"sector_sum":0.0017,"sector_prcnt":0,"cumsum":0.0013,"sector_cumprcnt":0.719,"green":false,"green_sum":0.0005,"green_prcnt":0.281,"asset_class_translation":"Listed Equity","equity_market_translation":"Global Market","ald_sector_translation":"Steel","technology_translation":"Open Hearth Furnace","portfolio_name_translation":"iShares MSCI ACWI ETF"},{"asset_class":"Listed Equity","equity_market":"Global Market","portfolio_name":"iShares MSCI ACWI ETF","this_portfolio":false,"ald_sector":"Steel","technology":"Basic Oxygen Furnace","plan_carsten":0.0005,"sector_sum":0.0017,"sector_prcnt":0.281,"cumsum":0.0013,"sector_cumprcnt":0.719,"green":false,"green_sum":0.0005,"green_prcnt":0.281,"asset_class_translation":"Listed Equity","equity_market_translation":"Global Market","ald_sector_translation":"Steel","technology_translation":"Basic Oxygen Furnace","portfolio_name_translation":"iShares MSCI ACWI ETF"},{"asset_class":"Listed Equity","equity_market":"Global Market","portfolio_name":"iShares MSCI ACWI ETF","this_portfolio":false,"ald_sector":"Aviation","technology":"Freight","plan_carsten":0.0045,"sector_sum":0.0055,"sector_prcnt":0.8301,"cumsum":0,"sector_cumprcnt":0,"green":false,"green_sum":0.0055,"green_prcnt":1,"asset_class_translation":"Listed Equity","equity_market_translation":"Global Market","ald_sector_translation":"Aviation","technology_translation":"Freight","portfolio_name_translation":"iShares MSCI ACWI ETF"},{"asset_class":"Listed Equity","equity_market":"Global Market","portfolio_name":"iShares MSCI ACWI ETF","this_portfolio":false,"ald_sector":"Aviation","technology":"Passenger","plan_carsten":0.0009,"sector_sum":0.0055,"sector_prcnt":0.1699,"cumsum":0.0045,"sector_cumprcnt":0.8301,"green":false,"green_sum":0.0055,"green_prcnt":1,"asset_class_translation":"Listed Equity","equity_market_translation":"Global Market","ald_sector_translation":"Aviation","technology_translation":"Passenger","portfolio_name_translation":"iShares MSCI ACWI ETF"},{"asset_class":"Listed Equity","equity_market":"Global Market","portfolio_name":"iShares MSCI EM UCITS ETF USD (Acc)","this_portfolio":false,"ald_sector":"Power","technology":"RenewablesCap","plan_carsten":0.0035,"sector_sum":0.0178,"sector_prcnt":0.197,"cumsum":0,"sector_cumprcnt":0,"green":true,"green_sum":0.0066,"green_prcnt":0.3701,"asset_class_translation":"Listed Equity","equity_market_translation":"Global Market","ald_sector_translation":"Power","technology_translation":"Renewables","portfolio_name_translation":"iShares MSCI EM UCITS ETF USD (Acc)"},{"asset_class":"Listed Equity","equity_market":"Global Market","portfolio_name":"iShares MSCI EM UCITS ETF USD (Acc)","this_portfolio":false,"ald_sector":"Power","technology":"HydroCap","plan_carsten":0.003,"sector_sum":0.0178,"sector_prcnt":0.1656,"cumsum":0.0035,"sector_cumprcnt":0.197,"green":true,"green_sum":0.0066,"green_prcnt":0.3701,"asset_class_translation":"Listed Equity","equity_market_translation":"Global Market","ald_sector_translation":"Power","technology_translation":"Hydropower","portfolio_name_translation":"iShares MSCI EM UCITS ETF USD (Acc)"},{"asset_class":"Listed Equity","equity_market":"Global Market","portfolio_name":"iShares MSCI EM UCITS ETF USD (Acc)","this_portfolio":false,"ald_sector":"Power","technology":"NuclearCap","plan_carsten":0.0001,"sector_sum":0.0178,"sector_prcnt":0.0075,"cumsum":0.0065,"sector_cumprcnt":0.3626,"green":true,"green_sum":0.0066,"green_prcnt":0.3701,"asset_class_translation":"Listed Equity","equity_market_translation":"Global Market","ald_sector_translation":"Power","technology_translation":"Nuclear Power","portfolio_name_translation":"iShares MSCI EM UCITS ETF USD (Acc)"},{"asset_class":"Listed Equity","equity_market":"Global Market","portfolio_name":"iShares MSCI EM UCITS ETF USD (Acc)","this_portfolio":false,"ald_sector":"Power","technology":"GasCap","plan_carsten":0.0064,"sector_sum":0.0178,"sector_prcnt":0.3597,"cumsum":0.0066,"sector_cumprcnt":0.3701,"green":false,"green_sum":0.0112,"green_prcnt":0.6299,"asset_class_translation":"Listed Equity","equity_market_translation":"Global Market","ald_sector_translation":"Power","technology_translation":"Gas Power","portfolio_name_translation":"iShares MSCI EM UCITS ETF USD (Acc)"},{"asset_class":"Listed Equity","equity_market":"Global Market","portfolio_name":"iShares MSCI EM UCITS ETF USD (Acc)","this_portfolio":false,"ald_sector":"Power","technology":"OilCap","plan_carsten":0.0018,"sector_sum":0.0178,"sector_prcnt":0.1014,"cumsum":0.013,"sector_cumprcnt":0.7298,"green":false,"green_sum":0.0112,"green_prcnt":0.6299,"asset_class_translation":"Listed Equity","equity_market_translation":"Global Market","ald_sector_translation":"Power","technology_translation":"Oil Power","portfolio_name_translation":"iShares MSCI EM UCITS ETF USD (Acc)"},{"asset_class":"Listed Equity","equity_market":"Global Market","portfolio_name":"iShares MSCI EM UCITS ETF USD (Acc)","this_portfolio":false,"ald_sector":"Power","technology":"CoalCap","plan_carsten":0.003,"sector_sum":0.0178,"sector_prcnt":0.1688,"cumsum":0.0148,"sector_cumprcnt":0.8312,"green":false,"green_sum":0.0112,"green_prcnt":0.6299,"asset_class_translation":"Listed Equity","equity_market_translation":"Global Market","ald_sector_translation":"Power","technology_translation":"Coal Power","portfolio_name_translation":"iShares MSCI EM UCITS ETF USD (Acc)"},{"asset_class":"Listed Equity","equity_market":"Global Market","portfolio_name":"iShares MSCI EM UCITS ETF USD (Acc)","this_portfolio":false,"ald_sector":"Automotive","technology":"Electric","plan_carsten":0.0173,"sector_sum":0.0198,"sector_prcnt":0.8759,"cumsum":0,"sector_cumprcnt":0,"green":true,"green_sum":0.0175,"green_prcnt":0.8858,"asset_class_translation":"Listed Equity","equity_market_translation":"Global Market","ald_sector_translation":"Automotive","technology_translation":"LDV: Electric","portfolio_name_translation":"iShares MSCI EM UCITS ETF USD (Acc)"},{"asset_class":"Listed Equity","equity_market":"Global Market","portfolio_name":"iShares MSCI EM UCITS ETF USD (Acc)","this_portfolio":false,"ald_sector":"Automotive","technology":"FuelCell","plan_carsten":4.0907e-08,"sector_sum":0.0198,"sector_prcnt":2.0683e-06,"cumsum":0.0173,"sector_cumprcnt":0.8759,"green":true,"green_sum":0.0175,"green_prcnt":0.8858,"asset_class_translation":"Listed Equity","equity_market_translation":"Global Market","ald_sector_translation":"Automotive","technology_translation":"LDV: Fuel Cell","portfolio_name_translation":"iShares MSCI EM UCITS ETF USD (Acc)"},{"asset_class":"Listed Equity","equity_market":"Global Market","portfolio_name":"iShares MSCI EM UCITS ETF USD (Acc)","this_portfolio":false,"ald_sector":"Automotive","technology":"Hybrid","plan_carsten":0.0002,"sector_sum":0.0198,"sector_prcnt":0.0099,"cumsum":0.0173,"sector_cumprcnt":0.8759,"green":true,"green_sum":0.0175,"green_prcnt":0.8858,"asset_class_translation":"Listed Equity","equity_market_translation":"Global Market","ald_sector_translation":"Automotive","technology_translation":"LDV: Hybrid","portfolio_name_translation":"iShares MSCI EM UCITS ETF USD (Acc)"},{"asset_class":"Listed Equity","equity_market":"Global Market","portfolio_name":"iShares MSCI EM UCITS ETF USD (Acc)","this_portfolio":false,"ald_sector":"Automotive","technology":"ICE","plan_carsten":0.0023,"sector_sum":0.0198,"sector_prcnt":0.1142,"cumsum":0.0175,"sector_cumprcnt":0.8858,"green":false,"green_sum":0.0023,"green_prcnt":0.1142,"asset_class_translation":"Listed Equity","equity_market_translation":"Global Market","ald_sector_translation":"Automotive","technology_translation":"LDV: ICE","portfolio_name_translation":"iShares MSCI EM UCITS ETF USD (Acc)"},{"asset_class":"Listed Equity","equity_market":"Global Market","portfolio_name":"iShares MSCI EM UCITS ETF USD (Acc)","this_portfolio":false,"ald_sector":"Oil&Gas","technology":"Oil","plan_carsten":0.0135,"sector_sum":0.0205,"sector_prcnt":0.6582,"cumsum":0,"sector_cumprcnt":0,"green":false,"green_sum":0.0205,"green_prcnt":1,"asset_class_translation":"Listed Equity","equity_market_translation":"Global Market","ald_sector_translation":"Oil & Gas","technology_translation":"Oil","portfolio_name_translation":"iShares MSCI EM UCITS ETF USD (Acc)"},{"asset_class":"Listed Equity","equity_market":"Global Market","portfolio_name":"iShares MSCI EM UCITS ETF USD (Acc)","this_portfolio":false,"ald_sector":"Oil&Gas","technology":"Gas","plan_carsten":0.007,"sector_sum":0.0205,"sector_prcnt":0.3418,"cumsum":0.0135,"sector_cumprcnt":0.6582,"green":false,"green_sum":0.0205,"green_prcnt":1,"asset_class_translation":"Listed Equity","equity_market_translation":"Global Market","ald_sector_translation":"Oil & Gas","technology_translation":"Gas","portfolio_name_translation":"iShares MSCI EM UCITS ETF USD (Acc)"},{"asset_class":"Listed Equity","equity_market":"Global Market","portfolio_name":"iShares MSCI EM UCITS ETF USD (Acc)","this_portfolio":false,"ald_sector":"Coal","technology":"Coal","plan_carsten":0.0043,"sector_sum":0.0043,"sector_prcnt":1,"cumsum":0,"sector_cumprcnt":0,"green":false,"green_sum":0.0043,"green_prcnt":1,"asset_class_translation":"Listed Equity","equity_market_translation":"Global Market","ald_sector_translation":"Coal","technology_translation":"Coal","portfolio_name_translation":"iShares MSCI EM UCITS ETF USD (Acc)"},{"asset_class":"Listed Equity","equity_market":"Global Market","portfolio_name":"iShares MSCI EM UCITS ETF USD (Acc)","this_portfolio":false,"ald_sector":"Cement","technology":"Integrated facility","plan_carsten":0.0024,"sector_sum":0.0024,"sector_prcnt":1,"cumsum":0,"sector_cumprcnt":0,"green":false,"green_sum":0.0024,"green_prcnt":1,"asset_class_translation":"Listed Equity","equity_market_translation":"Global Market","ald_sector_translation":"Cement","technology_translation":"Integrated facility","portfolio_name_translation":"iShares MSCI EM UCITS ETF USD (Acc)"},{"asset_class":"Listed Equity","equity_market":"Global Market","portfolio_name":"iShares MSCI EM UCITS ETF USD (Acc)","this_portfolio":false,"ald_sector":"Steel","technology":"Electric Arc Furnace","plan_carsten":0.002,"sector_sum":0.0105,"sector_prcnt":0.1921,"cumsum":0,"sector_cumprcnt":0,"green":true,"green_sum":0.002,"green_prcnt":0.1921,"asset_class_translation":"Listed Equity","equity_market_translation":"Global Market","ald_sector_translation":"Steel","technology_translation":"Electric Arc Furnace","portfolio_name_translation":"iShares MSCI EM UCITS ETF USD (Acc)"},{"asset_class":"Listed Equity","equity_market":"Global Market","portfolio_name":"iShares MSCI EM UCITS ETF USD (Acc)","this_portfolio":false,"ald_sector":"Steel","technology":"Open Hearth Furnace","plan_carsten":0,"sector_sum":0.0105,"sector_prcnt":0,"cumsum":0.002,"sector_cumprcnt":0.1921,"green":false,"green_sum":0.0085,"green_prcnt":0.8079,"asset_class_translation":"Listed Equity","equity_market_translation":"Global Market","ald_sector_translation":"Steel","technology_translation":"Open Hearth Furnace","portfolio_name_translation":"iShares MSCI EM UCITS ETF USD (Acc)"},{"asset_class":"Listed Equity","equity_market":"Global Market","portfolio_name":"iShares MSCI EM UCITS ETF USD (Acc)","this_portfolio":false,"ald_sector":"Steel","technology":"Basic Oxygen Furnace","plan_carsten":0.0085,"sector_sum":0.0105,"sector_prcnt":0.8079,"cumsum":0.002,"sector_cumprcnt":0.1921,"green":false,"green_sum":0.0085,"green_prcnt":0.8079,"asset_class_translation":"Listed Equity","equity_market_translation":"Global Market","ald_sector_translation":"Steel","technology_translation":"Basic Oxygen Furnace","portfolio_name_translation":"iShares MSCI EM UCITS ETF USD (Acc)"},{"asset_class":"Listed Equity","equity_market":"Global Market","portfolio_name":"iShares MSCI EM UCITS ETF USD (Acc)","this_portfolio":false,"ald_sector":"Aviation","technology":"Freight","plan_carsten":0.0001,"sector_sum":0.0009,"sector_prcnt":0.0684,"cumsum":0,"sector_cumprcnt":0,"green":false,"green_sum":0.0009,"green_prcnt":1,"asset_class_translation":"Listed Equity","equity_market_translation":"Global Market","ald_sector_translation":"Aviation","technology_translation":"Freight","portfolio_name_translation":"iShares MSCI EM UCITS ETF USD (Acc)"},{"asset_class":"Listed Equity","equity_market":"Global Market","portfolio_name":"iShares MSCI EM UCITS ETF USD (Acc)","this_portfolio":false,"ald_sector":"Aviation","technology":"Passenger","plan_carsten":0.0008,"sector_sum":0.0009,"sector_prcnt":0.9316,"cumsum":0.0001,"sector_cumprcnt":0.0684,"green":false,"green_sum":0.0009,"green_prcnt":1,"asset_class_translation":"Listed Equity","equity_market_translation":"Global Market","ald_sector_translation":"Aviation","technology_translation":"Passenger","portfolio_name_translation":"iShares MSCI EM UCITS ETF USD (Acc)"},{"asset_class":"Listed Equity","equity_market":"Global Market","portfolio_name":"iShares MSCI World ETF","this_portfolio":false,"ald_sector":"Power","technology":"RenewablesCap","plan_carsten":0.0088,"sector_sum":0.0362,"sector_prcnt":0.2442,"cumsum":0,"sector_cumprcnt":0,"green":true,"green_sum":0.0146,"green_prcnt":0.4025,"asset_class_translation":"Listed Equity","equity_market_translation":"Global Market","ald_sector_translation":"Power","technology_translation":"Renewables","portfolio_name_translation":"iShares MSCI World ETF"},{"asset_class":"Listed Equity","equity_market":"Global Market","portfolio_name":"iShares MSCI World ETF","this_portfolio":false,"ald_sector":"Power","technology":"HydroCap","plan_carsten":0.0027,"sector_sum":0.0362,"sector_prcnt":0.0736,"cumsum":0.0088,"sector_cumprcnt":0.2442,"green":true,"green_sum":0.0146,"green_prcnt":0.4025,"asset_class_translation":"Listed Equity","equity_market_translation":"Global Market","ald_sector_translation":"Power","technology_translation":"Hydropower","portfolio_name_translation":"iShares MSCI World ETF"},{"asset_class":"Listed Equity","equity_market":"Global Market","portfolio_name":"iShares MSCI World ETF","this_portfolio":false,"ald_sector":"Power","technology":"NuclearCap","plan_carsten":0.0031,"sector_sum":0.0362,"sector_prcnt":0.0848,"cumsum":0.0115,"sector_cumprcnt":0.3178,"green":true,"green_sum":0.0146,"green_prcnt":0.4025,"asset_class_translation":"Listed Equity","equity_market_translation":"Global Market","ald_sector_translation":"Power","technology_translation":"Nuclear Power","portfolio_name_translation":"iShares MSCI World ETF"},{"asset_class":"Listed Equity","equity_market":"Global Market","portfolio_name":"iShares MSCI World ETF","this_portfolio":false,"ald_sector":"Power","technology":"GasCap","plan_carsten":0.0134,"sector_sum":0.0362,"sector_prcnt":0.3713,"cumsum":0.0146,"sector_cumprcnt":0.4025,"green":false,"green_sum":0.0216,"green_prcnt":0.5975,"asset_class_translation":"Listed Equity","equity_market_translation":"Global Market","ald_sector_translation":"Power","technology_translation":"Gas Power","portfolio_name_translation":"iShares MSCI World ETF"},{"asset_class":"Listed Equity","equity_market":"Global Market","portfolio_name":"iShares MSCI World ETF","this_portfolio":false,"ald_sector":"Power","technology":"OilCap","plan_carsten":0.0015,"sector_sum":0.0362,"sector_prcnt":0.0421,"cumsum":0.028,"sector_cumprcnt":0.7738,"green":false,"green_sum":0.0216,"green_prcnt":0.5975,"asset_class_translation":"Listed Equity","equity_market_translation":"Global Market","ald_sector_translation":"Power","technology_translation":"Oil Power","portfolio_name_translation":"iShares MSCI World ETF"},{"asset_class":"Listed Equity","equity_market":"Global Market","portfolio_name":"iShares MSCI World ETF","this_portfolio":false,"ald_sector":"Power","technology":"CoalCap","plan_carsten":0.0067,"sector_sum":0.0362,"sector_prcnt":0.1841,"cumsum":0.0295,"sector_cumprcnt":0.8159,"green":false,"green_sum":0.0216,"green_prcnt":0.5975,"asset_class_translation":"Listed Equity","equity_market_translation":"Global Market","ald_sector_translation":"Power","technology_translation":"Coal Power","portfolio_name_translation":"iShares MSCI World ETF"},{"asset_class":"Listed Equity","equity_market":"Global Market","portfolio_name":"iShares MSCI World ETF","this_portfolio":false,"ald_sector":"Automotive","technology":"Electric","plan_carsten":0.0079,"sector_sum":0.0144,"sector_prcnt":0.5463,"cumsum":0,"sector_cumprcnt":0,"green":true,"green_sum":0.0082,"green_prcnt":0.5664,"asset_class_translation":"Listed Equity","equity_market_translation":"Global Market","ald_sector_translation":"Automotive","technology_translation":"LDV: Electric","portfolio_name_translation":"iShares MSCI World ETF"},{"asset_class":"Listed Equity","equity_market":"Global Market","portfolio_name":"iShares MSCI World ETF","this_portfolio":false,"ald_sector":"Automotive","technology":"FuelCell","plan_carsten":2.1555e-07,"sector_sum":0.0144,"sector_prcnt":0,"cumsum":0.0079,"sector_cumprcnt":0.5463,"green":true,"green_sum":0.0082,"green_prcnt":0.5664,"asset_class_translation":"Listed Equity","equity_market_translation":"Global Market","ald_sector_translation":"Automotive","technology_translation":"LDV: Fuel Cell","portfolio_name_translation":"iShares MSCI World ETF"},{"asset_class":"Listed Equity","equity_market":"Global Market","portfolio_name":"iShares MSCI World ETF","this_portfolio":false,"ald_sector":"Automotive","technology":"Hybrid","plan_carsten":0.0003,"sector_sum":0.0144,"sector_prcnt":0.02,"cumsum":0.0079,"sector_cumprcnt":0.5464,"green":true,"green_sum":0.0082,"green_prcnt":0.5664,"asset_class_translation":"Listed Equity","equity_market_translation":"Global Market","ald_sector_translation":"Automotive","technology_translation":"LDV: Hybrid","portfolio_name_translation":"iShares MSCI World ETF"},{"asset_class":"Listed Equity","equity_market":"Global Market","portfolio_name":"iShares MSCI World ETF","this_portfolio":false,"ald_sector":"Automotive","technology":"ICE","plan_carsten":0.0063,"sector_sum":0.0144,"sector_prcnt":0.4336,"cumsum":0.0082,"sector_cumprcnt":0.5664,"green":false,"green_sum":0.0063,"green_prcnt":0.4336,"asset_class_translation":"Listed Equity","equity_market_translation":"Global Market","ald_sector_translation":"Automotive","technology_translation":"LDV: ICE","portfolio_name_translation":"iShares MSCI World ETF"},{"asset_class":"Listed Equity","equity_market":"Global Market","portfolio_name":"iShares MSCI World ETF","this_portfolio":false,"ald_sector":"Oil&Gas","technology":"Oil","plan_carsten":0.0246,"sector_sum":0.0448,"sector_prcnt":0.5488,"cumsum":0,"sector_cumprcnt":0,"green":false,"green_sum":0.0448,"green_prcnt":1,"asset_class_translation":"Listed Equity","equity_market_translation":"Global Market","ald_sector_translation":"Oil & Gas","technology_translation":"Oil","portfolio_name_translation":"iShares MSCI World ETF"},{"asset_class":"Listed Equity","equity_market":"Global Market","portfolio_name":"iShares MSCI World ETF","this_portfolio":false,"ald_sector":"Oil&Gas","technology":"Gas","plan_carsten":0.0202,"sector_sum":0.0448,"sector_prcnt":0.4512,"cumsum":0.0246,"sector_cumprcnt":0.5488,"green":false,"green_sum":0.0448,"green_prcnt":1,"asset_class_translation":"Listed Equity","equity_market_translation":"Global Market","ald_sector_translation":"Oil & Gas","technology_translation":"Gas","portfolio_name_translation":"iShares MSCI World ETF"},{"asset_class":"Listed Equity","equity_market":"Global Market","portfolio_name":"iShares MSCI World ETF","this_portfolio":false,"ald_sector":"Coal","technology":"Coal","plan_carsten":0.0016,"sector_sum":0.0016,"sector_prcnt":1,"cumsum":0,"sector_cumprcnt":0,"green":false,"green_sum":0.0016,"green_prcnt":1,"asset_class_translation":"Listed Equity","equity_market_translation":"Global Market","ald_sector_translation":"Coal","technology_translation":"Coal","portfolio_name_translation":"iShares MSCI World ETF"},{"asset_class":"Listed Equity","equity_market":"Global Market","portfolio_name":"iShares MSCI World ETF","this_portfolio":false,"ald_sector":"Cement","technology":"Integrated facility","plan_carsten":0.0021,"sector_sum":0.0021,"sector_prcnt":1,"cumsum":0,"sector_cumprcnt":0,"green":false,"green_sum":0.0021,"green_prcnt":1,"asset_class_translation":"Listed Equity","equity_market_translation":"Global Market","ald_sector_translation":"Cement","technology_translation":"Integrated facility","portfolio_name_translation":"iShares MSCI World ETF"},{"asset_class":"Listed Equity","equity_market":"Global Market","portfolio_name":"iShares MSCI World ETF","this_portfolio":false,"ald_sector":"Steel","technology":"Electric Arc Furnace","plan_carsten":0.0013,"sector_sum":0.0019,"sector_prcnt":0.6781,"cumsum":0,"sector_cumprcnt":0,"green":true,"green_sum":0.0013,"green_prcnt":0.6781,"asset_class_translation":"Listed Equity","equity_market_translation":"Global Market","ald_sector_translation":"Steel","technology_translation":"Electric Arc Furnace","portfolio_name_translation":"iShares MSCI World ETF"},{"asset_class":"Listed Equity","equity_market":"Global Market","portfolio_name":"iShares MSCI World ETF","this_portfolio":false,"ald_sector":"Steel","technology":"Open Hearth Furnace","plan_carsten":0,"sector_sum":0.0019,"sector_prcnt":0,"cumsum":0.0013,"sector_cumprcnt":0.6781,"green":false,"green_sum":0.0006,"green_prcnt":0.3219,"asset_class_translation":"Listed Equity","equity_market_translation":"Global Market","ald_sector_translation":"Steel","technology_translation":"Open Hearth Furnace","portfolio_name_translation":"iShares MSCI World ETF"},{"asset_class":"Listed Equity","equity_market":"Global Market","portfolio_name":"iShares MSCI World ETF","this_portfolio":false,"ald_sector":"Steel","technology":"Basic Oxygen Furnace","plan_carsten":0.0006,"sector_sum":0.0019,"sector_prcnt":0.3219,"cumsum":0.0013,"sector_cumprcnt":0.6781,"green":false,"green_sum":0.0006,"green_prcnt":0.3219,"asset_class_translation":"Listed Equity","equity_market_translation":"Global Market","ald_sector_translation":"Steel","technology_translation":"Basic Oxygen Furnace","portfolio_name_translation":"iShares MSCI World ETF"},{"asset_class":"Listed Equity","equity_market":"Global Market","portfolio_name":"iShares MSCI World ETF","this_portfolio":false,"ald_sector":"Aviation","technology":"Freight","plan_carsten":0.0047,"sector_sum":0.0052,"sector_prcnt":0.9033,"cumsum":0,"sector_cumprcnt":0,"green":false,"green_sum":0.0052,"green_prcnt":1,"asset_class_translation":"Listed Equity","equity_market_translation":"Global Market","ald_sector_translation":"Aviation","technology_translation":"Freight","portfolio_name_translation":"iShares MSCI World ETF"},{"asset_class":"Listed Equity","equity_market":"Global Market","portfolio_name":"iShares MSCI World ETF","this_portfolio":false,"ald_sector":"Aviation","technology":"Passenger","plan_carsten":0.0005,"sector_sum":0.0052,"sector_prcnt":0.0967,"cumsum":0.0047,"sector_cumprcnt":0.9033,"green":false,"green_sum":0.0052,"green_prcnt":1,"asset_class_translation":"Listed Equity","equity_market_translation":"Global Market","ald_sector_translation":"Aviation","technology_translation":"Passenger","portfolio_name_translation":"iShares MSCI World ETF"}]
