company_name,allocation,scenario_source,scenario,ald_sector,year,plan_tech_share,plan_carsten,port_weight,y,asset_class,ald_sector_translation,asset_class_translation
Alliant Energy Corp.,portfolio_weight,GECO2022,1.5C,Power,2022,0.213,0.0062,0.029,0.3035,Listed Equity,Power,Listed Equity
Alliant Energy Corp.,portfolio_weight,GECO2022,NDC_LTS,Power,2022,0.213,0.0062,0.029,0.575,Listed Equity,Power,Listed Equity
Alliant Energy Corp.,portfolio_weight,GECO2022,Reference,Power,2022,0.213,0.0062,0.029,0.6096,Listed Equity,Power,Listed Equity
Alliant Energy Corp.,portfolio_weight,ISF2021,NZE,Power,2022,0.213,0.0062,0.029,0.3777,Listed Equity,Power,Listed Equity
Alliant Energy Corp.,portfolio_weight,WEO2022,APS,Power,2022,0.213,0.0062,0.029,0.4103,Listed Equity,Power,Listed Equity
Alliant Energy Corp.,portfolio_weight,WEO2022,NZE_2050,Power,2022,0.213,0.0062,0.029,0.2652,Listed Equity,Power,Listed Equity
Alliant Energy Corp.,portfolio_weight,WEO2022,STEPS,Power,2022,0.213,0.0062,0.029,0.5287,Listed Equity,Power,Listed Equity
Drax Group Plc,portfolio_weight,GECO2022,1.5C,Power,2022,0.6777,0.0182,0.0268,0,Listed Equity,Power,Listed Equity
Drax Group Plc,portfolio_weight,GECO2022,NDC_LTS,Power,2022,0.6777,0.0182,0.0268,0,Listed Equity,Power,Listed Equity
Drax Group Plc,portfolio_weight,GECO2022,Reference,Power,2022,0.6777,0.0182,0.0268,0,Listed Equity,Power,Listed Equity
Drax Group Plc,portfolio_weight,ISF2021,NZE,Power,2022,0.6777,0.0182,0.0268,0,Listed Equity,Power,Listed Equity
Drax Group Plc,portfolio_weight,WEO2022,APS,Power,2022,0.6777,0.0182,0.0268,0,Listed Equity,Power,Listed Equity
Drax Group Plc,portfolio_weight,WEO2022,NZE_2050,Power,2022,0.6777,0.0182,0.0268,0,Listed Equity,Power,Listed Equity
Drax Group Plc,portfolio_weight,WEO2022,STEPS,Power,2022,0.6777,0.0182,0.0268,0,Listed Equity,Power,Listed Equity
Energisa SA,portfolio_weight,GECO2022,1.5C,Power,2022,0.8164,0.0312,0.0382,0,Listed Equity,Power,Listed Equity
Energisa SA,portfolio_weight,GECO2022,NDC_LTS,Power,2022,0.8164,0.0312,0.0382,0,Listed Equity,Power,Listed Equity
Energisa SA,portfolio_weight,GECO2022,Reference,Power,2022,0.8164,0.0312,0.0382,0,Listed Equity,Power,Listed Equity
Energisa SA,portfolio_weight,ISF2021,NZE,Power,2022,0.8164,0.0312,0.0382,0,Listed Equity,Power,Listed Equity
Energisa SA,portfolio_weight,WEO2022,APS,Power,2022,0.8164,0.0312,0.0382,0,Listed Equity,Power,Listed Equity
Energisa SA,portfolio_weight,WEO2022,NZE_2050,Power,2022,0.8164,0.0312,0.0382,0,Listed Equity,Power,Listed Equity
Energisa SA,portfolio_weight,WEO2022,STEPS,Power,2022,0.8164,0.0312,0.0382,0,Listed Equity,Power,Listed Equity
Geely Automobile Holdings Ltd.,portfolio_weight,GECO2022,1.5C,Automotive,2022,0.2764,0.011,0.0398,2.2729,Listed Equity,Automotive,Listed Equity
Geely Automobile Holdings Ltd.,portfolio_weight,GECO2022,NDC_LTS,Automotive,2022,0.2764,0.011,0.0398,2.4416,Listed Equity,Automotive,Listed Equity
Geely Automobile Holdings Ltd.,portfolio_weight,GECO2022,Reference,Automotive,2022,0.2764,0.011,0.0398,2.823,Listed Equity,Automotive,Listed Equity
Geely Automobile Holdings Ltd.,portfolio_weight,WEO2022,APS,Automotive,2022,0.2764,0.011,0.0398,2.954,Listed Equity,Automotive,Listed Equity
Geely Automobile Holdings Ltd.,portfolio_weight,WEO2022,NZE_2050,Automotive,2022,0.2764,0.011,0.0398,1.9442,Listed Equity,Automotive,Listed Equity
"Guangzhou Automobile Group Co., Ltd.",portfolio_weight,GECO2022,1.5C,Automotive,2022,0.4977,0.0022,0.0044,0.2747,Listed Equity,Automotive,Listed Equity
"Guangzhou Automobile Group Co., Ltd.",portfolio_weight,GECO2022,NDC_LTS,Automotive,2022,0.4977,0.0022,0.0044,0.2951,Listed Equity,Automotive,Listed Equity
"Guangzhou Automobile Group Co., Ltd.",portfolio_weight,GECO2022,Reference,Automotive,2022,0.4977,0.0022,0.0044,0.3412,Listed Equity,Automotive,Listed Equity
"Guangzhou Automobile Group Co., Ltd.",portfolio_weight,WEO2022,APS,Automotive,2022,0.4977,0.0022,0.0044,0.357,Listed Equity,Automotive,Listed Equity
"Guangzhou Automobile Group Co., Ltd.",portfolio_weight,WEO2022,NZE_2050,Automotive,2022,0.4977,0.0022,0.0044,0.235,Listed Equity,Automotive,Listed Equity
"Hyundai Motor Co., Ltd.",portfolio_weight,GECO2022,1.5C,Automotive,2022,0.0528,0.002,0.0386,0.3969,Listed Equity,Automotive,Listed Equity
"Hyundai Motor Co., Ltd.",portfolio_weight,GECO2022,NDC_LTS,Automotive,2022,0.0528,0.002,0.0386,0.4263,Listed Equity,Automotive,Listed Equity
"Hyundai Motor Co., Ltd.",portfolio_weight,GECO2022,Reference,Automotive,2022,0.0528,0.002,0.0386,0.4929,Listed Equity,Automotive,Listed Equity
"Hyundai Motor Co., Ltd.",portfolio_weight,WEO2022,APS,Automotive,2022,0.0528,0.002,0.0386,0.5158,Listed Equity,Automotive,Listed Equity
"Hyundai Motor Co., Ltd.",portfolio_weight,WEO2022,NZE_2050,Automotive,2022,0.0528,0.002,0.0386,0.3395,Listed Equity,Automotive,Listed Equity
"Innergex Renewable Energy, Inc.",portfolio_weight,GECO2022,1.5C,Power,2022,1,0.0351,0.0351,0.2923,Listed Equity,Power,Listed Equity
"Innergex Renewable Energy, Inc.",portfolio_weight,GECO2022,NDC_LTS,Power,2022,1,0.0351,0.0351,0.5538,Listed Equity,Power,Listed Equity
"Innergex Renewable Energy, Inc.",portfolio_weight,GECO2022,Reference,Power,2022,1,0.0351,0.0351,0.5872,Listed Equity,Power,Listed Equity
"Innergex Renewable Energy, Inc.",portfolio_weight,ISF2021,NZE,Power,2022,1,0.0351,0.0351,0.3638,Listed Equity,Power,Listed Equity
"Innergex Renewable Energy, Inc.",portfolio_weight,WEO2022,APS,Power,2022,1,0.0351,0.0351,0.3952,Listed Equity,Power,Listed Equity
"Innergex Renewable Energy, Inc.",portfolio_weight,WEO2022,NZE_2050,Power,2022,1,0.0351,0.0351,0.2554,Listed Equity,Power,Listed Equity
"Innergex Renewable Energy, Inc.",portfolio_weight,WEO2022,STEPS,Power,2022,1,0.0351,0.0351,0.5093,Listed Equity,Power,Listed Equity
Mazda Motor Corp.,portfolio_weight,GECO2022,1.5C,Automotive,2022,0.0062,1e-4,0.0226,0.0472,Listed Equity,Automotive,Listed Equity
Mazda Motor Corp.,portfolio_weight,GECO2022,NDC_LTS,Automotive,2022,0.0062,1e-4,0.0226,0.0507,Listed Equity,Automotive,Listed Equity
Mazda Motor Corp.,portfolio_weight,GECO2022,Reference,Automotive,2022,0.0062,1e-4,0.0226,0.0586,Listed Equity,Automotive,Listed Equity
Mazda Motor Corp.,portfolio_weight,WEO2022,APS,Automotive,2022,0.0062,1e-4,0.0226,0.0614,Listed Equity,Automotive,Listed Equity
Mazda Motor Corp.,portfolio_weight,WEO2022,NZE_2050,Automotive,2022,0.0062,1e-4,0.0226,0.0404,Listed Equity,Automotive,Listed Equity
"Renova, Inc. (Japan)",portfolio_weight,GECO2022,1.5C,Power,2022,0.6375,9e-4,0.0014,0.5216,Listed Equity,Power,Listed Equity
"Renova, Inc. (Japan)",portfolio_weight,GECO2022,NDC_LTS,Power,2022,0.6375,9e-4,0.0014,0.9883,Listed Equity,Power,Listed Equity
"Renova, Inc. (Japan)",portfolio_weight,GECO2022,Reference,Power,2022,0.6375,9e-4,0.0014,1.0478,Listed Equity,Power,Listed Equity
"Renova, Inc. (Japan)",portfolio_weight,ISF2021,NZE,Power,2022,0.6375,9e-4,0.0014,0.6493,Listed Equity,Power,Listed Equity
"Renova, Inc. (Japan)",portfolio_weight,WEO2022,APS,Power,2022,0.6375,9e-4,0.0014,0.7052,Listed Equity,Power,Listed Equity
"Renova, Inc. (Japan)",portfolio_weight,WEO2022,NZE_2050,Power,2022,0.6375,9e-4,0.0014,0.4558,Listed Equity,Power,Listed Equity
"Renova, Inc. (Japan)",portfolio_weight,WEO2022,STEPS,Power,2022,0.6375,9e-4,0.0014,0.9088,Listed Equity,Power,Listed Equity
Volvo Car AB,portfolio_weight,GECO2022,1.5C,Automotive,2022,0.176,0.003,0.0172,3.799,Listed Equity,Automotive,Listed Equity
Volvo Car AB,portfolio_weight,GECO2022,NDC_LTS,Automotive,2022,0.176,0.003,0.0172,4.0809,Listed Equity,Automotive,Listed Equity
Volvo Car AB,portfolio_weight,GECO2022,Reference,Automotive,2022,0.176,0.003,0.0172,4.7183,Listed Equity,Automotive,Listed Equity
Volvo Car AB,portfolio_weight,WEO2022,APS,Automotive,2022,0.176,0.003,0.0172,4.9374,Listed Equity,Automotive,Listed Equity
Volvo Car AB,portfolio_weight,WEO2022,NZE_2050,Automotive,2022,0.176,0.003,0.0172,3.2495,Listed Equity,Automotive,Listed Equity
Alliant Energy Corp.,ownership_weight,GECO2022,1.5C,Power,2022,0.213,0,0.029,0.3035,Listed Equity,Power,Listed Equity
Alliant Energy Corp.,ownership_weight,GECO2022,NDC_LTS,Power,2022,0.213,0,0.029,0.575,Listed Equity,Power,Listed Equity
Alliant Energy Corp.,ownership_weight,GECO2022,Reference,Power,2022,0.213,0,0.029,0.6096,Listed Equity,Power,Listed Equity
Alliant Energy Corp.,ownership_weight,ISF2021,NZE,Power,2022,0.213,0,0.029,0.3777,Listed Equity,Power,Listed Equity
Alliant Energy Corp.,ownership_weight,WEO2022,APS,Power,2022,0.213,0,0.029,0.4103,Listed Equity,Power,Listed Equity
Alliant Energy Corp.,ownership_weight,WEO2022,NZE_2050,Power,2022,0.213,0,0.029,0.2652,Listed Equity,Power,Listed Equity
Alliant Energy Corp.,ownership_weight,WEO2022,STEPS,Power,2022,0.213,0,0.029,0.5287,Listed Equity,Power,Listed Equity
Anglo American Plc,ownership_weight,GECO2022,1.5C,Power,2022,0.4168,0,0.0195,0,Listed Equity,Power,Listed Equity
Anglo American Plc,ownership_weight,GECO2022,NDC_LTS,Power,2022,0.4168,0,0.0195,0,Listed Equity,Power,Listed Equity
Anglo American Plc,ownership_weight,GECO2022,Reference,Power,2022,0.4168,0,0.0195,0,Listed Equity,Power,Listed Equity
Anglo American Plc,ownership_weight,ISF2021,NZE,Power,2022,0.4168,0,0.0195,0,Listed Equity,Power,Listed Equity
Anglo American Plc,ownership_weight,WEO2022,APS,Power,2022,0.4168,0,0.0195,0,Listed Equity,Power,Listed Equity
Anglo American Plc,ownership_weight,WEO2022,NZE_2050,Power,2022,0.4168,0,0.0195,0,Listed Equity,Power,Listed Equity
Anglo American Plc,ownership_weight,WEO2022,STEPS,Power,2022,0.4168,0,0.0195,0,Listed Equity,Power,Listed Equity
Deccan Cements Ltd.,ownership_weight,GECO2022,1.5C,Power,2022,1,0,0.025,0,Listed Equity,Power,Listed Equity
Deccan Cements Ltd.,ownership_weight,GECO2022,NDC_LTS,Power,2022,1,0,0.025,0,Listed Equity,Power,Listed Equity
Deccan Cements Ltd.,ownership_weight,GECO2022,Reference,Power,2022,1,0,0.025,0,Listed Equity,Power,Listed Equity
Deccan Cements Ltd.,ownership_weight,ISF2021,NZE,Power,2022,1,0,0.025,0,Listed Equity,Power,Listed Equity
Deccan Cements Ltd.,ownership_weight,WEO2022,APS,Power,2022,1,0,0.025,0,Listed Equity,Power,Listed Equity
Deccan Cements Ltd.,ownership_weight,WEO2022,NZE_2050,Power,2022,1,0,0.025,0,Listed Equity,Power,Listed Equity
Deccan Cements Ltd.,ownership_weight,WEO2022,STEPS,Power,2022,1,0,0.025,0,Listed Equity,Power,Listed Equity
Drax Group Plc,ownership_weight,GECO2022,1.5C,Power,2022,0.6777,0,0.0268,0,Listed Equity,Power,Listed Equity
Drax Group Plc,ownership_weight,GECO2022,NDC_LTS,Power,2022,0.6777,0,0.0268,0,Listed Equity,Power,Listed Equity
Drax Group Plc,ownership_weight,GECO2022,Reference,Power,2022,0.6777,0,0.0268,0,Listed Equity,Power,Listed Equity
Drax Group Plc,ownership_weight,ISF2021,NZE,Power,2022,0.6777,0,0.0268,0,Listed Equity,Power,Listed Equity
Drax Group Plc,ownership_weight,WEO2022,APS,Power,2022,0.6777,0,0.0268,0,Listed Equity,Power,Listed Equity
Drax Group Plc,ownership_weight,WEO2022,NZE_2050,Power,2022,0.6777,0,0.0268,0,Listed Equity,Power,Listed Equity
Drax Group Plc,ownership_weight,WEO2022,STEPS,Power,2022,0.6777,0,0.0268,0,Listed Equity,Power,Listed Equity
Energisa SA,ownership_weight,GECO2022,1.5C,Power,2022,0.8164,0,0.0382,0,Listed Equity,Power,Listed Equity
Energisa SA,ownership_weight,GECO2022,NDC_LTS,Power,2022,0.8164,0,0.0382,0,Listed Equity,Power,Listed Equity
Energisa SA,ownership_weight,GECO2022,Reference,Power,2022,0.8164,0,0.0382,0,Listed Equity,Power,Listed Equity
Energisa SA,ownership_weight,ISF2021,NZE,Power,2022,0.8164,0,0.0382,0,Listed Equity,Power,Listed Equity
Energisa SA,ownership_weight,WEO2022,APS,Power,2022,0.8164,0,0.0382,0,Listed Equity,Power,Listed Equity
Energisa SA,ownership_weight,WEO2022,NZE_2050,Power,2022,0.8164,0,0.0382,0,Listed Equity,Power,Listed Equity
Energisa SA,ownership_weight,WEO2022,STEPS,Power,2022,0.8164,0,0.0382,0,Listed Equity,Power,Listed Equity
Geely Automobile Holdings Ltd.,ownership_weight,GECO2022,1.5C,Automotive,2022,0.2764,0,0.0398,2.2729,Listed Equity,Automotive,Listed Equity
Geely Automobile Holdings Ltd.,ownership_weight,GECO2022,NDC_LTS,Automotive,2022,0.2764,0,0.0398,2.4416,Listed Equity,Automotive,Listed Equity
Geely Automobile Holdings Ltd.,ownership_weight,GECO2022,Reference,Automotive,2022,0.2764,0,0.0398,2.823,Listed Equity,Automotive,Listed Equity
Geely Automobile Holdings Ltd.,ownership_weight,WEO2022,APS,Automotive,2022,0.2764,0,0.0398,2.954,Listed Equity,Automotive,Listed Equity
Geely Automobile Holdings Ltd.,ownership_weight,WEO2022,NZE_2050,Automotive,2022,0.2764,0,0.0398,1.9442,Listed Equity,Automotive,Listed Equity
"Guangzhou Automobile Group Co., Ltd.",ownership_weight,GECO2022,1.5C,Automotive,2022,0.4977,0,0.0044,0.2747,Listed Equity,Automotive,Listed Equity
"Guangzhou Automobile Group Co., Ltd.",ownership_weight,GECO2022,NDC_LTS,Automotive,2022,0.4977,0,0.0044,0.2951,Listed Equity,Automotive,Listed Equity
"Guangzhou Automobile Group Co., Ltd.",ownership_weight,GECO2022,Reference,Automotive,2022,0.4977,0,0.0044,0.3412,Listed Equity,Automotive,Listed Equity
"Guangzhou Automobile Group Co., Ltd.",ownership_weight,WEO2022,APS,Automotive,2022,0.4977,0,0.0044,0.357,Listed Equity,Automotive,Listed Equity
"Guangzhou Automobile Group Co., Ltd.",ownership_weight,WEO2022,NZE_2050,Automotive,2022,0.4977,0,0.0044,0.235,Listed Equity,Automotive,Listed Equity
"Hyundai Motor Co., Ltd.",ownership_weight,GECO2022,1.5C,Automotive,2022,0.0528,0,0.0386,0.3969,Listed Equity,Automotive,Listed Equity
"Hyundai Motor Co., Ltd.",ownership_weight,GECO2022,NDC_LTS,Automotive,2022,0.0528,0,0.0386,0.4263,Listed Equity,Automotive,Listed Equity
"Hyundai Motor Co., Ltd.",ownership_weight,GECO2022,Reference,Automotive,2022,0.0528,0,0.0386,0.4929,Listed Equity,Automotive,Listed Equity
"Hyundai Motor Co., Ltd.",ownership_weight,GECO2022,1.5C,Power,2022,0,0,0.0386,,Listed Equity,Power,Listed Equity
"Hyundai Motor Co., Ltd.",ownership_weight,GECO2022,NDC_LTS,Power,2022,0,0,0.0386,,Listed Equity,Power,Listed Equity
"Hyundai Motor Co., Ltd.",ownership_weight,GECO2022,Reference,Power,2022,0,0,0.0386,,Listed Equity,Power,Listed Equity
"Hyundai Motor Co., Ltd.",ownership_weight,ISF2021,NZE,Power,2022,0,0,0.0386,,Listed Equity,Power,Listed Equity
"Hyundai Motor Co., Ltd.",ownership_weight,WEO2022,APS,Automotive,2022,0.0528,0,0.0386,0.5158,Listed Equity,Automotive,Listed Equity
"Hyundai Motor Co., Ltd.",ownership_weight,WEO2022,NZE_2050,Automotive,2022,0.0528,0,0.0386,0.3395,Listed Equity,Automotive,Listed Equity
"Hyundai Motor Co., Ltd.",ownership_weight,WEO2022,APS,Power,2022,0,0,0.0386,,Listed Equity,Power,Listed Equity
"Hyundai Motor Co., Ltd.",ownership_weight,WEO2022,NZE_2050,Power,2022,0,0,0.0386,,Listed Equity,Power,Listed Equity
"Hyundai Motor Co., Ltd.",ownership_weight,WEO2022,STEPS,Power,2022,0,0,0.0386,,Listed Equity,Power,Listed Equity
INA-Industrija nafte dd,ownership_weight,GECO2022,1.5C,Power,2022,0,0,0.0168,0,Listed Equity,Power,Listed Equity
INA-Industrija nafte dd,ownership_weight,GECO2022,NDC_LTS,Power,2022,0,0,0.0168,0,Listed Equity,Power,Listed Equity
INA-Industrija nafte dd,ownership_weight,GECO2022,Reference,Power,2022,0,0,0.0168,0,Listed Equity,Power,Listed Equity
INA-Industrija nafte dd,ownership_weight,ISF2021,NZE,Power,2022,0,0,0.0168,0,Listed Equity,Power,Listed Equity
INA-Industrija nafte dd,ownership_weight,WEO2022,APS,Power,2022,0,0,0.0168,0,Listed Equity,Power,Listed Equity
INA-Industrija nafte dd,ownership_weight,WEO2022,NZE_2050,Power,2022,0,0,0.0168,0,Listed Equity,Power,Listed Equity
INA-Industrija nafte dd,ownership_weight,WEO2022,STEPS,Power,2022,0,0,0.0168,0,Listed Equity,Power,Listed Equity
"Innergex Renewable Energy, Inc.",ownership_weight,GECO2022,1.5C,Power,2022,1,0,0.0351,0.2923,Listed Equity,Power,Listed Equity
"Innergex Renewable Energy, Inc.",ownership_weight,GECO2022,NDC_LTS,Power,2022,1,0,0.0351,0.5538,Listed Equity,Power,Listed Equity
"Innergex Renewable Energy, Inc.",ownership_weight,GECO2022,Reference,Power,2022,1,0,0.0351,0.5872,Listed Equity,Power,Listed Equity
"Innergex Renewable Energy, Inc.",ownership_weight,ISF2021,NZE,Power,2022,1,0,0.0351,0.3638,Listed Equity,Power,Listed Equity
"Innergex Renewable Energy, Inc.",ownership_weight,WEO2022,APS,Power,2022,1,0,0.0351,0.3952,Listed Equity,Power,Listed Equity
"Innergex Renewable Energy, Inc.",ownership_weight,WEO2022,NZE_2050,Power,2022,1,0,0.0351,0.2554,Listed Equity,Power,Listed Equity
"Innergex Renewable Energy, Inc.",ownership_weight,WEO2022,STEPS,Power,2022,1,0,0.0351,0.5093,Listed Equity,Power,Listed Equity
Mazda Motor Corp.,ownership_weight,GECO2022,1.5C,Automotive,2022,0.0062,0,0.0226,0.0472,Listed Equity,Automotive,Listed Equity
Mazda Motor Corp.,ownership_weight,GECO2022,NDC_LTS,Automotive,2022,0.0062,0,0.0226,0.0507,Listed Equity,Automotive,Listed Equity
Mazda Motor Corp.,ownership_weight,GECO2022,Reference,Automotive,2022,0.0062,0,0.0226,0.0586,Listed Equity,Automotive,Listed Equity
Mazda Motor Corp.,ownership_weight,WEO2022,APS,Automotive,2022,0.0062,0,0.0226,0.0614,Listed Equity,Automotive,Listed Equity
Mazda Motor Corp.,ownership_weight,WEO2022,NZE_2050,Automotive,2022,0.0062,0,0.0226,0.0404,Listed Equity,Automotive,Listed Equity
"Renova, Inc. (Japan)",ownership_weight,GECO2022,1.5C,Power,2022,0.6375,0,0.0014,0.5216,Listed Equity,Power,Listed Equity
"Renova, Inc. (Japan)",ownership_weight,GECO2022,NDC_LTS,Power,2022,0.6375,0,0.0014,0.9883,Listed Equity,Power,Listed Equity
"Renova, Inc. (Japan)",ownership_weight,GECO2022,Reference,Power,2022,0.6375,0,0.0014,1.0478,Listed Equity,Power,Listed Equity
"Renova, Inc. (Japan)",ownership_weight,ISF2021,NZE,Power,2022,0.6375,0,0.0014,0.6493,Listed Equity,Power,Listed Equity
"Renova, Inc. (Japan)",ownership_weight,WEO2022,APS,Power,2022,0.6375,0,0.0014,0.7052,Listed Equity,Power,Listed Equity
"Renova, Inc. (Japan)",ownership_weight,WEO2022,NZE_2050,Power,2022,0.6375,0,0.0014,0.4558,Listed Equity,Power,Listed Equity
"Renova, Inc. (Japan)",ownership_weight,WEO2022,STEPS,Power,2022,0.6375,0,0.0014,0.9088,Listed Equity,Power,Listed Equity
Shree Cement Ltd.,ownership_weight,GECO2022,1.5C,Power,2022,0,0,0.0042,0,Listed Equity,Power,Listed Equity
Shree Cement Ltd.,ownership_weight,GECO2022,NDC_LTS,Power,2022,0,0,0.0042,0,Listed Equity,Power,Listed Equity
Shree Cement Ltd.,ownership_weight,GECO2022,Reference,Power,2022,0,0,0.0042,0,Listed Equity,Power,Listed Equity
Shree Cement Ltd.,ownership_weight,ISF2021,NZE,Power,2022,0,0,0.0042,0,Listed Equity,Power,Listed Equity
Shree Cement Ltd.,ownership_weight,WEO2022,APS,Power,2022,0,0,0.0042,0,Listed Equity,Power,Listed Equity
Shree Cement Ltd.,ownership_weight,WEO2022,NZE_2050,Power,2022,0,0,0.0042,0,Listed Equity,Power,Listed Equity
Shree Cement Ltd.,ownership_weight,WEO2022,STEPS,Power,2022,0,0,0.0042,0,Listed Equity,Power,Listed Equity
Tenaris SA,ownership_weight,GECO2022,1.5C,Power,2022,0,0,6e-4,108.8541,Listed Equity,Power,Listed Equity
Tenaris SA,ownership_weight,GECO2022,NDC_LTS,Power,2022,0,0,6e-4,206.2516,Listed Equity,Power,Listed Equity
Tenaris SA,ownership_weight,GECO2022,Reference,Power,2022,0,0,6e-4,218.6626,Listed Equity,Power,Listed Equity
Tenaris SA,ownership_weight,ISF2021,NZE,Power,2022,0,0,6e-4,135.4949,Listed Equity,Power,Listed Equity
Tenaris SA,ownership_weight,WEO2022,APS,Power,2022,0,0,6e-4,147.1731,Listed Equity,Power,Listed Equity
Tenaris SA,ownership_weight,WEO2022,NZE_2050,Power,2022,0,0,6e-4,95.1291,Listed Equity,Power,Listed Equity
Tenaris SA,ownership_weight,WEO2022,STEPS,Power,2022,0,0,6e-4,189.6569,Listed Equity,Power,Listed Equity
Volvo AB,ownership_weight,GECO2022,1.5C,Automotive,2022,0.2462,0,0.0298,0.1292,Listed Equity,Automotive,Listed Equity
Volvo AB,ownership_weight,GECO2022,NDC_LTS,Automotive,2022,0.2462,0,0.0298,0.1388,Listed Equity,Automotive,Listed Equity
Volvo AB,ownership_weight,GECO2022,Reference,Automotive,2022,0.2462,0,0.0298,0.1605,Listed Equity,Automotive,Listed Equity
Volvo AB,ownership_weight,WEO2022,APS,Automotive,2022,0.2462,0,0.0298,0.1679,Listed Equity,Automotive,Listed Equity
Volvo AB,ownership_weight,WEO2022,NZE_2050,Automotive,2022,0.2462,0,0.0298,0.1105,Listed Equity,Automotive,Listed Equity
Volvo Car AB,ownership_weight,GECO2022,1.5C,Automotive,2022,0.176,0,0.0172,3.799,Listed Equity,Automotive,Listed Equity
Volvo Car AB,ownership_weight,GECO2022,NDC_LTS,Automotive,2022,0.176,0,0.0172,4.0809,Listed Equity,Automotive,Listed Equity
Volvo Car AB,ownership_weight,GECO2022,Reference,Automotive,2022,0.176,0,0.0172,4.7183,Listed Equity,Automotive,Listed Equity
Volvo Car AB,ownership_weight,WEO2022,APS,Automotive,2022,0.176,0,0.0172,4.9374,Listed Equity,Automotive,Listed Equity
Volvo Car AB,ownership_weight,WEO2022,NZE_2050,Automotive,2022,0.176,0,0.0172,3.2495,Listed Equity,Automotive,Listed Equity
"Beijing Automotive Group Co., Ltd.",portfolio_weight,GECO2022,1.5C,Automotive,2022,0.0486,3e-4,0.0053,0.372,Corporate Bonds,Automotive,Corporate Bonds
"Beijing Automotive Group Co., Ltd.",portfolio_weight,GECO2022,NDC_LTS,Automotive,2022,0.0486,3e-4,0.0053,0.3996,Corporate Bonds,Automotive,Corporate Bonds
"Beijing Automotive Group Co., Ltd.",portfolio_weight,GECO2022,Reference,Automotive,2022,0.0486,3e-4,0.0053,0.462,Corporate Bonds,Automotive,Corporate Bonds
"Beijing Automotive Group Co., Ltd.",portfolio_weight,WEO2022,APS,Automotive,2022,0.0486,3e-4,0.0053,0.4835,Corporate Bonds,Automotive,Corporate Bonds
"Beijing Automotive Group Co., Ltd.",portfolio_weight,WEO2022,NZE_2050,Automotive,2022,0.0486,3e-4,0.0053,0.3182,Corporate Bonds,Automotive,Corporate Bonds
Ford Motor Co.,portfolio_weight,GECO2022,1.5C,Automotive,2022,0.07,0.0019,0.0267,1.0449,Corporate Bonds,Automotive,Corporate Bonds
Ford Motor Co.,portfolio_weight,GECO2022,NDC_LTS,Automotive,2022,0.07,0.0019,0.0267,1.1224,Corporate Bonds,Automotive,Corporate Bonds
Ford Motor Co.,portfolio_weight,GECO2022,Reference,Automotive,2022,0.07,0.0019,0.0267,1.2977,Corporate Bonds,Automotive,Corporate Bonds
Ford Motor Co.,portfolio_weight,WEO2022,APS,Automotive,2022,0.07,0.0019,0.0267,1.358,Corporate Bonds,Automotive,Corporate Bonds
Ford Motor Co.,portfolio_weight,WEO2022,NZE_2050,Automotive,2022,0.07,0.0019,0.0267,0.8937,Corporate Bonds,Automotive,Corporate Bonds
Hydro-Québec,portfolio_weight,GECO2022,1.5C,Power,2022,0.9854,0.0454,0.046,0.0183,Corporate Bonds,Power,Corporate Bonds
Hydro-Québec,portfolio_weight,GECO2022,NDC_LTS,Power,2022,0.9854,0.0454,0.046,0.0347,Corporate Bonds,Power,Corporate Bonds
Hydro-Québec,portfolio_weight,GECO2022,Reference,Power,2022,0.9854,0.0454,0.046,0.0368,Corporate Bonds,Power,Corporate Bonds
Hydro-Québec,portfolio_weight,ISF2021,NZE,Power,2022,0.9854,0.0454,0.046,0.0228,Corporate Bonds,Power,Corporate Bonds
Hydro-Québec,portfolio_weight,WEO2022,APS,Power,2022,0.9854,0.0454,0.046,0.0248,Corporate Bonds,Power,Corporate Bonds
Hydro-Québec,portfolio_weight,WEO2022,NZE_2050,Power,2022,0.9854,0.0454,0.046,0.016,Corporate Bonds,Power,Corporate Bonds
Hydro-Québec,portfolio_weight,WEO2022,STEPS,Power,2022,0.9854,0.0454,0.046,0.0319,Corporate Bonds,Power,Corporate Bonds
Mercedes-Benz Group AG,portfolio_weight,GECO2022,1.5C,Automotive,2022,0.1347,0.0074,0.0549,1.4187,Corporate Bonds,Automotive,Corporate Bonds
Mercedes-Benz Group AG,portfolio_weight,GECO2022,NDC_LTS,Automotive,2022,0.1347,0.0074,0.0549,1.524,Corporate Bonds,Automotive,Corporate Bonds
Mercedes-Benz Group AG,portfolio_weight,GECO2022,Reference,Automotive,2022,0.1347,0.0074,0.0549,1.762,Corporate Bonds,Automotive,Corporate Bonds
Mercedes-Benz Group AG,portfolio_weight,WEO2022,APS,Automotive,2022,0.1347,0.0074,0.0549,1.8438,Corporate Bonds,Automotive,Corporate Bonds
Mercedes-Benz Group AG,portfolio_weight,WEO2022,NZE_2050,Automotive,2022,0.1347,0.0074,0.0549,1.2135,Corporate Bonds,Automotive,Corporate Bonds
Nuclear Power Corporation of India Ltd.,portfolio_weight,GECO2022,1.5C,Power,2022,1,0.0295,0.0295,2.7824,Corporate Bonds,Power,Corporate Bonds
Nuclear Power Corporation of India Ltd.,portfolio_weight,GECO2022,NDC_LTS,Power,2022,1,0.0295,0.0295,5.272,Corporate Bonds,Power,Corporate Bonds
Nuclear Power Corporation of India Ltd.,portfolio_weight,GECO2022,Reference,Power,2022,1,0.0295,0.0295,5.5893,Corporate Bonds,Power,Corporate Bonds
Nuclear Power Corporation of India Ltd.,portfolio_weight,ISF2021,NZE,Power,2022,1,0.0295,0.0295,3.5318,Corporate Bonds,Power,Corporate Bonds
Nuclear Power Corporation of India Ltd.,portfolio_weight,WEO2022,APS,Power,2022,1,0.0295,0.0295,3.7619,Corporate Bonds,Power,Corporate Bonds
Nuclear Power Corporation of India Ltd.,portfolio_weight,WEO2022,NZE_2050,Power,2022,1,0.0295,0.0295,2.4316,Corporate Bonds,Power,Corporate Bonds
Nuclear Power Corporation of India Ltd.,portfolio_weight,WEO2022,STEPS,Power,2022,1,0.0295,0.0295,4.8479,Corporate Bonds,Power,Corporate Bonds
"Puget Energy, Inc.",portfolio_weight,GECO2022,1.5C,Power,2022,0.3175,0.0011,0.0034,0,Corporate Bonds,Power,Corporate Bonds
"Puget Energy, Inc.",portfolio_weight,GECO2022,NDC_LTS,Power,2022,0.3175,0.0011,0.0034,0,Corporate Bonds,Power,Corporate Bonds
"Puget Energy, Inc.",portfolio_weight,GECO2022,Reference,Power,2022,0.3175,0.0011,0.0034,0,Corporate Bonds,Power,Corporate Bonds
"Puget Energy, Inc.",portfolio_weight,ISF2021,NZE,Power,2022,0.3175,0.0011,0.0034,0,Corporate Bonds,Power,Corporate Bonds
"Puget Energy, Inc.",portfolio_weight,WEO2022,APS,Power,2022,0.3175,0.0011,0.0034,0,Corporate Bonds,Power,Corporate Bonds
"Puget Energy, Inc.",portfolio_weight,WEO2022,NZE_2050,Power,2022,0.3175,0.0011,0.0034,0,Corporate Bonds,Power,Corporate Bonds
"Puget Energy, Inc.",portfolio_weight,WEO2022,STEPS,Power,2022,0.3175,0.0011,0.0034,0,Corporate Bonds,Power,Corporate Bonds
Stellantis NV,portfolio_weight,GECO2022,1.5C,Automotive,2022,0.089,0.0013,0.0146,1.337,Corporate Bonds,Automotive,Corporate Bonds
Stellantis NV,portfolio_weight,GECO2022,NDC_LTS,Automotive,2022,0.089,0.0013,0.0146,1.4362,Corporate Bonds,Automotive,Corporate Bonds
Stellantis NV,portfolio_weight,GECO2022,Reference,Automotive,2022,0.089,0.0013,0.0146,1.6605,Corporate Bonds,Automotive,Corporate Bonds
Stellantis NV,portfolio_weight,WEO2022,APS,Automotive,2022,0.089,0.0013,0.0146,1.7376,Corporate Bonds,Automotive,Corporate Bonds
Stellantis NV,portfolio_weight,WEO2022,NZE_2050,Automotive,2022,0.089,0.0013,0.0146,1.1436,Corporate Bonds,Automotive,Corporate Bonds
"Tohoku Electric Power Co., Inc.",portfolio_weight,GECO2022,1.5C,Power,2022,0.1087,0.005,0.0458,0.0752,Corporate Bonds,Power,Corporate Bonds
"Tohoku Electric Power Co., Inc.",portfolio_weight,GECO2022,NDC_LTS,Power,2022,0.1087,0.005,0.0458,0.1425,Corporate Bonds,Power,Corporate Bonds
"Tohoku Electric Power Co., Inc.",portfolio_weight,GECO2022,Reference,Power,2022,0.1087,0.005,0.0458,0.151,Corporate Bonds,Power,Corporate Bonds
"Tohoku Electric Power Co., Inc.",portfolio_weight,ISF2021,NZE,Power,2022,0.1087,0.005,0.0458,0.0936,Corporate Bonds,Power,Corporate Bonds
"Tohoku Electric Power Co., Inc.",portfolio_weight,WEO2022,APS,Power,2022,0.1087,0.005,0.0458,0.1017,Corporate Bonds,Power,Corporate Bonds
"Tohoku Electric Power Co., Inc.",portfolio_weight,WEO2022,NZE_2050,Power,2022,0.1087,0.005,0.0458,0.0657,Corporate Bonds,Power,Corporate Bonds
"Tohoku Electric Power Co., Inc.",portfolio_weight,WEO2022,STEPS,Power,2022,0.1087,0.005,0.0458,0.131,Corporate Bonds,Power,Corporate Bonds
