asset_type,percentage_value_invested,sector,perc_asset_val_sector
Corporate Bonds,0.4584,Power,0.1257
Listed Equity,0.5319,Power,0.1306
Corporate Bonds,0.4584,Automotive,0.1024
Listed Equity,0.5319,Automotive,0.1226
Corporate Bonds,0.4584,Coal,0.1579
Listed Equity,0.5319,Coal,0.0903
Corporate Bonds,0.4584,Steel,0.1065
Listed Equity,0.5319,Steel,0.115
Corporate Bonds,0.4584,Aviation,0.1083
Listed Equity,0.5319,Aviation,0.1225
Corporate Bonds,0.4584,Cement,0.0589
Listed Equity,0.5319,Cement,0.1165
