[{"key":"Automotive","value":38758.6719,"exploded":true,"key_translation":"Automotive"},{"key":"Aviation","value":29236.7554,"exploded":true,"key_translation":"Aviation"},{"key":"Cement","value":313544.1514,"exploded":true,"key_translation":"Cement"},{"key":"Coal","value":540993.4623,"exploded":true,"key_translation":"Coal"},{"key":"Power","value":124314.4353,"exploded":true,"key_translation":"Power"},{"key":"Steel","value":873137.6218,"exploded":true,"key_translation":"Steel"},{"key":"Distribution Services","value":31676.8133,"exploded":false,"key_translation":"Distribution Services"},{"key":"HDV","value":103908.4897,"exploded":false,"key_translation":"HDV"},{"key":"Oil&Gas","value":475933.899,"exploded":false,"key_translation":"Oil & Gas"},{"key":"Shipping","value":55093.3803,"exploded":false,"key_translation":"Shipping"}]
