[{"key":"Automotive","value":29680112,"exploded":true,"key_translation":"Automotive"},{"key":"Aviation","value":29668778,"exploded":true,"key_translation":"Aviation"},{"key":"Cement","value":28210182,"exploded":true,"key_translation":"Cement"},{"key":"Coal","value":21866265,"exploded":true,"key_translation":"Coal"},{"key":"Power","value":31636980,"exploded":true,"key_translation":"Power"},{"key":"Steel","value":27861957,"exploded":true,"key_translation":"Steel"},{"key":"Other","value":73260362,"exploded":false,"key_translation":"Other"}]
