[{"key":"Automotive","value":72813.5823,"exploded":true,"key_translation":"Automotive"},{"key":"Aviation","value":30251.2458,"exploded":true,"key_translation":"Aviation"},{"key":"Cement","value":339545.0834,"exploded":true,"key_translation":"Cement"},{"key":"Coal","value":490829.4171,"exploded":true,"key_translation":"Coal"},{"key":"Power","value":130168.2138,"exploded":true,"key_translation":"Power"},{"key":"Steel","value":740201.3048,"exploded":true,"key_translation":"Steel"},{"key":"Distribution Services","value":29416.1546,"exploded":false,"key_translation":"Distribution Services"},{"key":"HDV","value":113881.5985,"exploded":false,"key_translation":"HDV"},{"key":"Oil&Gas","value":616352.6173,"exploded":false,"key_translation":"Oil & Gas"},{"key":"Shipping","value":77193.7956,"exploded":false,"key_translation":"Shipping"}]
