asset_type,percentage_value_invested,sector,perc_asset_val_sector
Corporate Bonds,0.4584,Power,0.1257
Listed Equity,0.5138,Power,0.1352
Corporate Bonds,0.4584,Automotive,0.1024
Listed Equity,0.5138,Automotive,0.1091
Corporate Bonds,0.4584,Coal,0.1579
Listed Equity,0.5138,Coal,0.0935
Corporate Bonds,0.4584,Steel,0.1065
Listed Equity,0.5138,Steel,0.1191
Corporate Bonds,0.4584,Aviation,0.1083
Listed Equity,0.5138,Aviation,0.1268
Corporate Bonds,0.4584,Cement,0.0589
Listed Equity,0.5138,Cement,0.1206
