company_name,allocation,scenario_source,scenario,ald_sector,year,plan_tech_share,plan_carsten,port_weight,y,asset_class,ald_sector_translation,asset_class_translation
Shell Plc,ownership_weight,GECO2023,1.5C,Power,2023,0.3633,0,1,0.776,Listed Equity,Power,Listed Equity
Shell Plc,ownership_weight,GECO2023,NDC-LTS,Power,2023,0.3633,0,1,1.0194,Listed Equity,Power,Listed Equity
Shell Plc,ownership_weight,GECO2023,Reference,Power,2023,0.3633,0,1,1.2387,Listed Equity,Power,Listed Equity
Shell Plc,ownership_weight,ISF2023,1.5°C,Power,2023,0.3633,0,1,0.6491,Listed Equity,Power,Listed Equity
Shell Plc,ownership_weight,WEO2023,APS,Power,2023,0.3633,0,1,0.6626,Listed Equity,Power,Listed Equity
Shell Plc,ownership_weight,WEO2023,NZE_2050,Power,2023,0.3633,0,1,0.5605,Listed Equity,Power,Listed Equity
Shell Plc,ownership_weight,WEO2023,STEPS,Power,2023,0.3633,0,1,0.8031,Listed Equity,Power,Listed Equity
