asset_class,equity_market,portfolio_name,this_portfolio,ald_sector,technology,plan_carsten,sector_sum,sector_prcnt,cumsum,sector_cumprcnt,green,green_sum,green_prcnt,asset_class_translation,equity_market_translation,ald_sector_translation,technology_translation,portfolio_name_translation
Listed Equity,Global Market,Default Portfolio,TRUE,Oil&Gas,Oil,0.4977,0.9966,0.4994,0,0,FALSE,0.9966,1,Listed Equity,Global Market,Oil & Gas,Oil,Default Portfolio
Listed Equity,Global Market,Default Portfolio,TRUE,Oil&Gas,Gas,0.4989,0.9966,0.5006,0.4977,0.4994,FALSE,0.9966,1,Listed Equity,Global Market,Oil & Gas,Gas,Default Portfolio
Listed Equity,Global Market,iShares Core S&P 500 ETF,FALSE,Power,RenewablesCap,0.0064,0.0236,0.2696,0,0,TRUE,0.0109,0.4609,Listed Equity,Global Market,Power,Renewables,iShares Core S&P 500 ETF
Listed Equity,Global Market,iShares Core S&P 500 ETF,FALSE,Power,HydroCap,0.0012,0.0236,0.052,0.0064,0.2696,TRUE,0.0109,0.4609,Listed Equity,Global Market,Power,Hydropower,iShares Core S&P 500 ETF
Listed Equity,Global Market,iShares Core S&P 500 ETF,FALSE,Power,NuclearCap,0.0033,0.0236,0.1393,0.0076,0.3216,TRUE,0.0109,0.4609,Listed Equity,Global Market,Power,Nuclear Power,iShares Core S&P 500 ETF
Listed Equity,Global Market,iShares Core S&P 500 ETF,FALSE,Power,GasCap,0.0078,0.0236,0.3291,0.0109,0.4609,FALSE,0.0127,0.5391,Listed Equity,Global Market,Power,Gas Power,iShares Core S&P 500 ETF
Listed Equity,Global Market,iShares Core S&P 500 ETF,FALSE,Power,OilCap,8e-4,0.0236,0.0344,0.0186,0.79,FALSE,0.0127,0.5391,Listed Equity,Global Market,Power,Oil Power,iShares Core S&P 500 ETF
Listed Equity,Global Market,iShares Core S&P 500 ETF,FALSE,Power,CoalCap,0.0041,0.0236,0.1756,0.0194,0.8244,FALSE,0.0127,0.5391,Listed Equity,Global Market,Power,Coal Power,iShares Core S&P 500 ETF
Listed Equity,Global Market,iShares Core S&P 500 ETF,FALSE,Oil&Gas,Oil,0.0153,0.0256,0.6002,0,0,FALSE,0.0256,1,Listed Equity,Global Market,Oil & Gas,Oil,iShares Core S&P 500 ETF
Listed Equity,Global Market,iShares Core S&P 500 ETF,FALSE,Oil&Gas,Gas,0.0102,0.0256,0.3998,0.0153,0.6002,FALSE,0.0256,1,Listed Equity,Global Market,Oil & Gas,Gas,iShares Core S&P 500 ETF
Listed Equity,Global Market,iShares MSCI ACWI ETF,FALSE,Power,RenewablesCap,0.0084,0.0284,0.2952,0,0,TRUE,0.0134,0.4733,Listed Equity,Global Market,Power,Renewables,iShares MSCI ACWI ETF
Listed Equity,Global Market,iShares MSCI ACWI ETF,FALSE,Power,HydroCap,0.0026,0.0284,0.0931,0.0084,0.2952,TRUE,0.0134,0.4733,Listed Equity,Global Market,Power,Hydropower,iShares MSCI ACWI ETF
Listed Equity,Global Market,iShares MSCI ACWI ETF,FALSE,Power,NuclearCap,0.0024,0.0284,0.085,0.011,0.3883,TRUE,0.0134,0.4733,Listed Equity,Global Market,Power,Nuclear Power,iShares MSCI ACWI ETF
Listed Equity,Global Market,iShares MSCI ACWI ETF,FALSE,Power,GasCap,0.0086,0.0284,0.3024,0.0134,0.4733,FALSE,0.0149,0.5267,Listed Equity,Global Market,Power,Gas Power,iShares MSCI ACWI ETF
Listed Equity,Global Market,iShares MSCI ACWI ETF,FALSE,Power,OilCap,0.0011,0.0284,0.0403,0.022,0.7757,FALSE,0.0149,0.5267,Listed Equity,Global Market,Power,Oil Power,iShares MSCI ACWI ETF
Listed Equity,Global Market,iShares MSCI ACWI ETF,FALSE,Power,CoalCap,0.0052,0.0284,0.1839,0.0232,0.8161,FALSE,0.0149,0.5267,Listed Equity,Global Market,Power,Coal Power,iShares MSCI ACWI ETF
Listed Equity,Global Market,iShares MSCI ACWI ETF,FALSE,Oil&Gas,Oil,0.02,0.0354,0.5651,0,0,FALSE,0.0354,1,Listed Equity,Global Market,Oil & Gas,Oil,iShares MSCI ACWI ETF
Listed Equity,Global Market,iShares MSCI ACWI ETF,FALSE,Oil&Gas,Gas,0.0154,0.0354,0.4349,0.02,0.5651,FALSE,0.0354,1,Listed Equity,Global Market,Oil & Gas,Gas,iShares MSCI ACWI ETF
Listed Equity,Global Market,iShares MSCI EM UCITS ETF USD (Acc),FALSE,Power,RenewablesCap,0.0071,0.0342,0.2065,0,0,TRUE,0.0172,0.503,Listed Equity,Global Market,Power,Renewables,iShares MSCI EM UCITS ETF USD (Acc)
Listed Equity,Global Market,iShares MSCI EM UCITS ETF USD (Acc),FALSE,Power,HydroCap,0.0094,0.0342,0.2748,0.0071,0.2065,TRUE,0.0172,0.503,Listed Equity,Global Market,Power,Hydropower,iShares MSCI EM UCITS ETF USD (Acc)
Listed Equity,Global Market,iShares MSCI EM UCITS ETF USD (Acc),FALSE,Power,NuclearCap,7e-4,0.0342,0.0217,0.0165,0.4813,TRUE,0.0172,0.503,Listed Equity,Global Market,Power,Nuclear Power,iShares MSCI EM UCITS ETF USD (Acc)
Listed Equity,Global Market,iShares MSCI EM UCITS ETF USD (Acc),FALSE,Power,GasCap,0.0072,0.0342,0.2103,0.0172,0.503,FALSE,0.017,0.497,Listed Equity,Global Market,Power,Gas Power,iShares MSCI EM UCITS ETF USD (Acc)
Listed Equity,Global Market,iShares MSCI EM UCITS ETF USD (Acc),FALSE,Power,OilCap,0.0021,0.0342,0.0614,0.0244,0.7133,FALSE,0.017,0.497,Listed Equity,Global Market,Power,Oil Power,iShares MSCI EM UCITS ETF USD (Acc)
Listed Equity,Global Market,iShares MSCI EM UCITS ETF USD (Acc),FALSE,Power,CoalCap,0.0077,0.0342,0.2252,0.0265,0.7748,FALSE,0.017,0.497,Listed Equity,Global Market,Power,Coal Power,iShares MSCI EM UCITS ETF USD (Acc)
Listed Equity,Global Market,iShares MSCI EM UCITS ETF USD (Acc),FALSE,Oil&Gas,Oil,0.0361,0.0454,0.7959,0,0,FALSE,0.0454,1,Listed Equity,Global Market,Oil & Gas,Oil,iShares MSCI EM UCITS ETF USD (Acc)
Listed Equity,Global Market,iShares MSCI EM UCITS ETF USD (Acc),FALSE,Oil&Gas,Gas,0.0093,0.0454,0.2041,0.0361,0.7959,FALSE,0.0454,1,Listed Equity,Global Market,Oil & Gas,Gas,iShares MSCI EM UCITS ETF USD (Acc)
Listed Equity,Global Market,iShares MSCI World ETF,FALSE,Power,RenewablesCap,0.0085,0.0282,0.3016,0,0,TRUE,0.0134,0.477,Listed Equity,Global Market,Power,Renewables,iShares MSCI World ETF
Listed Equity,Global Market,iShares MSCI World ETF,FALSE,Power,HydroCap,0.0023,0.0282,0.0829,0.0085,0.3016,TRUE,0.0134,0.477,Listed Equity,Global Market,Power,Hydropower,iShares MSCI World ETF
Listed Equity,Global Market,iShares MSCI World ETF,FALSE,Power,NuclearCap,0.0026,0.0282,0.0925,0.0108,0.3845,TRUE,0.0134,0.477,Listed Equity,Global Market,Power,Nuclear Power,iShares MSCI World ETF
Listed Equity,Global Market,iShares MSCI World ETF,FALSE,Power,GasCap,0.0086,0.0282,0.3045,0.0134,0.477,FALSE,0.0147,0.523,Listed Equity,Global Market,Power,Gas Power,iShares MSCI World ETF
Listed Equity,Global Market,iShares MSCI World ETF,FALSE,Power,OilCap,0.0011,0.0282,0.0408,0.022,0.7815,FALSE,0.0147,0.523,Listed Equity,Global Market,Power,Oil Power,iShares MSCI World ETF
Listed Equity,Global Market,iShares MSCI World ETF,FALSE,Power,CoalCap,0.005,0.0282,0.1778,0.0232,0.8222,FALSE,0.0147,0.523,Listed Equity,Global Market,Power,Coal Power,iShares MSCI World ETF
Listed Equity,Global Market,iShares MSCI World ETF,FALSE,Oil&Gas,Oil,0.0189,0.0333,0.5692,0,0,FALSE,0.0333,1,Listed Equity,Global Market,Oil & Gas,Oil,iShares MSCI World ETF
Listed Equity,Global Market,iShares MSCI World ETF,FALSE,Oil&Gas,Gas,0.0143,0.0333,0.4308,0.0189,0.5692,FALSE,0.0333,1,Listed Equity,Global Market,Oil & Gas,Gas,iShares MSCI World ETF
