asset_class,equity_market,portfolio_name,scenario,scenario_source,this_portfolio,val_type,ald_sector,technology,value,green,green_sum,year
Listed Equity,Global Market,Default Portfolio,1.5C,GECO2023,TRUE,Portfolio,Oil&Gas,Oil,0.4994,FALSE,1,2023
Listed Equity,Global Market,Default Portfolio,1.5C,GECO2023,TRUE,Portfolio,Oil&Gas,Oil,0.5072,FALSE,1,2028
Listed Equity,Global Market,Default Portfolio,NDC-LTS,GECO2023,TRUE,Portfolio,Oil&Gas,Oil,0.4994,FALSE,1,2023
Listed Equity,Global Market,Default Portfolio,NDC-LTS,GECO2023,TRUE,Portfolio,Oil&Gas,Oil,0.5072,FALSE,1,2028
Listed Equity,Global Market,Default Portfolio,Reference,GECO2023,TRUE,Portfolio,Oil&Gas,Oil,0.4994,FALSE,1,2023
Listed Equity,Global Market,Default Portfolio,Reference,GECO2023,TRUE,Portfolio,Oil&Gas,Oil,0.5072,FALSE,1,2028
Listed Equity,Global Market,Default Portfolio,1.5°C,ISF2023,TRUE,Portfolio,Oil&Gas,Oil,0.4994,FALSE,1,2023
Listed Equity,Global Market,Default Portfolio,1.5°C,ISF2023,TRUE,Portfolio,Oil&Gas,Oil,0.5072,FALSE,1,2028
Listed Equity,Global Market,Default Portfolio,APS,WEO2023,TRUE,Portfolio,Oil&Gas,Oil,0.4994,FALSE,1,2023
Listed Equity,Global Market,Default Portfolio,APS,WEO2023,TRUE,Portfolio,Oil&Gas,Oil,0.5072,FALSE,1,2028
Listed Equity,Global Market,Default Portfolio,NZE_2050,WEO2023,TRUE,Portfolio,Oil&Gas,Oil,0.4994,FALSE,1,2023
Listed Equity,Global Market,Default Portfolio,NZE_2050,WEO2023,TRUE,Portfolio,Oil&Gas,Oil,0.5072,FALSE,1,2028
Listed Equity,Global Market,Default Portfolio,STEPS,WEO2023,TRUE,Portfolio,Oil&Gas,Oil,0.4994,FALSE,1,2023
Listed Equity,Global Market,Default Portfolio,STEPS,WEO2023,TRUE,Portfolio,Oil&Gas,Oil,0.5072,FALSE,1,2028
Listed Equity,Global Market,Default Portfolio,1.5C,GECO2023,TRUE,Portfolio,Oil&Gas,Gas,0.5006,FALSE,1,2023
Listed Equity,Global Market,Default Portfolio,1.5C,GECO2023,TRUE,Portfolio,Oil&Gas,Gas,0.4928,FALSE,1,2028
Listed Equity,Global Market,Default Portfolio,NDC-LTS,GECO2023,TRUE,Portfolio,Oil&Gas,Gas,0.5006,FALSE,1,2023
Listed Equity,Global Market,Default Portfolio,NDC-LTS,GECO2023,TRUE,Portfolio,Oil&Gas,Gas,0.4928,FALSE,1,2028
Listed Equity,Global Market,Default Portfolio,Reference,GECO2023,TRUE,Portfolio,Oil&Gas,Gas,0.5006,FALSE,1,2023
Listed Equity,Global Market,Default Portfolio,Reference,GECO2023,TRUE,Portfolio,Oil&Gas,Gas,0.4928,FALSE,1,2028
Listed Equity,Global Market,Default Portfolio,1.5°C,ISF2023,TRUE,Portfolio,Oil&Gas,Gas,0.5006,FALSE,1,2023
Listed Equity,Global Market,Default Portfolio,1.5°C,ISF2023,TRUE,Portfolio,Oil&Gas,Gas,0.4928,FALSE,1,2028
Listed Equity,Global Market,Default Portfolio,APS,WEO2023,TRUE,Portfolio,Oil&Gas,Gas,0.5006,FALSE,1,2023
Listed Equity,Global Market,Default Portfolio,APS,WEO2023,TRUE,Portfolio,Oil&Gas,Gas,0.4928,FALSE,1,2028
Listed Equity,Global Market,Default Portfolio,NZE_2050,WEO2023,TRUE,Portfolio,Oil&Gas,Gas,0.5006,FALSE,1,2023
Listed Equity,Global Market,Default Portfolio,NZE_2050,WEO2023,TRUE,Portfolio,Oil&Gas,Gas,0.4928,FALSE,1,2028
Listed Equity,Global Market,Default Portfolio,STEPS,WEO2023,TRUE,Portfolio,Oil&Gas,Gas,0.5006,FALSE,1,2023
Listed Equity,Global Market,Default Portfolio,STEPS,WEO2023,TRUE,Portfolio,Oil&Gas,Gas,0.4928,FALSE,1,2028
Listed Equity,Global Market,Default Portfolio,1.5C,GECO2023,TRUE,Scenario,Oil&Gas,Oil,0.4229,FALSE,1,2028
Listed Equity,Global Market,Default Portfolio,NDC-LTS,GECO2023,TRUE,Scenario,Oil&Gas,Oil,0.4371,FALSE,1,2028
Listed Equity,Global Market,Default Portfolio,Reference,GECO2023,TRUE,Scenario,Oil&Gas,Oil,0.4365,FALSE,1,2028
Listed Equity,Global Market,Default Portfolio,1.5°C,ISF2023,TRUE,Scenario,Oil&Gas,Oil,0.479,FALSE,1,2028
Listed Equity,Global Market,Default Portfolio,APS,WEO2023,TRUE,Scenario,Oil&Gas,Oil,0.4984,FALSE,1,2028
Listed Equity,Global Market,Default Portfolio,NZE_2050,WEO2023,TRUE,Scenario,Oil&Gas,Oil,0.4924,FALSE,1,2028
Listed Equity,Global Market,Default Portfolio,STEPS,WEO2023,TRUE,Scenario,Oil&Gas,Oil,0.4968,FALSE,1,2028
Listed Equity,Global Market,Default Portfolio,1.5C,GECO2023,TRUE,Scenario,Oil&Gas,Gas,0.5771,FALSE,1,2028
Listed Equity,Global Market,Default Portfolio,NDC-LTS,GECO2023,TRUE,Scenario,Oil&Gas,Gas,0.5629,FALSE,1,2028
Listed Equity,Global Market,Default Portfolio,Reference,GECO2023,TRUE,Scenario,Oil&Gas,Gas,0.5635,FALSE,1,2028
Listed Equity,Global Market,Default Portfolio,1.5°C,ISF2023,TRUE,Scenario,Oil&Gas,Gas,0.521,FALSE,1,2028
Listed Equity,Global Market,Default Portfolio,APS,WEO2023,TRUE,Scenario,Oil&Gas,Gas,0.5016,FALSE,1,2028
Listed Equity,Global Market,Default Portfolio,NZE_2050,WEO2023,TRUE,Scenario,Oil&Gas,Gas,0.5076,FALSE,1,2028
Listed Equity,Global Market,Default Portfolio,STEPS,WEO2023,TRUE,Scenario,Oil&Gas,Gas,0.5032,FALSE,1,2028
Listed Equity,Global Market,iShares Core S&P 500 ETF,1.5C,GECO2023,FALSE,Benchmark,Oil&Gas,Oil,0.5966,FALSE,1,2023
Listed Equity,Global Market,iShares Core S&P 500 ETF,1.5C,GECO2023,FALSE,Benchmark,Oil&Gas,Oil,0.6259,FALSE,1,2028
Listed Equity,Global Market,iShares Core S&P 500 ETF,NDC-LTS,GECO2023,FALSE,Benchmark,Oil&Gas,Oil,0.5966,FALSE,1,2023
Listed Equity,Global Market,iShares Core S&P 500 ETF,NDC-LTS,GECO2023,FALSE,Benchmark,Oil&Gas,Oil,0.6259,FALSE,1,2028
Listed Equity,Global Market,iShares Core S&P 500 ETF,Reference,GECO2023,FALSE,Benchmark,Oil&Gas,Oil,0.5966,FALSE,1,2023
Listed Equity,Global Market,iShares Core S&P 500 ETF,Reference,GECO2023,FALSE,Benchmark,Oil&Gas,Oil,0.6259,FALSE,1,2028
Listed Equity,Global Market,iShares Core S&P 500 ETF,1.5°C,ISF2023,FALSE,Benchmark,Oil&Gas,Oil,0.5966,FALSE,1,2023
Listed Equity,Global Market,iShares Core S&P 500 ETF,1.5°C,ISF2023,FALSE,Benchmark,Oil&Gas,Oil,0.6259,FALSE,1,2028
Listed Equity,Global Market,iShares Core S&P 500 ETF,APS,WEO2023,FALSE,Benchmark,Oil&Gas,Oil,0.5966,FALSE,1,2023
Listed Equity,Global Market,iShares Core S&P 500 ETF,APS,WEO2023,FALSE,Benchmark,Oil&Gas,Oil,0.6259,FALSE,1,2028
Listed Equity,Global Market,iShares Core S&P 500 ETF,NZE_2050,WEO2023,FALSE,Benchmark,Oil&Gas,Oil,0.5966,FALSE,1,2023
Listed Equity,Global Market,iShares Core S&P 500 ETF,NZE_2050,WEO2023,FALSE,Benchmark,Oil&Gas,Oil,0.6259,FALSE,1,2028
Listed Equity,Global Market,iShares Core S&P 500 ETF,STEPS,WEO2023,FALSE,Benchmark,Oil&Gas,Oil,0.5966,FALSE,1,2023
Listed Equity,Global Market,iShares Core S&P 500 ETF,STEPS,WEO2023,FALSE,Benchmark,Oil&Gas,Oil,0.6259,FALSE,1,2028
Listed Equity,Global Market,iShares Core S&P 500 ETF,1.5C,GECO2023,FALSE,Benchmark,Oil&Gas,Gas,0.4034,FALSE,1,2023
Listed Equity,Global Market,iShares Core S&P 500 ETF,1.5C,GECO2023,FALSE,Benchmark,Oil&Gas,Gas,0.3741,FALSE,1,2028
Listed Equity,Global Market,iShares Core S&P 500 ETF,NDC-LTS,GECO2023,FALSE,Benchmark,Oil&Gas,Gas,0.4034,FALSE,1,2023
Listed Equity,Global Market,iShares Core S&P 500 ETF,NDC-LTS,GECO2023,FALSE,Benchmark,Oil&Gas,Gas,0.3741,FALSE,1,2028
Listed Equity,Global Market,iShares Core S&P 500 ETF,Reference,GECO2023,FALSE,Benchmark,Oil&Gas,Gas,0.4034,FALSE,1,2023
Listed Equity,Global Market,iShares Core S&P 500 ETF,Reference,GECO2023,FALSE,Benchmark,Oil&Gas,Gas,0.3741,FALSE,1,2028
Listed Equity,Global Market,iShares Core S&P 500 ETF,1.5°C,ISF2023,FALSE,Benchmark,Oil&Gas,Gas,0.4034,FALSE,1,2023
Listed Equity,Global Market,iShares Core S&P 500 ETF,1.5°C,ISF2023,FALSE,Benchmark,Oil&Gas,Gas,0.3741,FALSE,1,2028
Listed Equity,Global Market,iShares Core S&P 500 ETF,APS,WEO2023,FALSE,Benchmark,Oil&Gas,Gas,0.4034,FALSE,1,2023
Listed Equity,Global Market,iShares Core S&P 500 ETF,APS,WEO2023,FALSE,Benchmark,Oil&Gas,Gas,0.3741,FALSE,1,2028
Listed Equity,Global Market,iShares Core S&P 500 ETF,NZE_2050,WEO2023,FALSE,Benchmark,Oil&Gas,Gas,0.4034,FALSE,1,2023
Listed Equity,Global Market,iShares Core S&P 500 ETF,NZE_2050,WEO2023,FALSE,Benchmark,Oil&Gas,Gas,0.3741,FALSE,1,2028
Listed Equity,Global Market,iShares Core S&P 500 ETF,STEPS,WEO2023,FALSE,Benchmark,Oil&Gas,Gas,0.4034,FALSE,1,2023
Listed Equity,Global Market,iShares Core S&P 500 ETF,STEPS,WEO2023,FALSE,Benchmark,Oil&Gas,Gas,0.3741,FALSE,1,2028
Listed Equity,Global Market,iShares MSCI ACWI ETF,1.5C,GECO2023,FALSE,Benchmark,Oil&Gas,Oil,0.5979,FALSE,1,2023
Listed Equity,Global Market,iShares MSCI ACWI ETF,1.5C,GECO2023,FALSE,Benchmark,Oil&Gas,Oil,0.6263,FALSE,1,2028
Listed Equity,Global Market,iShares MSCI ACWI ETF,NDC-LTS,GECO2023,FALSE,Benchmark,Oil&Gas,Oil,0.5979,FALSE,1,2023
Listed Equity,Global Market,iShares MSCI ACWI ETF,NDC-LTS,GECO2023,FALSE,Benchmark,Oil&Gas,Oil,0.6263,FALSE,1,2028
Listed Equity,Global Market,iShares MSCI ACWI ETF,Reference,GECO2023,FALSE,Benchmark,Oil&Gas,Oil,0.5979,FALSE,1,2023
Listed Equity,Global Market,iShares MSCI ACWI ETF,Reference,GECO2023,FALSE,Benchmark,Oil&Gas,Oil,0.6263,FALSE,1,2028
Listed Equity,Global Market,iShares MSCI ACWI ETF,1.5°C,ISF2023,FALSE,Benchmark,Oil&Gas,Oil,0.5979,FALSE,1,2023
Listed Equity,Global Market,iShares MSCI ACWI ETF,1.5°C,ISF2023,FALSE,Benchmark,Oil&Gas,Oil,0.6263,FALSE,1,2028
Listed Equity,Global Market,iShares MSCI ACWI ETF,APS,WEO2023,FALSE,Benchmark,Oil&Gas,Oil,0.5979,FALSE,1,2023
Listed Equity,Global Market,iShares MSCI ACWI ETF,APS,WEO2023,FALSE,Benchmark,Oil&Gas,Oil,0.6263,FALSE,1,2028
Listed Equity,Global Market,iShares MSCI ACWI ETF,NZE_2050,WEO2023,FALSE,Benchmark,Oil&Gas,Oil,0.5979,FALSE,1,2023
Listed Equity,Global Market,iShares MSCI ACWI ETF,NZE_2050,WEO2023,FALSE,Benchmark,Oil&Gas,Oil,0.6263,FALSE,1,2028
Listed Equity,Global Market,iShares MSCI ACWI ETF,STEPS,WEO2023,FALSE,Benchmark,Oil&Gas,Oil,0.5979,FALSE,1,2023
Listed Equity,Global Market,iShares MSCI ACWI ETF,STEPS,WEO2023,FALSE,Benchmark,Oil&Gas,Oil,0.6263,FALSE,1,2028
Listed Equity,Global Market,iShares MSCI ACWI ETF,1.5C,GECO2023,FALSE,Benchmark,Oil&Gas,Gas,0.4021,FALSE,1,2023
Listed Equity,Global Market,iShares MSCI ACWI ETF,1.5C,GECO2023,FALSE,Benchmark,Oil&Gas,Gas,0.3737,FALSE,1,2028
Listed Equity,Global Market,iShares MSCI ACWI ETF,NDC-LTS,GECO2023,FALSE,Benchmark,Oil&Gas,Gas,0.4021,FALSE,1,2023
Listed Equity,Global Market,iShares MSCI ACWI ETF,NDC-LTS,GECO2023,FALSE,Benchmark,Oil&Gas,Gas,0.3737,FALSE,1,2028
Listed Equity,Global Market,iShares MSCI ACWI ETF,Reference,GECO2023,FALSE,Benchmark,Oil&Gas,Gas,0.4021,FALSE,1,2023
Listed Equity,Global Market,iShares MSCI ACWI ETF,Reference,GECO2023,FALSE,Benchmark,Oil&Gas,Gas,0.3737,FALSE,1,2028
Listed Equity,Global Market,iShares MSCI ACWI ETF,1.5°C,ISF2023,FALSE,Benchmark,Oil&Gas,Gas,0.4021,FALSE,1,2023
Listed Equity,Global Market,iShares MSCI ACWI ETF,1.5°C,ISF2023,FALSE,Benchmark,Oil&Gas,Gas,0.3737,FALSE,1,2028
Listed Equity,Global Market,iShares MSCI ACWI ETF,APS,WEO2023,FALSE,Benchmark,Oil&Gas,Gas,0.4021,FALSE,1,2023
Listed Equity,Global Market,iShares MSCI ACWI ETF,APS,WEO2023,FALSE,Benchmark,Oil&Gas,Gas,0.3737,FALSE,1,2028
Listed Equity,Global Market,iShares MSCI ACWI ETF,NZE_2050,WEO2023,FALSE,Benchmark,Oil&Gas,Gas,0.4021,FALSE,1,2023
Listed Equity,Global Market,iShares MSCI ACWI ETF,NZE_2050,WEO2023,FALSE,Benchmark,Oil&Gas,Gas,0.3737,FALSE,1,2028
Listed Equity,Global Market,iShares MSCI ACWI ETF,STEPS,WEO2023,FALSE,Benchmark,Oil&Gas,Gas,0.4021,FALSE,1,2023
Listed Equity,Global Market,iShares MSCI ACWI ETF,STEPS,WEO2023,FALSE,Benchmark,Oil&Gas,Gas,0.3737,FALSE,1,2028
Listed Equity,Global Market,iShares MSCI EM UCITS ETF USD (Acc),1.5C,GECO2023,FALSE,Benchmark,Oil&Gas,Oil,0.8396,FALSE,1,2023
Listed Equity,Global Market,iShares MSCI EM UCITS ETF USD (Acc),1.5C,GECO2023,FALSE,Benchmark,Oil&Gas,Oil,0.8585,FALSE,1,2028
Listed Equity,Global Market,iShares MSCI EM UCITS ETF USD (Acc),NDC-LTS,GECO2023,FALSE,Benchmark,Oil&Gas,Oil,0.8396,FALSE,1,2023
Listed Equity,Global Market,iShares MSCI EM UCITS ETF USD (Acc),NDC-LTS,GECO2023,FALSE,Benchmark,Oil&Gas,Oil,0.8585,FALSE,1,2028
Listed Equity,Global Market,iShares MSCI EM UCITS ETF USD (Acc),Reference,GECO2023,FALSE,Benchmark,Oil&Gas,Oil,0.8396,FALSE,1,2023
Listed Equity,Global Market,iShares MSCI EM UCITS ETF USD (Acc),Reference,GECO2023,FALSE,Benchmark,Oil&Gas,Oil,0.8585,FALSE,1,2028
Listed Equity,Global Market,iShares MSCI EM UCITS ETF USD (Acc),1.5°C,ISF2023,FALSE,Benchmark,Oil&Gas,Oil,0.8396,FALSE,1,2023
Listed Equity,Global Market,iShares MSCI EM UCITS ETF USD (Acc),1.5°C,ISF2023,FALSE,Benchmark,Oil&Gas,Oil,0.8585,FALSE,1,2028
Listed Equity,Global Market,iShares MSCI EM UCITS ETF USD (Acc),APS,WEO2023,FALSE,Benchmark,Oil&Gas,Oil,0.8396,FALSE,1,2023
Listed Equity,Global Market,iShares MSCI EM UCITS ETF USD (Acc),APS,WEO2023,FALSE,Benchmark,Oil&Gas,Oil,0.8585,FALSE,1,2028
Listed Equity,Global Market,iShares MSCI EM UCITS ETF USD (Acc),NZE_2050,WEO2023,FALSE,Benchmark,Oil&Gas,Oil,0.8396,FALSE,1,2023
Listed Equity,Global Market,iShares MSCI EM UCITS ETF USD (Acc),NZE_2050,WEO2023,FALSE,Benchmark,Oil&Gas,Oil,0.8585,FALSE,1,2028
Listed Equity,Global Market,iShares MSCI EM UCITS ETF USD (Acc),STEPS,WEO2023,FALSE,Benchmark,Oil&Gas,Oil,0.8396,FALSE,1,2023
Listed Equity,Global Market,iShares MSCI EM UCITS ETF USD (Acc),STEPS,WEO2023,FALSE,Benchmark,Oil&Gas,Oil,0.8585,FALSE,1,2028
Listed Equity,Global Market,iShares MSCI EM UCITS ETF USD (Acc),1.5C,GECO2023,FALSE,Benchmark,Oil&Gas,Gas,0.1604,FALSE,1,2023
Listed Equity,Global Market,iShares MSCI EM UCITS ETF USD (Acc),1.5C,GECO2023,FALSE,Benchmark,Oil&Gas,Gas,0.1415,FALSE,1,2028
Listed Equity,Global Market,iShares MSCI EM UCITS ETF USD (Acc),NDC-LTS,GECO2023,FALSE,Benchmark,Oil&Gas,Gas,0.1604,FALSE,1,2023
Listed Equity,Global Market,iShares MSCI EM UCITS ETF USD (Acc),NDC-LTS,GECO2023,FALSE,Benchmark,Oil&Gas,Gas,0.1415,FALSE,1,2028
Listed Equity,Global Market,iShares MSCI EM UCITS ETF USD (Acc),Reference,GECO2023,FALSE,Benchmark,Oil&Gas,Gas,0.1604,FALSE,1,2023
Listed Equity,Global Market,iShares MSCI EM UCITS ETF USD (Acc),Reference,GECO2023,FALSE,Benchmark,Oil&Gas,Gas,0.1415,FALSE,1,2028
Listed Equity,Global Market,iShares MSCI EM UCITS ETF USD (Acc),1.5°C,ISF2023,FALSE,Benchmark,Oil&Gas,Gas,0.1604,FALSE,1,2023
Listed Equity,Global Market,iShares MSCI EM UCITS ETF USD (Acc),1.5°C,ISF2023,FALSE,Benchmark,Oil&Gas,Gas,0.1415,FALSE,1,2028
Listed Equity,Global Market,iShares MSCI EM UCITS ETF USD (Acc),APS,WEO2023,FALSE,Benchmark,Oil&Gas,Gas,0.1604,FALSE,1,2023
Listed Equity,Global Market,iShares MSCI EM UCITS ETF USD (Acc),APS,WEO2023,FALSE,Benchmark,Oil&Gas,Gas,0.1415,FALSE,1,2028
Listed Equity,Global Market,iShares MSCI EM UCITS ETF USD (Acc),NZE_2050,WEO2023,FALSE,Benchmark,Oil&Gas,Gas,0.1604,FALSE,1,2023
Listed Equity,Global Market,iShares MSCI EM UCITS ETF USD (Acc),NZE_2050,WEO2023,FALSE,Benchmark,Oil&Gas,Gas,0.1415,FALSE,1,2028
Listed Equity,Global Market,iShares MSCI EM UCITS ETF USD (Acc),STEPS,WEO2023,FALSE,Benchmark,Oil&Gas,Gas,0.1604,FALSE,1,2023
Listed Equity,Global Market,iShares MSCI EM UCITS ETF USD (Acc),STEPS,WEO2023,FALSE,Benchmark,Oil&Gas,Gas,0.1415,FALSE,1,2028
Listed Equity,Global Market,iShares MSCI World ETF,1.5C,GECO2023,FALSE,Benchmark,Oil&Gas,Oil,0.5739,FALSE,1,2023
Listed Equity,Global Market,iShares MSCI World ETF,1.5C,GECO2023,FALSE,Benchmark,Oil&Gas,Oil,0.6013,FALSE,1,2028
Listed Equity,Global Market,iShares MSCI World ETF,NDC-LTS,GECO2023,FALSE,Benchmark,Oil&Gas,Oil,0.5739,FALSE,1,2023
Listed Equity,Global Market,iShares MSCI World ETF,NDC-LTS,GECO2023,FALSE,Benchmark,Oil&Gas,Oil,0.6013,FALSE,1,2028
Listed Equity,Global Market,iShares MSCI World ETF,Reference,GECO2023,FALSE,Benchmark,Oil&Gas,Oil,0.5739,FALSE,1,2023
Listed Equity,Global Market,iShares MSCI World ETF,Reference,GECO2023,FALSE,Benchmark,Oil&Gas,Oil,0.6013,FALSE,1,2028
Listed Equity,Global Market,iShares MSCI World ETF,1.5°C,ISF2023,FALSE,Benchmark,Oil&Gas,Oil,0.5739,FALSE,1,2023
Listed Equity,Global Market,iShares MSCI World ETF,1.5°C,ISF2023,FALSE,Benchmark,Oil&Gas,Oil,0.6013,FALSE,1,2028
Listed Equity,Global Market,iShares MSCI World ETF,APS,WEO2023,FALSE,Benchmark,Oil&Gas,Oil,0.5739,FALSE,1,2023
Listed Equity,Global Market,iShares MSCI World ETF,APS,WEO2023,FALSE,Benchmark,Oil&Gas,Oil,0.6013,FALSE,1,2028
Listed Equity,Global Market,iShares MSCI World ETF,NZE_2050,WEO2023,FALSE,Benchmark,Oil&Gas,Oil,0.5739,FALSE,1,2023
Listed Equity,Global Market,iShares MSCI World ETF,NZE_2050,WEO2023,FALSE,Benchmark,Oil&Gas,Oil,0.6013,FALSE,1,2028
Listed Equity,Global Market,iShares MSCI World ETF,STEPS,WEO2023,FALSE,Benchmark,Oil&Gas,Oil,0.5739,FALSE,1,2023
Listed Equity,Global Market,iShares MSCI World ETF,STEPS,WEO2023,FALSE,Benchmark,Oil&Gas,Oil,0.6013,FALSE,1,2028
Listed Equity,Global Market,iShares MSCI World ETF,1.5C,GECO2023,FALSE,Benchmark,Oil&Gas,Gas,0.4261,FALSE,1,2023
Listed Equity,Global Market,iShares MSCI World ETF,1.5C,GECO2023,FALSE,Benchmark,Oil&Gas,Gas,0.3987,FALSE,1,2028
Listed Equity,Global Market,iShares MSCI World ETF,NDC-LTS,GECO2023,FALSE,Benchmark,Oil&Gas,Gas,0.4261,FALSE,1,2023
Listed Equity,Global Market,iShares MSCI World ETF,NDC-LTS,GECO2023,FALSE,Benchmark,Oil&Gas,Gas,0.3987,FALSE,1,2028
Listed Equity,Global Market,iShares MSCI World ETF,Reference,GECO2023,FALSE,Benchmark,Oil&Gas,Gas,0.4261,FALSE,1,2023
Listed Equity,Global Market,iShares MSCI World ETF,Reference,GECO2023,FALSE,Benchmark,Oil&Gas,Gas,0.3987,FALSE,1,2028
Listed Equity,Global Market,iShares MSCI World ETF,1.5°C,ISF2023,FALSE,Benchmark,Oil&Gas,Gas,0.4261,FALSE,1,2023
Listed Equity,Global Market,iShares MSCI World ETF,1.5°C,ISF2023,FALSE,Benchmark,Oil&Gas,Gas,0.3987,FALSE,1,2028
Listed Equity,Global Market,iShares MSCI World ETF,APS,WEO2023,FALSE,Benchmark,Oil&Gas,Gas,0.4261,FALSE,1,2023
Listed Equity,Global Market,iShares MSCI World ETF,APS,WEO2023,FALSE,Benchmark,Oil&Gas,Gas,0.3987,FALSE,1,2028
Listed Equity,Global Market,iShares MSCI World ETF,NZE_2050,WEO2023,FALSE,Benchmark,Oil&Gas,Gas,0.4261,FALSE,1,2023
Listed Equity,Global Market,iShares MSCI World ETF,NZE_2050,WEO2023,FALSE,Benchmark,Oil&Gas,Gas,0.3987,FALSE,1,2028
Listed Equity,Global Market,iShares MSCI World ETF,STEPS,WEO2023,FALSE,Benchmark,Oil&Gas,Gas,0.4261,FALSE,1,2023
Listed Equity,Global Market,iShares MSCI World ETF,STEPS,WEO2023,FALSE,Benchmark,Oil&Gas,Gas,0.3987,FALSE,1,2028
Listed Equity,Developed Market,Default Portfolio,1.5C,GECO2023,TRUE,Portfolio,Oil&Gas,Oil,0.4994,FALSE,1,2023
Listed Equity,Developed Market,Default Portfolio,1.5C,GECO2023,TRUE,Portfolio,Oil&Gas,Oil,0.5072,FALSE,1,2028
Listed Equity,Developed Market,Default Portfolio,NDC-LTS,GECO2023,TRUE,Portfolio,Oil&Gas,Oil,0.4994,FALSE,1,2023
Listed Equity,Developed Market,Default Portfolio,NDC-LTS,GECO2023,TRUE,Portfolio,Oil&Gas,Oil,0.5072,FALSE,1,2028
Listed Equity,Developed Market,Default Portfolio,Reference,GECO2023,TRUE,Portfolio,Oil&Gas,Oil,0.4994,FALSE,1,2023
Listed Equity,Developed Market,Default Portfolio,Reference,GECO2023,TRUE,Portfolio,Oil&Gas,Oil,0.5072,FALSE,1,2028
Listed Equity,Developed Market,Default Portfolio,1.5°C,ISF2023,TRUE,Portfolio,Oil&Gas,Oil,0.4994,FALSE,1,2023
Listed Equity,Developed Market,Default Portfolio,1.5°C,ISF2023,TRUE,Portfolio,Oil&Gas,Oil,0.5072,FALSE,1,2028
Listed Equity,Developed Market,Default Portfolio,APS,WEO2023,TRUE,Portfolio,Oil&Gas,Oil,0.4994,FALSE,1,2023
Listed Equity,Developed Market,Default Portfolio,APS,WEO2023,TRUE,Portfolio,Oil&Gas,Oil,0.5072,FALSE,1,2028
Listed Equity,Developed Market,Default Portfolio,NZE_2050,WEO2023,TRUE,Portfolio,Oil&Gas,Oil,0.4994,FALSE,1,2023
Listed Equity,Developed Market,Default Portfolio,NZE_2050,WEO2023,TRUE,Portfolio,Oil&Gas,Oil,0.5072,FALSE,1,2028
Listed Equity,Developed Market,Default Portfolio,STEPS,WEO2023,TRUE,Portfolio,Oil&Gas,Oil,0.4994,FALSE,1,2023
Listed Equity,Developed Market,Default Portfolio,STEPS,WEO2023,TRUE,Portfolio,Oil&Gas,Oil,0.5072,FALSE,1,2028
Listed Equity,Developed Market,Default Portfolio,1.5C,GECO2023,TRUE,Portfolio,Oil&Gas,Gas,0.5006,FALSE,1,2023
Listed Equity,Developed Market,Default Portfolio,1.5C,GECO2023,TRUE,Portfolio,Oil&Gas,Gas,0.4928,FALSE,1,2028
Listed Equity,Developed Market,Default Portfolio,NDC-LTS,GECO2023,TRUE,Portfolio,Oil&Gas,Gas,0.5006,FALSE,1,2023
Listed Equity,Developed Market,Default Portfolio,NDC-LTS,GECO2023,TRUE,Portfolio,Oil&Gas,Gas,0.4928,FALSE,1,2028
Listed Equity,Developed Market,Default Portfolio,Reference,GECO2023,TRUE,Portfolio,Oil&Gas,Gas,0.5006,FALSE,1,2023
Listed Equity,Developed Market,Default Portfolio,Reference,GECO2023,TRUE,Portfolio,Oil&Gas,Gas,0.4928,FALSE,1,2028
Listed Equity,Developed Market,Default Portfolio,1.5°C,ISF2023,TRUE,Portfolio,Oil&Gas,Gas,0.5006,FALSE,1,2023
Listed Equity,Developed Market,Default Portfolio,1.5°C,ISF2023,TRUE,Portfolio,Oil&Gas,Gas,0.4928,FALSE,1,2028
Listed Equity,Developed Market,Default Portfolio,APS,WEO2023,TRUE,Portfolio,Oil&Gas,Gas,0.5006,FALSE,1,2023
Listed Equity,Developed Market,Default Portfolio,APS,WEO2023,TRUE,Portfolio,Oil&Gas,Gas,0.4928,FALSE,1,2028
Listed Equity,Developed Market,Default Portfolio,NZE_2050,WEO2023,TRUE,Portfolio,Oil&Gas,Gas,0.5006,FALSE,1,2023
Listed Equity,Developed Market,Default Portfolio,NZE_2050,WEO2023,TRUE,Portfolio,Oil&Gas,Gas,0.4928,FALSE,1,2028
Listed Equity,Developed Market,Default Portfolio,STEPS,WEO2023,TRUE,Portfolio,Oil&Gas,Gas,0.5006,FALSE,1,2023
Listed Equity,Developed Market,Default Portfolio,STEPS,WEO2023,TRUE,Portfolio,Oil&Gas,Gas,0.4928,FALSE,1,2028
Listed Equity,Developed Market,Default Portfolio,1.5C,GECO2023,TRUE,Scenario,Oil&Gas,Oil,0.4229,FALSE,1,2028
Listed Equity,Developed Market,Default Portfolio,NDC-LTS,GECO2023,TRUE,Scenario,Oil&Gas,Oil,0.4371,FALSE,1,2028
Listed Equity,Developed Market,Default Portfolio,Reference,GECO2023,TRUE,Scenario,Oil&Gas,Oil,0.4365,FALSE,1,2028
Listed Equity,Developed Market,Default Portfolio,1.5°C,ISF2023,TRUE,Scenario,Oil&Gas,Oil,0.479,FALSE,1,2028
Listed Equity,Developed Market,Default Portfolio,APS,WEO2023,TRUE,Scenario,Oil&Gas,Oil,0.4984,FALSE,1,2028
Listed Equity,Developed Market,Default Portfolio,NZE_2050,WEO2023,TRUE,Scenario,Oil&Gas,Oil,0.4924,FALSE,1,2028
Listed Equity,Developed Market,Default Portfolio,STEPS,WEO2023,TRUE,Scenario,Oil&Gas,Oil,0.4968,FALSE,1,2028
Listed Equity,Developed Market,Default Portfolio,1.5C,GECO2023,TRUE,Scenario,Oil&Gas,Gas,0.5771,FALSE,1,2028
Listed Equity,Developed Market,Default Portfolio,NDC-LTS,GECO2023,TRUE,Scenario,Oil&Gas,Gas,0.5629,FALSE,1,2028
Listed Equity,Developed Market,Default Portfolio,Reference,GECO2023,TRUE,Scenario,Oil&Gas,Gas,0.5635,FALSE,1,2028
Listed Equity,Developed Market,Default Portfolio,1.5°C,ISF2023,TRUE,Scenario,Oil&Gas,Gas,0.521,FALSE,1,2028
Listed Equity,Developed Market,Default Portfolio,APS,WEO2023,TRUE,Scenario,Oil&Gas,Gas,0.5016,FALSE,1,2028
Listed Equity,Developed Market,Default Portfolio,NZE_2050,WEO2023,TRUE,Scenario,Oil&Gas,Gas,0.5076,FALSE,1,2028
Listed Equity,Developed Market,Default Portfolio,STEPS,WEO2023,TRUE,Scenario,Oil&Gas,Gas,0.5032,FALSE,1,2028
Listed Equity,Developed Market,iShares Core S&P 500 ETF,1.5C,GECO2023,FALSE,Benchmark,Oil&Gas,Oil,0.5966,FALSE,1,2023
Listed Equity,Developed Market,iShares Core S&P 500 ETF,1.5C,GECO2023,FALSE,Benchmark,Oil&Gas,Oil,0.6259,FALSE,1,2028
Listed Equity,Developed Market,iShares Core S&P 500 ETF,NDC-LTS,GECO2023,FALSE,Benchmark,Oil&Gas,Oil,0.5966,FALSE,1,2023
Listed Equity,Developed Market,iShares Core S&P 500 ETF,NDC-LTS,GECO2023,FALSE,Benchmark,Oil&Gas,Oil,0.6259,FALSE,1,2028
Listed Equity,Developed Market,iShares Core S&P 500 ETF,Reference,GECO2023,FALSE,Benchmark,Oil&Gas,Oil,0.5966,FALSE,1,2023
Listed Equity,Developed Market,iShares Core S&P 500 ETF,Reference,GECO2023,FALSE,Benchmark,Oil&Gas,Oil,0.6259,FALSE,1,2028
Listed Equity,Developed Market,iShares Core S&P 500 ETF,1.5°C,ISF2023,FALSE,Benchmark,Oil&Gas,Oil,0.5966,FALSE,1,2023
Listed Equity,Developed Market,iShares Core S&P 500 ETF,1.5°C,ISF2023,FALSE,Benchmark,Oil&Gas,Oil,0.6259,FALSE,1,2028
Listed Equity,Developed Market,iShares Core S&P 500 ETF,APS,WEO2023,FALSE,Benchmark,Oil&Gas,Oil,0.5966,FALSE,1,2023
Listed Equity,Developed Market,iShares Core S&P 500 ETF,APS,WEO2023,FALSE,Benchmark,Oil&Gas,Oil,0.6259,FALSE,1,2028
Listed Equity,Developed Market,iShares Core S&P 500 ETF,NZE_2050,WEO2023,FALSE,Benchmark,Oil&Gas,Oil,0.5966,FALSE,1,2023
Listed Equity,Developed Market,iShares Core S&P 500 ETF,NZE_2050,WEO2023,FALSE,Benchmark,Oil&Gas,Oil,0.6259,FALSE,1,2028
Listed Equity,Developed Market,iShares Core S&P 500 ETF,STEPS,WEO2023,FALSE,Benchmark,Oil&Gas,Oil,0.5966,FALSE,1,2023
Listed Equity,Developed Market,iShares Core S&P 500 ETF,STEPS,WEO2023,FALSE,Benchmark,Oil&Gas,Oil,0.6259,FALSE,1,2028
Listed Equity,Developed Market,iShares Core S&P 500 ETF,1.5C,GECO2023,FALSE,Benchmark,Oil&Gas,Gas,0.4034,FALSE,1,2023
Listed Equity,Developed Market,iShares Core S&P 500 ETF,1.5C,GECO2023,FALSE,Benchmark,Oil&Gas,Gas,0.3741,FALSE,1,2028
Listed Equity,Developed Market,iShares Core S&P 500 ETF,NDC-LTS,GECO2023,FALSE,Benchmark,Oil&Gas,Gas,0.4034,FALSE,1,2023
Listed Equity,Developed Market,iShares Core S&P 500 ETF,NDC-LTS,GECO2023,FALSE,Benchmark,Oil&Gas,Gas,0.3741,FALSE,1,2028
Listed Equity,Developed Market,iShares Core S&P 500 ETF,Reference,GECO2023,FALSE,Benchmark,Oil&Gas,Gas,0.4034,FALSE,1,2023
Listed Equity,Developed Market,iShares Core S&P 500 ETF,Reference,GECO2023,FALSE,Benchmark,Oil&Gas,Gas,0.3741,FALSE,1,2028
Listed Equity,Developed Market,iShares Core S&P 500 ETF,1.5°C,ISF2023,FALSE,Benchmark,Oil&Gas,Gas,0.4034,FALSE,1,2023
Listed Equity,Developed Market,iShares Core S&P 500 ETF,1.5°C,ISF2023,FALSE,Benchmark,Oil&Gas,Gas,0.3741,FALSE,1,2028
Listed Equity,Developed Market,iShares Core S&P 500 ETF,APS,WEO2023,FALSE,Benchmark,Oil&Gas,Gas,0.4034,FALSE,1,2023
Listed Equity,Developed Market,iShares Core S&P 500 ETF,APS,WEO2023,FALSE,Benchmark,Oil&Gas,Gas,0.3741,FALSE,1,2028
Listed Equity,Developed Market,iShares Core S&P 500 ETF,NZE_2050,WEO2023,FALSE,Benchmark,Oil&Gas,Gas,0.4034,FALSE,1,2023
Listed Equity,Developed Market,iShares Core S&P 500 ETF,NZE_2050,WEO2023,FALSE,Benchmark,Oil&Gas,Gas,0.3741,FALSE,1,2028
Listed Equity,Developed Market,iShares Core S&P 500 ETF,STEPS,WEO2023,FALSE,Benchmark,Oil&Gas,Gas,0.4034,FALSE,1,2023
Listed Equity,Developed Market,iShares Core S&P 500 ETF,STEPS,WEO2023,FALSE,Benchmark,Oil&Gas,Gas,0.3741,FALSE,1,2028
Listed Equity,Developed Market,iShares MSCI ACWI ETF,1.5C,GECO2023,FALSE,Benchmark,Oil&Gas,Oil,0.5752,FALSE,1,2023
Listed Equity,Developed Market,iShares MSCI ACWI ETF,1.5C,GECO2023,FALSE,Benchmark,Oil&Gas,Oil,0.6027,FALSE,1,2028
Listed Equity,Developed Market,iShares MSCI ACWI ETF,NDC-LTS,GECO2023,FALSE,Benchmark,Oil&Gas,Oil,0.5752,FALSE,1,2023
Listed Equity,Developed Market,iShares MSCI ACWI ETF,NDC-LTS,GECO2023,FALSE,Benchmark,Oil&Gas,Oil,0.6027,FALSE,1,2028
Listed Equity,Developed Market,iShares MSCI ACWI ETF,Reference,GECO2023,FALSE,Benchmark,Oil&Gas,Oil,0.5752,FALSE,1,2023
Listed Equity,Developed Market,iShares MSCI ACWI ETF,Reference,GECO2023,FALSE,Benchmark,Oil&Gas,Oil,0.6027,FALSE,1,2028
Listed Equity,Developed Market,iShares MSCI ACWI ETF,1.5°C,ISF2023,FALSE,Benchmark,Oil&Gas,Oil,0.5752,FALSE,1,2023
Listed Equity,Developed Market,iShares MSCI ACWI ETF,1.5°C,ISF2023,FALSE,Benchmark,Oil&Gas,Oil,0.6027,FALSE,1,2028
Listed Equity,Developed Market,iShares MSCI ACWI ETF,APS,WEO2023,FALSE,Benchmark,Oil&Gas,Oil,0.5752,FALSE,1,2023
Listed Equity,Developed Market,iShares MSCI ACWI ETF,APS,WEO2023,FALSE,Benchmark,Oil&Gas,Oil,0.6027,FALSE,1,2028
Listed Equity,Developed Market,iShares MSCI ACWI ETF,NZE_2050,WEO2023,FALSE,Benchmark,Oil&Gas,Oil,0.5752,FALSE,1,2023
Listed Equity,Developed Market,iShares MSCI ACWI ETF,NZE_2050,WEO2023,FALSE,Benchmark,Oil&Gas,Oil,0.6027,FALSE,1,2028
Listed Equity,Developed Market,iShares MSCI ACWI ETF,STEPS,WEO2023,FALSE,Benchmark,Oil&Gas,Oil,0.5752,FALSE,1,2023
Listed Equity,Developed Market,iShares MSCI ACWI ETF,STEPS,WEO2023,FALSE,Benchmark,Oil&Gas,Oil,0.6027,FALSE,1,2028
Listed Equity,Developed Market,iShares MSCI ACWI ETF,1.5C,GECO2023,FALSE,Benchmark,Oil&Gas,Gas,0.4248,FALSE,1,2023
Listed Equity,Developed Market,iShares MSCI ACWI ETF,1.5C,GECO2023,FALSE,Benchmark,Oil&Gas,Gas,0.3973,FALSE,1,2028
Listed Equity,Developed Market,iShares MSCI ACWI ETF,NDC-LTS,GECO2023,FALSE,Benchmark,Oil&Gas,Gas,0.4248,FALSE,1,2023
Listed Equity,Developed Market,iShares MSCI ACWI ETF,NDC-LTS,GECO2023,FALSE,Benchmark,Oil&Gas,Gas,0.3973,FALSE,1,2028
Listed Equity,Developed Market,iShares MSCI ACWI ETF,Reference,GECO2023,FALSE,Benchmark,Oil&Gas,Gas,0.4248,FALSE,1,2023
Listed Equity,Developed Market,iShares MSCI ACWI ETF,Reference,GECO2023,FALSE,Benchmark,Oil&Gas,Gas,0.3973,FALSE,1,2028
Listed Equity,Developed Market,iShares MSCI ACWI ETF,1.5°C,ISF2023,FALSE,Benchmark,Oil&Gas,Gas,0.4248,FALSE,1,2023
Listed Equity,Developed Market,iShares MSCI ACWI ETF,1.5°C,ISF2023,FALSE,Benchmark,Oil&Gas,Gas,0.3973,FALSE,1,2028
Listed Equity,Developed Market,iShares MSCI ACWI ETF,APS,WEO2023,FALSE,Benchmark,Oil&Gas,Gas,0.4248,FALSE,1,2023
Listed Equity,Developed Market,iShares MSCI ACWI ETF,APS,WEO2023,FALSE,Benchmark,Oil&Gas,Gas,0.3973,FALSE,1,2028
Listed Equity,Developed Market,iShares MSCI ACWI ETF,NZE_2050,WEO2023,FALSE,Benchmark,Oil&Gas,Gas,0.4248,FALSE,1,2023
Listed Equity,Developed Market,iShares MSCI ACWI ETF,NZE_2050,WEO2023,FALSE,Benchmark,Oil&Gas,Gas,0.3973,FALSE,1,2028
Listed Equity,Developed Market,iShares MSCI ACWI ETF,STEPS,WEO2023,FALSE,Benchmark,Oil&Gas,Gas,0.4248,FALSE,1,2023
Listed Equity,Developed Market,iShares MSCI ACWI ETF,STEPS,WEO2023,FALSE,Benchmark,Oil&Gas,Gas,0.3973,FALSE,1,2028
Listed Equity,Developed Market,iShares MSCI EM UCITS ETF USD (Acc),1.5C,GECO2023,FALSE,Benchmark,Oil&Gas,Oil,0.9445,FALSE,1,2023
Listed Equity,Developed Market,iShares MSCI EM UCITS ETF USD (Acc),1.5C,GECO2023,FALSE,Benchmark,Oil&Gas,Oil,0.9324,FALSE,1,2028
Listed Equity,Developed Market,iShares MSCI EM UCITS ETF USD (Acc),NDC-LTS,GECO2023,FALSE,Benchmark,Oil&Gas,Oil,0.9445,FALSE,1,2023
Listed Equity,Developed Market,iShares MSCI EM UCITS ETF USD (Acc),NDC-LTS,GECO2023,FALSE,Benchmark,Oil&Gas,Oil,0.9324,FALSE,1,2028
Listed Equity,Developed Market,iShares MSCI EM UCITS ETF USD (Acc),Reference,GECO2023,FALSE,Benchmark,Oil&Gas,Oil,0.9445,FALSE,1,2023
Listed Equity,Developed Market,iShares MSCI EM UCITS ETF USD (Acc),Reference,GECO2023,FALSE,Benchmark,Oil&Gas,Oil,0.9324,FALSE,1,2028
Listed Equity,Developed Market,iShares MSCI EM UCITS ETF USD (Acc),1.5°C,ISF2023,FALSE,Benchmark,Oil&Gas,Oil,0.9445,FALSE,1,2023
Listed Equity,Developed Market,iShares MSCI EM UCITS ETF USD (Acc),1.5°C,ISF2023,FALSE,Benchmark,Oil&Gas,Oil,0.9324,FALSE,1,2028
Listed Equity,Developed Market,iShares MSCI EM UCITS ETF USD (Acc),APS,WEO2023,FALSE,Benchmark,Oil&Gas,Oil,0.9445,FALSE,1,2023
Listed Equity,Developed Market,iShares MSCI EM UCITS ETF USD (Acc),APS,WEO2023,FALSE,Benchmark,Oil&Gas,Oil,0.9324,FALSE,1,2028
Listed Equity,Developed Market,iShares MSCI EM UCITS ETF USD (Acc),NZE_2050,WEO2023,FALSE,Benchmark,Oil&Gas,Oil,0.9445,FALSE,1,2023
Listed Equity,Developed Market,iShares MSCI EM UCITS ETF USD (Acc),NZE_2050,WEO2023,FALSE,Benchmark,Oil&Gas,Oil,0.9324,FALSE,1,2028
Listed Equity,Developed Market,iShares MSCI EM UCITS ETF USD (Acc),STEPS,WEO2023,FALSE,Benchmark,Oil&Gas,Oil,0.9445,FALSE,1,2023
Listed Equity,Developed Market,iShares MSCI EM UCITS ETF USD (Acc),STEPS,WEO2023,FALSE,Benchmark,Oil&Gas,Oil,0.9324,FALSE,1,2028
Listed Equity,Developed Market,iShares MSCI EM UCITS ETF USD (Acc),1.5C,GECO2023,FALSE,Benchmark,Oil&Gas,Gas,0.0555,FALSE,1,2023
Listed Equity,Developed Market,iShares MSCI EM UCITS ETF USD (Acc),1.5C,GECO2023,FALSE,Benchmark,Oil&Gas,Gas,0.0676,FALSE,1,2028
Listed Equity,Developed Market,iShares MSCI EM UCITS ETF USD (Acc),NDC-LTS,GECO2023,FALSE,Benchmark,Oil&Gas,Gas,0.0555,FALSE,1,2023
Listed Equity,Developed Market,iShares MSCI EM UCITS ETF USD (Acc),NDC-LTS,GECO2023,FALSE,Benchmark,Oil&Gas,Gas,0.0676,FALSE,1,2028
Listed Equity,Developed Market,iShares MSCI EM UCITS ETF USD (Acc),Reference,GECO2023,FALSE,Benchmark,Oil&Gas,Gas,0.0555,FALSE,1,2023
Listed Equity,Developed Market,iShares MSCI EM UCITS ETF USD (Acc),Reference,GECO2023,FALSE,Benchmark,Oil&Gas,Gas,0.0676,FALSE,1,2028
Listed Equity,Developed Market,iShares MSCI EM UCITS ETF USD (Acc),1.5°C,ISF2023,FALSE,Benchmark,Oil&Gas,Gas,0.0555,FALSE,1,2023
Listed Equity,Developed Market,iShares MSCI EM UCITS ETF USD (Acc),1.5°C,ISF2023,FALSE,Benchmark,Oil&Gas,Gas,0.0676,FALSE,1,2028
Listed Equity,Developed Market,iShares MSCI EM UCITS ETF USD (Acc),APS,WEO2023,FALSE,Benchmark,Oil&Gas,Gas,0.0555,FALSE,1,2023
Listed Equity,Developed Market,iShares MSCI EM UCITS ETF USD (Acc),APS,WEO2023,FALSE,Benchmark,Oil&Gas,Gas,0.0676,FALSE,1,2028
Listed Equity,Developed Market,iShares MSCI EM UCITS ETF USD (Acc),NZE_2050,WEO2023,FALSE,Benchmark,Oil&Gas,Gas,0.0555,FALSE,1,2023
Listed Equity,Developed Market,iShares MSCI EM UCITS ETF USD (Acc),NZE_2050,WEO2023,FALSE,Benchmark,Oil&Gas,Gas,0.0676,FALSE,1,2028
Listed Equity,Developed Market,iShares MSCI EM UCITS ETF USD (Acc),STEPS,WEO2023,FALSE,Benchmark,Oil&Gas,Gas,0.0555,FALSE,1,2023
Listed Equity,Developed Market,iShares MSCI EM UCITS ETF USD (Acc),STEPS,WEO2023,FALSE,Benchmark,Oil&Gas,Gas,0.0676,FALSE,1,2028
Listed Equity,Developed Market,iShares MSCI World ETF,1.5C,GECO2023,FALSE,Benchmark,Oil&Gas,Oil,0.5739,FALSE,1,2023
Listed Equity,Developed Market,iShares MSCI World ETF,1.5C,GECO2023,FALSE,Benchmark,Oil&Gas,Oil,0.6013,FALSE,1,2028
Listed Equity,Developed Market,iShares MSCI World ETF,NDC-LTS,GECO2023,FALSE,Benchmark,Oil&Gas,Oil,0.5739,FALSE,1,2023
Listed Equity,Developed Market,iShares MSCI World ETF,NDC-LTS,GECO2023,FALSE,Benchmark,Oil&Gas,Oil,0.6013,FALSE,1,2028
Listed Equity,Developed Market,iShares MSCI World ETF,Reference,GECO2023,FALSE,Benchmark,Oil&Gas,Oil,0.5739,FALSE,1,2023
Listed Equity,Developed Market,iShares MSCI World ETF,Reference,GECO2023,FALSE,Benchmark,Oil&Gas,Oil,0.6013,FALSE,1,2028
Listed Equity,Developed Market,iShares MSCI World ETF,1.5°C,ISF2023,FALSE,Benchmark,Oil&Gas,Oil,0.5739,FALSE,1,2023
Listed Equity,Developed Market,iShares MSCI World ETF,1.5°C,ISF2023,FALSE,Benchmark,Oil&Gas,Oil,0.6013,FALSE,1,2028
Listed Equity,Developed Market,iShares MSCI World ETF,APS,WEO2023,FALSE,Benchmark,Oil&Gas,Oil,0.5739,FALSE,1,2023
Listed Equity,Developed Market,iShares MSCI World ETF,APS,WEO2023,FALSE,Benchmark,Oil&Gas,Oil,0.6013,FALSE,1,2028
Listed Equity,Developed Market,iShares MSCI World ETF,NZE_2050,WEO2023,FALSE,Benchmark,Oil&Gas,Oil,0.5739,FALSE,1,2023
Listed Equity,Developed Market,iShares MSCI World ETF,NZE_2050,WEO2023,FALSE,Benchmark,Oil&Gas,Oil,0.6013,FALSE,1,2028
Listed Equity,Developed Market,iShares MSCI World ETF,STEPS,WEO2023,FALSE,Benchmark,Oil&Gas,Oil,0.5739,FALSE,1,2023
Listed Equity,Developed Market,iShares MSCI World ETF,STEPS,WEO2023,FALSE,Benchmark,Oil&Gas,Oil,0.6013,FALSE,1,2028
Listed Equity,Developed Market,iShares MSCI World ETF,1.5C,GECO2023,FALSE,Benchmark,Oil&Gas,Gas,0.4261,FALSE,1,2023
Listed Equity,Developed Market,iShares MSCI World ETF,1.5C,GECO2023,FALSE,Benchmark,Oil&Gas,Gas,0.3987,FALSE,1,2028
Listed Equity,Developed Market,iShares MSCI World ETF,NDC-LTS,GECO2023,FALSE,Benchmark,Oil&Gas,Gas,0.4261,FALSE,1,2023
Listed Equity,Developed Market,iShares MSCI World ETF,NDC-LTS,GECO2023,FALSE,Benchmark,Oil&Gas,Gas,0.3987,FALSE,1,2028
Listed Equity,Developed Market,iShares MSCI World ETF,Reference,GECO2023,FALSE,Benchmark,Oil&Gas,Gas,0.4261,FALSE,1,2023
Listed Equity,Developed Market,iShares MSCI World ETF,Reference,GECO2023,FALSE,Benchmark,Oil&Gas,Gas,0.3987,FALSE,1,2028
Listed Equity,Developed Market,iShares MSCI World ETF,1.5°C,ISF2023,FALSE,Benchmark,Oil&Gas,Gas,0.4261,FALSE,1,2023
Listed Equity,Developed Market,iShares MSCI World ETF,1.5°C,ISF2023,FALSE,Benchmark,Oil&Gas,Gas,0.3987,FALSE,1,2028
Listed Equity,Developed Market,iShares MSCI World ETF,APS,WEO2023,FALSE,Benchmark,Oil&Gas,Gas,0.4261,FALSE,1,2023
Listed Equity,Developed Market,iShares MSCI World ETF,APS,WEO2023,FALSE,Benchmark,Oil&Gas,Gas,0.3987,FALSE,1,2028
Listed Equity,Developed Market,iShares MSCI World ETF,NZE_2050,WEO2023,FALSE,Benchmark,Oil&Gas,Gas,0.4261,FALSE,1,2023
Listed Equity,Developed Market,iShares MSCI World ETF,NZE_2050,WEO2023,FALSE,Benchmark,Oil&Gas,Gas,0.3987,FALSE,1,2028
Listed Equity,Developed Market,iShares MSCI World ETF,STEPS,WEO2023,FALSE,Benchmark,Oil&Gas,Gas,0.4261,FALSE,1,2023
Listed Equity,Developed Market,iShares MSCI World ETF,STEPS,WEO2023,FALSE,Benchmark,Oil&Gas,Gas,0.3987,FALSE,1,2028
Listed Equity,Emerging Market,iShares MSCI ACWI ETF,1.5C,GECO2023,FALSE,Benchmark,Oil&Gas,Oil,0.8268,FALSE,1,2023
Listed Equity,Emerging Market,iShares MSCI ACWI ETF,1.5C,GECO2023,FALSE,Benchmark,Oil&Gas,Oil,0.8434,FALSE,1,2028
Listed Equity,Emerging Market,iShares MSCI ACWI ETF,NDC-LTS,GECO2023,FALSE,Benchmark,Oil&Gas,Oil,0.8268,FALSE,1,2023
Listed Equity,Emerging Market,iShares MSCI ACWI ETF,NDC-LTS,GECO2023,FALSE,Benchmark,Oil&Gas,Oil,0.8434,FALSE,1,2028
Listed Equity,Emerging Market,iShares MSCI ACWI ETF,Reference,GECO2023,FALSE,Benchmark,Oil&Gas,Oil,0.8268,FALSE,1,2023
Listed Equity,Emerging Market,iShares MSCI ACWI ETF,Reference,GECO2023,FALSE,Benchmark,Oil&Gas,Oil,0.8434,FALSE,1,2028
Listed Equity,Emerging Market,iShares MSCI ACWI ETF,1.5°C,ISF2023,FALSE,Benchmark,Oil&Gas,Oil,0.8268,FALSE,1,2023
Listed Equity,Emerging Market,iShares MSCI ACWI ETF,1.5°C,ISF2023,FALSE,Benchmark,Oil&Gas,Oil,0.8434,FALSE,1,2028
Listed Equity,Emerging Market,iShares MSCI ACWI ETF,APS,WEO2023,FALSE,Benchmark,Oil&Gas,Oil,0.8268,FALSE,1,2023
Listed Equity,Emerging Market,iShares MSCI ACWI ETF,APS,WEO2023,FALSE,Benchmark,Oil&Gas,Oil,0.8434,FALSE,1,2028
Listed Equity,Emerging Market,iShares MSCI ACWI ETF,NZE_2050,WEO2023,FALSE,Benchmark,Oil&Gas,Oil,0.8268,FALSE,1,2023
Listed Equity,Emerging Market,iShares MSCI ACWI ETF,NZE_2050,WEO2023,FALSE,Benchmark,Oil&Gas,Oil,0.8434,FALSE,1,2028
Listed Equity,Emerging Market,iShares MSCI ACWI ETF,STEPS,WEO2023,FALSE,Benchmark,Oil&Gas,Oil,0.8268,FALSE,1,2023
Listed Equity,Emerging Market,iShares MSCI ACWI ETF,STEPS,WEO2023,FALSE,Benchmark,Oil&Gas,Oil,0.8434,FALSE,1,2028
Listed Equity,Emerging Market,iShares MSCI ACWI ETF,1.5C,GECO2023,FALSE,Benchmark,Oil&Gas,Gas,0.1732,FALSE,1,2023
Listed Equity,Emerging Market,iShares MSCI ACWI ETF,1.5C,GECO2023,FALSE,Benchmark,Oil&Gas,Gas,0.1566,FALSE,1,2028
Listed Equity,Emerging Market,iShares MSCI ACWI ETF,NDC-LTS,GECO2023,FALSE,Benchmark,Oil&Gas,Gas,0.1732,FALSE,1,2023
Listed Equity,Emerging Market,iShares MSCI ACWI ETF,NDC-LTS,GECO2023,FALSE,Benchmark,Oil&Gas,Gas,0.1566,FALSE,1,2028
Listed Equity,Emerging Market,iShares MSCI ACWI ETF,Reference,GECO2023,FALSE,Benchmark,Oil&Gas,Gas,0.1732,FALSE,1,2023
Listed Equity,Emerging Market,iShares MSCI ACWI ETF,Reference,GECO2023,FALSE,Benchmark,Oil&Gas,Gas,0.1566,FALSE,1,2028
Listed Equity,Emerging Market,iShares MSCI ACWI ETF,1.5°C,ISF2023,FALSE,Benchmark,Oil&Gas,Gas,0.1732,FALSE,1,2023
Listed Equity,Emerging Market,iShares MSCI ACWI ETF,1.5°C,ISF2023,FALSE,Benchmark,Oil&Gas,Gas,0.1566,FALSE,1,2028
Listed Equity,Emerging Market,iShares MSCI ACWI ETF,APS,WEO2023,FALSE,Benchmark,Oil&Gas,Gas,0.1732,FALSE,1,2023
Listed Equity,Emerging Market,iShares MSCI ACWI ETF,APS,WEO2023,FALSE,Benchmark,Oil&Gas,Gas,0.1566,FALSE,1,2028
Listed Equity,Emerging Market,iShares MSCI ACWI ETF,NZE_2050,WEO2023,FALSE,Benchmark,Oil&Gas,Gas,0.1732,FALSE,1,2023
Listed Equity,Emerging Market,iShares MSCI ACWI ETF,NZE_2050,WEO2023,FALSE,Benchmark,Oil&Gas,Gas,0.1566,FALSE,1,2028
Listed Equity,Emerging Market,iShares MSCI ACWI ETF,STEPS,WEO2023,FALSE,Benchmark,Oil&Gas,Gas,0.1732,FALSE,1,2023
Listed Equity,Emerging Market,iShares MSCI ACWI ETF,STEPS,WEO2023,FALSE,Benchmark,Oil&Gas,Gas,0.1566,FALSE,1,2028
Listed Equity,Emerging Market,iShares MSCI EM UCITS ETF USD (Acc),1.5C,GECO2023,FALSE,Benchmark,Oil&Gas,Oil,0.8396,FALSE,1,2023
Listed Equity,Emerging Market,iShares MSCI EM UCITS ETF USD (Acc),1.5C,GECO2023,FALSE,Benchmark,Oil&Gas,Oil,0.8585,FALSE,1,2028
Listed Equity,Emerging Market,iShares MSCI EM UCITS ETF USD (Acc),NDC-LTS,GECO2023,FALSE,Benchmark,Oil&Gas,Oil,0.8396,FALSE,1,2023
Listed Equity,Emerging Market,iShares MSCI EM UCITS ETF USD (Acc),NDC-LTS,GECO2023,FALSE,Benchmark,Oil&Gas,Oil,0.8585,FALSE,1,2028
Listed Equity,Emerging Market,iShares MSCI EM UCITS ETF USD (Acc),Reference,GECO2023,FALSE,Benchmark,Oil&Gas,Oil,0.8396,FALSE,1,2023
Listed Equity,Emerging Market,iShares MSCI EM UCITS ETF USD (Acc),Reference,GECO2023,FALSE,Benchmark,Oil&Gas,Oil,0.8585,FALSE,1,2028
Listed Equity,Emerging Market,iShares MSCI EM UCITS ETF USD (Acc),1.5°C,ISF2023,FALSE,Benchmark,Oil&Gas,Oil,0.8396,FALSE,1,2023
Listed Equity,Emerging Market,iShares MSCI EM UCITS ETF USD (Acc),1.5°C,ISF2023,FALSE,Benchmark,Oil&Gas,Oil,0.8585,FALSE,1,2028
Listed Equity,Emerging Market,iShares MSCI EM UCITS ETF USD (Acc),APS,WEO2023,FALSE,Benchmark,Oil&Gas,Oil,0.8396,FALSE,1,2023
Listed Equity,Emerging Market,iShares MSCI EM UCITS ETF USD (Acc),APS,WEO2023,FALSE,Benchmark,Oil&Gas,Oil,0.8585,FALSE,1,2028
Listed Equity,Emerging Market,iShares MSCI EM UCITS ETF USD (Acc),NZE_2050,WEO2023,FALSE,Benchmark,Oil&Gas,Oil,0.8396,FALSE,1,2023
Listed Equity,Emerging Market,iShares MSCI EM UCITS ETF USD (Acc),NZE_2050,WEO2023,FALSE,Benchmark,Oil&Gas,Oil,0.8585,FALSE,1,2028
Listed Equity,Emerging Market,iShares MSCI EM UCITS ETF USD (Acc),STEPS,WEO2023,FALSE,Benchmark,Oil&Gas,Oil,0.8396,FALSE,1,2023
Listed Equity,Emerging Market,iShares MSCI EM UCITS ETF USD (Acc),STEPS,WEO2023,FALSE,Benchmark,Oil&Gas,Oil,0.8585,FALSE,1,2028
Listed Equity,Emerging Market,iShares MSCI EM UCITS ETF USD (Acc),1.5C,GECO2023,FALSE,Benchmark,Oil&Gas,Gas,0.1604,FALSE,1,2023
Listed Equity,Emerging Market,iShares MSCI EM UCITS ETF USD (Acc),1.5C,GECO2023,FALSE,Benchmark,Oil&Gas,Gas,0.1415,FALSE,1,2028
Listed Equity,Emerging Market,iShares MSCI EM UCITS ETF USD (Acc),NDC-LTS,GECO2023,FALSE,Benchmark,Oil&Gas,Gas,0.1604,FALSE,1,2023
Listed Equity,Emerging Market,iShares MSCI EM UCITS ETF USD (Acc),NDC-LTS,GECO2023,FALSE,Benchmark,Oil&Gas,Gas,0.1415,FALSE,1,2028
Listed Equity,Emerging Market,iShares MSCI EM UCITS ETF USD (Acc),Reference,GECO2023,FALSE,Benchmark,Oil&Gas,Gas,0.1604,FALSE,1,2023
Listed Equity,Emerging Market,iShares MSCI EM UCITS ETF USD (Acc),Reference,GECO2023,FALSE,Benchmark,Oil&Gas,Gas,0.1415,FALSE,1,2028
Listed Equity,Emerging Market,iShares MSCI EM UCITS ETF USD (Acc),1.5°C,ISF2023,FALSE,Benchmark,Oil&Gas,Gas,0.1604,FALSE,1,2023
Listed Equity,Emerging Market,iShares MSCI EM UCITS ETF USD (Acc),1.5°C,ISF2023,FALSE,Benchmark,Oil&Gas,Gas,0.1415,FALSE,1,2028
Listed Equity,Emerging Market,iShares MSCI EM UCITS ETF USD (Acc),APS,WEO2023,FALSE,Benchmark,Oil&Gas,Gas,0.1604,FALSE,1,2023
Listed Equity,Emerging Market,iShares MSCI EM UCITS ETF USD (Acc),APS,WEO2023,FALSE,Benchmark,Oil&Gas,Gas,0.1415,FALSE,1,2028
Listed Equity,Emerging Market,iShares MSCI EM UCITS ETF USD (Acc),NZE_2050,WEO2023,FALSE,Benchmark,Oil&Gas,Gas,0.1604,FALSE,1,2023
Listed Equity,Emerging Market,iShares MSCI EM UCITS ETF USD (Acc),NZE_2050,WEO2023,FALSE,Benchmark,Oil&Gas,Gas,0.1415,FALSE,1,2028
Listed Equity,Emerging Market,iShares MSCI EM UCITS ETF USD (Acc),STEPS,WEO2023,FALSE,Benchmark,Oil&Gas,Gas,0.1604,FALSE,1,2023
Listed Equity,Emerging Market,iShares MSCI EM UCITS ETF USD (Acc),STEPS,WEO2023,FALSE,Benchmark,Oil&Gas,Gas,0.1415,FALSE,1,2028
