[{"company_name":"Shell Plc","allocation":"ownership_weight","scenario_source":"GECO2023","scenario":"1.5C","ald_sector":"Power","year":2023,"plan_tech_share":0.3633,"plan_carsten":0,"port_weight":1,"y":0.776,"asset_class":"Listed Equity","ald_sector_translation":"Power","asset_class_translation":"Listed Equity"},{"company_name":"Shell Plc","allocation":"ownership_weight","scenario_source":"GECO2023","scenario":"NDC-LTS","ald_sector":"Power","year":2023,"plan_tech_share":0.3633,"plan_carsten":0,"port_weight":1,"y":1.0194,"asset_class":"Listed Equity","ald_sector_translation":"Power","asset_class_translation":"Listed Equity"},{"company_name":"Shell Plc","allocation":"ownership_weight","scenario_source":"GECO2023","scenario":"Reference","ald_sector":"Power","year":2023,"plan_tech_share":0.3633,"plan_carsten":0,"port_weight":1,"y":1.2387,"asset_class":"Listed Equity","ald_sector_translation":"Power","asset_class_translation":"Listed Equity"},{"company_name":"Shell Plc","allocation":"ownership_weight","scenario_source":"ISF2023","scenario":"1.5°C","ald_sector":"Power","year":2023,"plan_tech_share":0.3633,"plan_carsten":0,"port_weight":1,"y":0.6491,"asset_class":"Listed Equity","ald_sector_translation":"Power","asset_class_translation":"Listed Equity"},{"company_name":"Shell Plc","allocation":"ownership_weight","scenario_source":"WEO2023","scenario":"APS","ald_sector":"Power","year":2023,"plan_tech_share":0.3633,"plan_carsten":0,"port_weight":1,"y":0.6626,"asset_class":"Listed Equity","ald_sector_translation":"Power","asset_class_translation":"Listed Equity"},{"company_name":"Shell Plc","allocation":"ownership_weight","scenario_source":"WEO2023","scenario":"NZE_2050","ald_sector":"Power","year":2023,"plan_tech_share":0.3633,"plan_carsten":0,"port_weight":1,"y":0.5605,"asset_class":"Listed Equity","ald_sector_translation":"Power","asset_class_translation":"Listed Equity"},{"company_name":"Shell Plc","allocation":"ownership_weight","scenario_source":"WEO2023","scenario":"STEPS","ald_sector":"Power","year":2023,"plan_tech_share":0.3633,"plan_carsten":0,"port_weight":1,"y":0.8031,"asset_class":"Listed Equity","ald_sector_translation":"Power","asset_class_translation":"Listed Equity"}]
