id,ald_sector,technology,plan_tech_share,port_weight,allocation,scenario_source,scenario,year,asset_class,ald_sector_translation,asset_class_translation,technology_translation
Shell Plc,Power,CoalCap,0,1,ownership_weight,GECO2023,1.5C,2028,Listed Equity,Power,Listed Equity,Coal Power
Shell Plc,Power,CoalCap,0,1,ownership_weight,GECO2023,NDC-LTS,2028,Listed Equity,Power,Listed Equity,Coal Power
Shell Plc,Power,CoalCap,0,1,ownership_weight,GECO2023,Reference,2028,Listed Equity,Power,Listed Equity,Coal Power
Shell Plc,Power,CoalCap,0,1,ownership_weight,ISF2023,1.5°C,2028,Listed Equity,Power,Listed Equity,Coal Power
Shell Plc,Power,CoalCap,0,1,ownership_weight,WEO2023,APS,2028,Listed Equity,Power,Listed Equity,Coal Power
Shell Plc,Power,CoalCap,0,1,ownership_weight,WEO2023,NZE_2050,2028,Listed Equity,Power,Listed Equity,Coal Power
Shell Plc,Power,CoalCap,0,1,ownership_weight,WEO2023,STEPS,2028,Listed Equity,Power,Listed Equity,Coal Power
Shell Plc,Power,GasCap,0.3857,1,ownership_weight,GECO2023,1.5C,2028,Listed Equity,Power,Listed Equity,Gas Power
Shell Plc,Power,GasCap,0.3857,1,ownership_weight,GECO2023,NDC-LTS,2028,Listed Equity,Power,Listed Equity,Gas Power
Shell Plc,Power,GasCap,0.3857,1,ownership_weight,GECO2023,Reference,2028,Listed Equity,Power,Listed Equity,Gas Power
Shell Plc,Power,GasCap,0.3857,1,ownership_weight,ISF2023,1.5°C,2028,Listed Equity,Power,Listed Equity,Gas Power
Shell Plc,Power,GasCap,0.3857,1,ownership_weight,WEO2023,APS,2028,Listed Equity,Power,Listed Equity,Gas Power
Shell Plc,Power,GasCap,0.3857,1,ownership_weight,WEO2023,NZE_2050,2028,Listed Equity,Power,Listed Equity,Gas Power
Shell Plc,Power,GasCap,0.3857,1,ownership_weight,WEO2023,STEPS,2028,Listed Equity,Power,Listed Equity,Gas Power
Shell Plc,Power,HydroCap,0,1,ownership_weight,GECO2023,1.5C,2028,Listed Equity,Power,Listed Equity,Hydropower
Shell Plc,Power,HydroCap,0,1,ownership_weight,GECO2023,NDC-LTS,2028,Listed Equity,Power,Listed Equity,Hydropower
Shell Plc,Power,HydroCap,0,1,ownership_weight,GECO2023,Reference,2028,Listed Equity,Power,Listed Equity,Hydropower
Shell Plc,Power,HydroCap,0,1,ownership_weight,ISF2023,1.5°C,2028,Listed Equity,Power,Listed Equity,Hydropower
Shell Plc,Power,HydroCap,0,1,ownership_weight,WEO2023,APS,2028,Listed Equity,Power,Listed Equity,Hydropower
Shell Plc,Power,HydroCap,0,1,ownership_weight,WEO2023,NZE_2050,2028,Listed Equity,Power,Listed Equity,Hydropower
Shell Plc,Power,HydroCap,0,1,ownership_weight,WEO2023,STEPS,2028,Listed Equity,Power,Listed Equity,Hydropower
Shell Plc,Power,NuclearCap,0,1,ownership_weight,GECO2023,1.5C,2028,Listed Equity,Power,Listed Equity,Nuclear Power
Shell Plc,Power,NuclearCap,0,1,ownership_weight,GECO2023,NDC-LTS,2028,Listed Equity,Power,Listed Equity,Nuclear Power
Shell Plc,Power,NuclearCap,0,1,ownership_weight,GECO2023,Reference,2028,Listed Equity,Power,Listed Equity,Nuclear Power
Shell Plc,Power,NuclearCap,0,1,ownership_weight,ISF2023,1.5°C,2028,Listed Equity,Power,Listed Equity,Nuclear Power
Shell Plc,Power,NuclearCap,0,1,ownership_weight,WEO2023,APS,2028,Listed Equity,Power,Listed Equity,Nuclear Power
Shell Plc,Power,NuclearCap,0,1,ownership_weight,WEO2023,NZE_2050,2028,Listed Equity,Power,Listed Equity,Nuclear Power
Shell Plc,Power,NuclearCap,0,1,ownership_weight,WEO2023,STEPS,2028,Listed Equity,Power,Listed Equity,Nuclear Power
Shell Plc,Power,OilCap,0.0212,1,ownership_weight,GECO2023,1.5C,2028,Listed Equity,Power,Listed Equity,Oil Power
Shell Plc,Power,OilCap,0.0212,1,ownership_weight,GECO2023,NDC-LTS,2028,Listed Equity,Power,Listed Equity,Oil Power
Shell Plc,Power,OilCap,0.0212,1,ownership_weight,GECO2023,Reference,2028,Listed Equity,Power,Listed Equity,Oil Power
Shell Plc,Power,OilCap,0.0212,1,ownership_weight,ISF2023,1.5°C,2028,Listed Equity,Power,Listed Equity,Oil Power
Shell Plc,Power,OilCap,0.0212,1,ownership_weight,WEO2023,APS,2028,Listed Equity,Power,Listed Equity,Oil Power
Shell Plc,Power,OilCap,0.0212,1,ownership_weight,WEO2023,NZE_2050,2028,Listed Equity,Power,Listed Equity,Oil Power
Shell Plc,Power,OilCap,0.0212,1,ownership_weight,WEO2023,STEPS,2028,Listed Equity,Power,Listed Equity,Oil Power
Shell Plc,Power,RenewablesCap,0.5931,1,ownership_weight,GECO2023,1.5C,2028,Listed Equity,Power,Listed Equity,Renewables
Shell Plc,Power,RenewablesCap,0.5931,1,ownership_weight,GECO2023,NDC-LTS,2028,Listed Equity,Power,Listed Equity,Renewables
Shell Plc,Power,RenewablesCap,0.5931,1,ownership_weight,GECO2023,Reference,2028,Listed Equity,Power,Listed Equity,Renewables
Shell Plc,Power,RenewablesCap,0.5931,1,ownership_weight,ISF2023,1.5°C,2028,Listed Equity,Power,Listed Equity,Renewables
Shell Plc,Power,RenewablesCap,0.5931,1,ownership_weight,WEO2023,APS,2028,Listed Equity,Power,Listed Equity,Renewables
Shell Plc,Power,RenewablesCap,0.5931,1,ownership_weight,WEO2023,NZE_2050,2028,Listed Equity,Power,Listed Equity,Renewables
Shell Plc,Power,RenewablesCap,0.5931,1,ownership_weight,WEO2023,STEPS,2028,Listed Equity,Power,Listed Equity,Renewables
