id,ald_sector,technology,plan_tech_share,port_weight,scenario,scenario_source,allocation,year,asset_class,ald_sector_translation,asset_class_translation,technology_translation,id_translation
Portfolio,Power,CoalCap,0,1,1.5C,GECO2023,ownership_weight,2028,Listed Equity,Power,Listed Equity,Coal Power,Portfolio
Aligned* Portfolio,Power,CoalCap,0,1,1.5C,GECO2023,ownership_weight,2028,Listed Equity,Power,Listed Equity,Coal Power,Aligned* Portfolio
Portfolio,Power,GasCap,0.3857,1,1.5C,GECO2023,ownership_weight,2028,Listed Equity,Power,Listed Equity,Gas Power,Portfolio
Aligned* Portfolio,Power,GasCap,0.3827,1,1.5C,GECO2023,ownership_weight,2028,Listed Equity,Power,Listed Equity,Gas Power,Aligned* Portfolio
Portfolio,Power,HydroCap,0,1,1.5C,GECO2023,ownership_weight,2028,Listed Equity,Power,Listed Equity,Hydropower,Portfolio
Aligned* Portfolio,Power,HydroCap,0.033,1,1.5C,GECO2023,ownership_weight,2028,Listed Equity,Power,Listed Equity,Hydropower,Aligned* Portfolio
Portfolio,Power,NuclearCap,0,1,1.5C,GECO2023,ownership_weight,2028,Listed Equity,Power,Listed Equity,Nuclear Power,Portfolio
Aligned* Portfolio,Power,NuclearCap,0.0029,1,1.5C,GECO2023,ownership_weight,2028,Listed Equity,Power,Listed Equity,Nuclear Power,Aligned* Portfolio
Portfolio,Power,OilCap,0.0212,1,1.5C,GECO2023,ownership_weight,2028,Listed Equity,Power,Listed Equity,Oil Power,Portfolio
Aligned* Portfolio,Power,OilCap,0.0154,1,1.5C,GECO2023,ownership_weight,2028,Listed Equity,Power,Listed Equity,Oil Power,Aligned* Portfolio
Portfolio,Power,RenewablesCap,0.5931,1,1.5C,GECO2023,ownership_weight,2028,Listed Equity,Power,Listed Equity,Renewables,Portfolio
Aligned* Portfolio,Power,RenewablesCap,0.5661,1,1.5C,GECO2023,ownership_weight,2028,Listed Equity,Power,Listed Equity,Renewables,Aligned* Portfolio
Portfolio,Power,CoalCap,0,1,NDC-LTS,GECO2023,ownership_weight,2028,Listed Equity,Power,Listed Equity,Coal Power,Portfolio
Aligned* Portfolio,Power,CoalCap,0,1,NDC-LTS,GECO2023,ownership_weight,2028,Listed Equity,Power,Listed Equity,Coal Power,Aligned* Portfolio
Portfolio,Power,GasCap,0.3857,1,NDC-LTS,GECO2023,ownership_weight,2028,Listed Equity,Power,Listed Equity,Gas Power,Portfolio
Aligned* Portfolio,Power,GasCap,0.4676,1,NDC-LTS,GECO2023,ownership_weight,2028,Listed Equity,Power,Listed Equity,Gas Power,Aligned* Portfolio
Portfolio,Power,HydroCap,0,1,NDC-LTS,GECO2023,ownership_weight,2028,Listed Equity,Power,Listed Equity,Hydropower,Portfolio
Aligned* Portfolio,Power,HydroCap,0.012,1,NDC-LTS,GECO2023,ownership_weight,2028,Listed Equity,Power,Listed Equity,Hydropower,Aligned* Portfolio
Portfolio,Power,NuclearCap,0,1,NDC-LTS,GECO2023,ownership_weight,2028,Listed Equity,Power,Listed Equity,Nuclear Power,Portfolio
Aligned* Portfolio,Power,NuclearCap,0.0029,1,NDC-LTS,GECO2023,ownership_weight,2028,Listed Equity,Power,Listed Equity,Nuclear Power,Aligned* Portfolio
Portfolio,Power,OilCap,0.0212,1,NDC-LTS,GECO2023,ownership_weight,2028,Listed Equity,Power,Listed Equity,Oil Power,Portfolio
Aligned* Portfolio,Power,OilCap,0.0163,1,NDC-LTS,GECO2023,ownership_weight,2028,Listed Equity,Power,Listed Equity,Oil Power,Aligned* Portfolio
Portfolio,Power,RenewablesCap,0.5931,1,NDC-LTS,GECO2023,ownership_weight,2028,Listed Equity,Power,Listed Equity,Renewables,Portfolio
Aligned* Portfolio,Power,RenewablesCap,0.5011,1,NDC-LTS,GECO2023,ownership_weight,2028,Listed Equity,Power,Listed Equity,Renewables,Aligned* Portfolio
Portfolio,Power,CoalCap,0,1,Reference,GECO2023,ownership_weight,2028,Listed Equity,Power,Listed Equity,Coal Power,Portfolio
Aligned* Portfolio,Power,CoalCap,0,1,Reference,GECO2023,ownership_weight,2028,Listed Equity,Power,Listed Equity,Coal Power,Aligned* Portfolio
Portfolio,Power,GasCap,0.3857,1,Reference,GECO2023,ownership_weight,2028,Listed Equity,Power,Listed Equity,Gas Power,Portfolio
Aligned* Portfolio,Power,GasCap,0.5057,1,Reference,GECO2023,ownership_weight,2028,Listed Equity,Power,Listed Equity,Gas Power,Aligned* Portfolio
Portfolio,Power,HydroCap,0,1,Reference,GECO2023,ownership_weight,2028,Listed Equity,Power,Listed Equity,Hydropower,Portfolio
Aligned* Portfolio,Power,HydroCap,0.0099,1,Reference,GECO2023,ownership_weight,2028,Listed Equity,Power,Listed Equity,Hydropower,Aligned* Portfolio
Portfolio,Power,NuclearCap,0,1,Reference,GECO2023,ownership_weight,2028,Listed Equity,Power,Listed Equity,Nuclear Power,Portfolio
Aligned* Portfolio,Power,NuclearCap,0.0029,1,Reference,GECO2023,ownership_weight,2028,Listed Equity,Power,Listed Equity,Nuclear Power,Aligned* Portfolio
Portfolio,Power,OilCap,0.0212,1,Reference,GECO2023,ownership_weight,2028,Listed Equity,Power,Listed Equity,Oil Power,Portfolio
Aligned* Portfolio,Power,OilCap,0.0169,1,Reference,GECO2023,ownership_weight,2028,Listed Equity,Power,Listed Equity,Oil Power,Aligned* Portfolio
Portfolio,Power,RenewablesCap,0.5931,1,Reference,GECO2023,ownership_weight,2028,Listed Equity,Power,Listed Equity,Renewables,Portfolio
Aligned* Portfolio,Power,RenewablesCap,0.4645,1,Reference,GECO2023,ownership_weight,2028,Listed Equity,Power,Listed Equity,Renewables,Aligned* Portfolio
Portfolio,Power,CoalCap,0,1,1.5°C,ISF2023,ownership_weight,2028,Listed Equity,Power,Listed Equity,Coal Power,Portfolio
Aligned* Portfolio,Power,CoalCap,0,1,1.5°C,ISF2023,ownership_weight,2028,Listed Equity,Power,Listed Equity,Coal Power,Aligned* Portfolio
Portfolio,Power,GasCap,0.3857,1,1.5°C,ISF2023,ownership_weight,2028,Listed Equity,Power,Listed Equity,Gas Power,Portfolio
Aligned* Portfolio,Power,GasCap,0.3408,1,1.5°C,ISF2023,ownership_weight,2028,Listed Equity,Power,Listed Equity,Gas Power,Aligned* Portfolio
Portfolio,Power,HydroCap,0,1,1.5°C,ISF2023,ownership_weight,2028,Listed Equity,Power,Listed Equity,Hydropower,Portfolio
Aligned* Portfolio,Power,HydroCap,0.0109,1,1.5°C,ISF2023,ownership_weight,2028,Listed Equity,Power,Listed Equity,Hydropower,Aligned* Portfolio
Portfolio,Power,NuclearCap,0,1,1.5°C,ISF2023,ownership_weight,2028,Listed Equity,Power,Listed Equity,Nuclear Power,Portfolio
Aligned* Portfolio,Power,NuclearCap,0,1,1.5°C,ISF2023,ownership_weight,2028,Listed Equity,Power,Listed Equity,Nuclear Power,Aligned* Portfolio
Portfolio,Power,OilCap,0.0212,1,1.5°C,ISF2023,ownership_weight,2028,Listed Equity,Power,Listed Equity,Oil Power,Portfolio
Aligned* Portfolio,Power,OilCap,0.0158,1,1.5°C,ISF2023,ownership_weight,2028,Listed Equity,Power,Listed Equity,Oil Power,Aligned* Portfolio
Portfolio,Power,RenewablesCap,0.5931,1,1.5°C,ISF2023,ownership_weight,2028,Listed Equity,Power,Listed Equity,Renewables,Portfolio
Aligned* Portfolio,Power,RenewablesCap,0.6325,1,1.5°C,ISF2023,ownership_weight,2028,Listed Equity,Power,Listed Equity,Renewables,Aligned* Portfolio
Portfolio,Power,CoalCap,0,1,APS,WEO2023,ownership_weight,2028,Listed Equity,Power,Listed Equity,Coal Power,Portfolio
Aligned* Portfolio,Power,CoalCap,0,1,APS,WEO2023,ownership_weight,2028,Listed Equity,Power,Listed Equity,Coal Power,Aligned* Portfolio
Portfolio,Power,GasCap,0.3857,1,APS,WEO2023,ownership_weight,2028,Listed Equity,Power,Listed Equity,Gas Power,Portfolio
Aligned* Portfolio,Power,GasCap,0.3943,1,APS,WEO2023,ownership_weight,2028,Listed Equity,Power,Listed Equity,Gas Power,Aligned* Portfolio
Portfolio,Power,HydroCap,0,1,APS,WEO2023,ownership_weight,2028,Listed Equity,Power,Listed Equity,Hydropower,Portfolio
Aligned* Portfolio,Power,HydroCap,0.0066,1,APS,WEO2023,ownership_weight,2028,Listed Equity,Power,Listed Equity,Hydropower,Aligned* Portfolio
Portfolio,Power,NuclearCap,0,1,APS,WEO2023,ownership_weight,2028,Listed Equity,Power,Listed Equity,Nuclear Power,Portfolio
Aligned* Portfolio,Power,NuclearCap,0.0023,1,APS,WEO2023,ownership_weight,2028,Listed Equity,Power,Listed Equity,Nuclear Power,Aligned* Portfolio
Portfolio,Power,OilCap,0.0212,1,APS,WEO2023,ownership_weight,2028,Listed Equity,Power,Listed Equity,Oil Power,Portfolio
Aligned* Portfolio,Power,OilCap,0.0132,1,APS,WEO2023,ownership_weight,2028,Listed Equity,Power,Listed Equity,Oil Power,Aligned* Portfolio
Portfolio,Power,RenewablesCap,0.5931,1,APS,WEO2023,ownership_weight,2028,Listed Equity,Power,Listed Equity,Renewables,Portfolio
Aligned* Portfolio,Power,RenewablesCap,0.5836,1,APS,WEO2023,ownership_weight,2028,Listed Equity,Power,Listed Equity,Renewables,Aligned* Portfolio
Portfolio,Power,CoalCap,0,1,NZE_2050,WEO2023,ownership_weight,2028,Listed Equity,Power,Listed Equity,Coal Power,Portfolio
Aligned* Portfolio,Power,CoalCap,0,1,NZE_2050,WEO2023,ownership_weight,2028,Listed Equity,Power,Listed Equity,Coal Power,Aligned* Portfolio
Portfolio,Power,GasCap,0.3857,1,NZE_2050,WEO2023,ownership_weight,2028,Listed Equity,Power,Listed Equity,Gas Power,Portfolio
Aligned* Portfolio,Power,GasCap,0.3588,1,NZE_2050,WEO2023,ownership_weight,2028,Listed Equity,Power,Listed Equity,Gas Power,Aligned* Portfolio
Portfolio,Power,HydroCap,0,1,NZE_2050,WEO2023,ownership_weight,2028,Listed Equity,Power,Listed Equity,Hydropower,Portfolio
Aligned* Portfolio,Power,HydroCap,0.0102,1,NZE_2050,WEO2023,ownership_weight,2028,Listed Equity,Power,Listed Equity,Hydropower,Aligned* Portfolio
Portfolio,Power,NuclearCap,0,1,NZE_2050,WEO2023,ownership_weight,2028,Listed Equity,Power,Listed Equity,Nuclear Power,Portfolio
Aligned* Portfolio,Power,NuclearCap,0.0034,1,NZE_2050,WEO2023,ownership_weight,2028,Listed Equity,Power,Listed Equity,Nuclear Power,Aligned* Portfolio
Portfolio,Power,OilCap,0.0212,1,NZE_2050,WEO2023,ownership_weight,2028,Listed Equity,Power,Listed Equity,Oil Power,Portfolio
Aligned* Portfolio,Power,OilCap,0.011,1,NZE_2050,WEO2023,ownership_weight,2028,Listed Equity,Power,Listed Equity,Oil Power,Aligned* Portfolio
Portfolio,Power,RenewablesCap,0.5931,1,NZE_2050,WEO2023,ownership_weight,2028,Listed Equity,Power,Listed Equity,Renewables,Portfolio
Aligned* Portfolio,Power,RenewablesCap,0.6166,1,NZE_2050,WEO2023,ownership_weight,2028,Listed Equity,Power,Listed Equity,Renewables,Aligned* Portfolio
Portfolio,Power,CoalCap,0,1,STEPS,WEO2023,ownership_weight,2028,Listed Equity,Power,Listed Equity,Coal Power,Portfolio
Aligned* Portfolio,Power,CoalCap,0,1,STEPS,WEO2023,ownership_weight,2028,Listed Equity,Power,Listed Equity,Coal Power,Aligned* Portfolio
Portfolio,Power,GasCap,0.3857,1,STEPS,WEO2023,ownership_weight,2028,Listed Equity,Power,Listed Equity,Gas Power,Portfolio
Aligned* Portfolio,Power,GasCap,0.4331,1,STEPS,WEO2023,ownership_weight,2028,Listed Equity,Power,Listed Equity,Gas Power,Aligned* Portfolio
Portfolio,Power,HydroCap,0,1,STEPS,WEO2023,ownership_weight,2028,Listed Equity,Power,Listed Equity,Hydropower,Portfolio
Aligned* Portfolio,Power,HydroCap,0.0055,1,STEPS,WEO2023,ownership_weight,2028,Listed Equity,Power,Listed Equity,Hydropower,Aligned* Portfolio
Portfolio,Power,NuclearCap,0,1,STEPS,WEO2023,ownership_weight,2028,Listed Equity,Power,Listed Equity,Nuclear Power,Portfolio
Aligned* Portfolio,Power,NuclearCap,0.002,1,STEPS,WEO2023,ownership_weight,2028,Listed Equity,Power,Listed Equity,Nuclear Power,Aligned* Portfolio
Portfolio,Power,OilCap,0.0212,1,STEPS,WEO2023,ownership_weight,2028,Listed Equity,Power,Listed Equity,Oil Power,Portfolio
Aligned* Portfolio,Power,OilCap,0.0143,1,STEPS,WEO2023,ownership_weight,2028,Listed Equity,Power,Listed Equity,Oil Power,Aligned* Portfolio
Portfolio,Power,RenewablesCap,0.5931,1,STEPS,WEO2023,ownership_weight,2028,Listed Equity,Power,Listed Equity,Renewables,Portfolio
Aligned* Portfolio,Power,RenewablesCap,0.5451,1,STEPS,WEO2023,ownership_weight,2028,Listed Equity,Power,Listed Equity,Renewables,Aligned* Portfolio
