[{"asset_type":"Listed Equity","percentage_value_invested":1,"sector":"Power","perc_asset_val_sector":0},{"asset_type":"Listed Equity","percentage_value_invested":1,"sector":"Automotive","perc_asset_val_sector":0},{"asset_type":"Listed Equity","percentage_value_invested":1,"sector":"Oil&Gas","perc_asset_val_sector":1},{"asset_type":"Listed Equity","percentage_value_invested":1,"sector":"Coal","perc_asset_val_sector":0},{"asset_type":"Listed Equity","percentage_value_invested":1,"sector":"Steel","perc_asset_val_sector":0},{"asset_type":"Listed Equity","percentage_value_invested":1,"sector":"Aviation","perc_asset_val_sector":0},{"asset_type":"Listed Equity","percentage_value_invested":1,"sector":"Cement","perc_asset_val_sector":0}]
