[{"id":"Shell Plc","ald_sector":"Power","technology":"CoalCap","plan_tech_share":0,"port_weight":1,"allocation":"ownership_weight","scenario_source":"GECO2023","scenario":"1.5C","year":2028,"asset_class":"Listed Equity","ald_sector_translation":"Power","asset_class_translation":"Listed Equity","technology_translation":"Coal Power"},{"id":"Shell Plc","ald_sector":"Power","technology":"CoalCap","plan_tech_share":0,"port_weight":1,"allocation":"ownership_weight","scenario_source":"GECO2023","scenario":"NDC-LTS","year":2028,"asset_class":"Listed Equity","ald_sector_translation":"Power","asset_class_translation":"Listed Equity","technology_translation":"Coal Power"},{"id":"Shell Plc","ald_sector":"Power","technology":"CoalCap","plan_tech_share":0,"port_weight":1,"allocation":"ownership_weight","scenario_source":"GECO2023","scenario":"Reference","year":2028,"asset_class":"Listed Equity","ald_sector_translation":"Power","asset_class_translation":"Listed Equity","technology_translation":"Coal Power"},{"id":"Shell Plc","ald_sector":"Power","technology":"CoalCap","plan_tech_share":0,"port_weight":1,"allocation":"ownership_weight","scenario_source":"ISF2023","scenario":"1.5°C","year":2028,"asset_class":"Listed Equity","ald_sector_translation":"Power","asset_class_translation":"Listed Equity","technology_translation":"Coal Power"},{"id":"Shell Plc","ald_sector":"Power","technology":"CoalCap","plan_tech_share":0,"port_weight":1,"allocation":"ownership_weight","scenario_source":"WEO2023","scenario":"APS","year":2028,"asset_class":"Listed Equity","ald_sector_translation":"Power","asset_class_translation":"Listed Equity","technology_translation":"Coal Power"},{"id":"Shell Plc","ald_sector":"Power","technology":"CoalCap","plan_tech_share":0,"port_weight":1,"allocation":"ownership_weight","scenario_source":"WEO2023","scenario":"NZE_2050","year":2028,"asset_class":"Listed Equity","ald_sector_translation":"Power","asset_class_translation":"Listed Equity","technology_translation":"Coal Power"},{"id":"Shell Plc","ald_sector":"Power","technology":"CoalCap","plan_tech_share":0,"port_weight":1,"allocation":"ownership_weight","scenario_source":"WEO2023","scenario":"STEPS","year":2028,"asset_class":"Listed Equity","ald_sector_translation":"Power","asset_class_translation":"Listed Equity","technology_translation":"Coal Power"},{"id":"Shell Plc","ald_sector":"Power","technology":"GasCap","plan_tech_share":0.3857,"port_weight":1,"allocation":"ownership_weight","scenario_source":"GECO2023","scenario":"1.5C","year":2028,"asset_class":"Listed Equity","ald_sector_translation":"Power","asset_class_translation":"Listed Equity","technology_translation":"Gas Power"},{"id":"Shell Plc","ald_sector":"Power","technology":"GasCap","plan_tech_share":0.3857,"port_weight":1,"allocation":"ownership_weight","scenario_source":"GECO2023","scenario":"NDC-LTS","year":2028,"asset_class":"Listed Equity","ald_sector_translation":"Power","asset_class_translation":"Listed Equity","technology_translation":"Gas Power"},{"id":"Shell Plc","ald_sector":"Power","technology":"GasCap","plan_tech_share":0.3857,"port_weight":1,"allocation":"ownership_weight","scenario_source":"GECO2023","scenario":"Reference","year":2028,"asset_class":"Listed Equity","ald_sector_translation":"Power","asset_class_translation":"Listed Equity","technology_translation":"Gas Power"},{"id":"Shell Plc","ald_sector":"Power","technology":"GasCap","plan_tech_share":0.3857,"port_weight":1,"allocation":"ownership_weight","scenario_source":"ISF2023","scenario":"1.5°C","year":2028,"asset_class":"Listed Equity","ald_sector_translation":"Power","asset_class_translation":"Listed Equity","technology_translation":"Gas Power"},{"id":"Shell Plc","ald_sector":"Power","technology":"GasCap","plan_tech_share":0.3857,"port_weight":1,"allocation":"ownership_weight","scenario_source":"WEO2023","scenario":"APS","year":2028,"asset_class":"Listed Equity","ald_sector_translation":"Power","asset_class_translation":"Listed Equity","technology_translation":"Gas Power"},{"id":"Shell Plc","ald_sector":"Power","technology":"GasCap","plan_tech_share":0.3857,"port_weight":1,"allocation":"ownership_weight","scenario_source":"WEO2023","scenario":"NZE_2050","year":2028,"asset_class":"Listed Equity","ald_sector_translation":"Power","asset_class_translation":"Listed Equity","technology_translation":"Gas Power"},{"id":"Shell Plc","ald_sector":"Power","technology":"GasCap","plan_tech_share":0.3857,"port_weight":1,"allocation":"ownership_weight","scenario_source":"WEO2023","scenario":"STEPS","year":2028,"asset_class":"Listed Equity","ald_sector_translation":"Power","asset_class_translation":"Listed Equity","technology_translation":"Gas Power"},{"id":"Shell Plc","ald_sector":"Power","technology":"HydroCap","plan_tech_share":0,"port_weight":1,"allocation":"ownership_weight","scenario_source":"GECO2023","scenario":"1.5C","year":2028,"asset_class":"Listed Equity","ald_sector_translation":"Power","asset_class_translation":"Listed Equity","technology_translation":"Hydropower"},{"id":"Shell Plc","ald_sector":"Power","technology":"HydroCap","plan_tech_share":0,"port_weight":1,"allocation":"ownership_weight","scenario_source":"GECO2023","scenario":"NDC-LTS","year":2028,"asset_class":"Listed Equity","ald_sector_translation":"Power","asset_class_translation":"Listed Equity","technology_translation":"Hydropower"},{"id":"Shell Plc","ald_sector":"Power","technology":"HydroCap","plan_tech_share":0,"port_weight":1,"allocation":"ownership_weight","scenario_source":"GECO2023","scenario":"Reference","year":2028,"asset_class":"Listed Equity","ald_sector_translation":"Power","asset_class_translation":"Listed Equity","technology_translation":"Hydropower"},{"id":"Shell Plc","ald_sector":"Power","technology":"HydroCap","plan_tech_share":0,"port_weight":1,"allocation":"ownership_weight","scenario_source":"ISF2023","scenario":"1.5°C","year":2028,"asset_class":"Listed Equity","ald_sector_translation":"Power","asset_class_translation":"Listed Equity","technology_translation":"Hydropower"},{"id":"Shell Plc","ald_sector":"Power","technology":"HydroCap","plan_tech_share":0,"port_weight":1,"allocation":"ownership_weight","scenario_source":"WEO2023","scenario":"APS","year":2028,"asset_class":"Listed Equity","ald_sector_translation":"Power","asset_class_translation":"Listed Equity","technology_translation":"Hydropower"},{"id":"Shell Plc","ald_sector":"Power","technology":"HydroCap","plan_tech_share":0,"port_weight":1,"allocation":"ownership_weight","scenario_source":"WEO2023","scenario":"NZE_2050","year":2028,"asset_class":"Listed Equity","ald_sector_translation":"Power","asset_class_translation":"Listed Equity","technology_translation":"Hydropower"},{"id":"Shell Plc","ald_sector":"Power","technology":"HydroCap","plan_tech_share":0,"port_weight":1,"allocation":"ownership_weight","scenario_source":"WEO2023","scenario":"STEPS","year":2028,"asset_class":"Listed Equity","ald_sector_translation":"Power","asset_class_translation":"Listed Equity","technology_translation":"Hydropower"},{"id":"Shell Plc","ald_sector":"Power","technology":"NuclearCap","plan_tech_share":0,"port_weight":1,"allocation":"ownership_weight","scenario_source":"GECO2023","scenario":"1.5C","year":2028,"asset_class":"Listed Equity","ald_sector_translation":"Power","asset_class_translation":"Listed Equity","technology_translation":"Nuclear Power"},{"id":"Shell Plc","ald_sector":"Power","technology":"NuclearCap","plan_tech_share":0,"port_weight":1,"allocation":"ownership_weight","scenario_source":"GECO2023","scenario":"NDC-LTS","year":2028,"asset_class":"Listed Equity","ald_sector_translation":"Power","asset_class_translation":"Listed Equity","technology_translation":"Nuclear Power"},{"id":"Shell Plc","ald_sector":"Power","technology":"NuclearCap","plan_tech_share":0,"port_weight":1,"allocation":"ownership_weight","scenario_source":"GECO2023","scenario":"Reference","year":2028,"asset_class":"Listed Equity","ald_sector_translation":"Power","asset_class_translation":"Listed Equity","technology_translation":"Nuclear Power"},{"id":"Shell Plc","ald_sector":"Power","technology":"NuclearCap","plan_tech_share":0,"port_weight":1,"allocation":"ownership_weight","scenario_source":"ISF2023","scenario":"1.5°C","year":2028,"asset_class":"Listed Equity","ald_sector_translation":"Power","asset_class_translation":"Listed Equity","technology_translation":"Nuclear Power"},{"id":"Shell Plc","ald_sector":"Power","technology":"NuclearCap","plan_tech_share":0,"port_weight":1,"allocation":"ownership_weight","scenario_source":"WEO2023","scenario":"APS","year":2028,"asset_class":"Listed Equity","ald_sector_translation":"Power","asset_class_translation":"Listed Equity","technology_translation":"Nuclear Power"},{"id":"Shell Plc","ald_sector":"Power","technology":"NuclearCap","plan_tech_share":0,"port_weight":1,"allocation":"ownership_weight","scenario_source":"WEO2023","scenario":"NZE_2050","year":2028,"asset_class":"Listed Equity","ald_sector_translation":"Power","asset_class_translation":"Listed Equity","technology_translation":"Nuclear Power"},{"id":"Shell Plc","ald_sector":"Power","technology":"NuclearCap","plan_tech_share":0,"port_weight":1,"allocation":"ownership_weight","scenario_source":"WEO2023","scenario":"STEPS","year":2028,"asset_class":"Listed Equity","ald_sector_translation":"Power","asset_class_translation":"Listed Equity","technology_translation":"Nuclear Power"},{"id":"Shell Plc","ald_sector":"Power","technology":"OilCap","plan_tech_share":0.0212,"port_weight":1,"allocation":"ownership_weight","scenario_source":"GECO2023","scenario":"1.5C","year":2028,"asset_class":"Listed Equity","ald_sector_translation":"Power","asset_class_translation":"Listed Equity","technology_translation":"Oil Power"},{"id":"Shell Plc","ald_sector":"Power","technology":"OilCap","plan_tech_share":0.0212,"port_weight":1,"allocation":"ownership_weight","scenario_source":"GECO2023","scenario":"NDC-LTS","year":2028,"asset_class":"Listed Equity","ald_sector_translation":"Power","asset_class_translation":"Listed Equity","technology_translation":"Oil Power"},{"id":"Shell Plc","ald_sector":"Power","technology":"OilCap","plan_tech_share":0.0212,"port_weight":1,"allocation":"ownership_weight","scenario_source":"GECO2023","scenario":"Reference","year":2028,"asset_class":"Listed Equity","ald_sector_translation":"Power","asset_class_translation":"Listed Equity","technology_translation":"Oil Power"},{"id":"Shell Plc","ald_sector":"Power","technology":"OilCap","plan_tech_share":0.0212,"port_weight":1,"allocation":"ownership_weight","scenario_source":"ISF2023","scenario":"1.5°C","year":2028,"asset_class":"Listed Equity","ald_sector_translation":"Power","asset_class_translation":"Listed Equity","technology_translation":"Oil Power"},{"id":"Shell Plc","ald_sector":"Power","technology":"OilCap","plan_tech_share":0.0212,"port_weight":1,"allocation":"ownership_weight","scenario_source":"WEO2023","scenario":"APS","year":2028,"asset_class":"Listed Equity","ald_sector_translation":"Power","asset_class_translation":"Listed Equity","technology_translation":"Oil Power"},{"id":"Shell Plc","ald_sector":"Power","technology":"OilCap","plan_tech_share":0.0212,"port_weight":1,"allocation":"ownership_weight","scenario_source":"WEO2023","scenario":"NZE_2050","year":2028,"asset_class":"Listed Equity","ald_sector_translation":"Power","asset_class_translation":"Listed Equity","technology_translation":"Oil Power"},{"id":"Shell Plc","ald_sector":"Power","technology":"OilCap","plan_tech_share":0.0212,"port_weight":1,"allocation":"ownership_weight","scenario_source":"WEO2023","scenario":"STEPS","year":2028,"asset_class":"Listed Equity","ald_sector_translation":"Power","asset_class_translation":"Listed Equity","technology_translation":"Oil Power"},{"id":"Shell Plc","ald_sector":"Power","technology":"RenewablesCap","plan_tech_share":0.5931,"port_weight":1,"allocation":"ownership_weight","scenario_source":"GECO2023","scenario":"1.5C","year":2028,"asset_class":"Listed Equity","ald_sector_translation":"Power","asset_class_translation":"Listed Equity","technology_translation":"Renewables"},{"id":"Shell Plc","ald_sector":"Power","technology":"RenewablesCap","plan_tech_share":0.5931,"port_weight":1,"allocation":"ownership_weight","scenario_source":"GECO2023","scenario":"NDC-LTS","year":2028,"asset_class":"Listed Equity","ald_sector_translation":"Power","asset_class_translation":"Listed Equity","technology_translation":"Renewables"},{"id":"Shell Plc","ald_sector":"Power","technology":"RenewablesCap","plan_tech_share":0.5931,"port_weight":1,"allocation":"ownership_weight","scenario_source":"GECO2023","scenario":"Reference","year":2028,"asset_class":"Listed Equity","ald_sector_translation":"Power","asset_class_translation":"Listed Equity","technology_translation":"Renewables"},{"id":"Shell Plc","ald_sector":"Power","technology":"RenewablesCap","plan_tech_share":0.5931,"port_weight":1,"allocation":"ownership_weight","scenario_source":"ISF2023","scenario":"1.5°C","year":2028,"asset_class":"Listed Equity","ald_sector_translation":"Power","asset_class_translation":"Listed Equity","technology_translation":"Renewables"},{"id":"Shell Plc","ald_sector":"Power","technology":"RenewablesCap","plan_tech_share":0.5931,"port_weight":1,"allocation":"ownership_weight","scenario_source":"WEO2023","scenario":"APS","year":2028,"asset_class":"Listed Equity","ald_sector_translation":"Power","asset_class_translation":"Listed Equity","technology_translation":"Renewables"},{"id":"Shell Plc","ald_sector":"Power","technology":"RenewablesCap","plan_tech_share":0.5931,"port_weight":1,"allocation":"ownership_weight","scenario_source":"WEO2023","scenario":"NZE_2050","year":2028,"asset_class":"Listed Equity","ald_sector_translation":"Power","asset_class_translation":"Listed Equity","technology_translation":"Renewables"},{"id":"Shell Plc","ald_sector":"Power","technology":"RenewablesCap","plan_tech_share":0.5931,"port_weight":1,"allocation":"ownership_weight","scenario_source":"WEO2023","scenario":"STEPS","year":2028,"asset_class":"Listed Equity","ald_sector_translation":"Power","asset_class_translation":"Listed Equity","technology_translation":"Renewables"}]
