[{"key":"Automotive","value":107474.3336,"exploded":true,"key_translation":"Automotive"},{"key":"Aviation","value":55798.059,"exploded":true,"key_translation":"Aviation"},{"key":"Cement","value":984629.4482,"exploded":true,"key_translation":"Cement"},{"key":"Coal","value":143820.2093,"exploded":true,"key_translation":"Coal"},{"key":"Oil&Gas","value":77008.2855,"exploded":true,"key_translation":"Oil&Gas"},{"key":"Power","value":36668.0797,"exploded":true,"key_translation":"Power"},{"key":"Steel","value":104336.5987,"exploded":true,"key_translation":"Steel"},{"key":"HDV","value":434934.0202,"exploded":false,"key_translation":"HDV"},{"key":"Shipping","value":89652.7237,"exploded":false,"key_translation":"Shipping"}]
